{
    "pools": [
        {
            "entries": [
                {
                    "type": "minecraft:item",
                    "name": "minecraft:egg"
                }
            ],
            "rolls": 1
        },
        {
            "entries": [
                {
                    "type": "minecraft:item",
                    "name": "minecraft:dirt"
                }
            ],
            "rolls": 1
        },
        {
            "entries": [
                {
                    "type": "minecraft:item",
                    "name": "minecraft:emerald"
                }
            ],
            "rolls": 1
        }
    ],
    "functions":[
        {
            "function": "minecraft:set_count",
            "count": 1
        }
    ]
}