{
    "condition": "alternative",
    "terms": [
        {
            "condition": "value_check",
            "value": {
                "type": "score",
                "score": "n2u.Chestmenu",
                "target": "this"
            },
            "range": 10100
        },
        {
            "condition": "value_check",
            "value": {
                "type": "score",
                "score": "n2u.Chestmenu",
                "target": "this"
            },
            "range": 10200
        },
        {
            "condition": "value_check",
            "value": {
                "type": "score",
                "score": "n2u.Chestmenu",
                "target": "this"
            },
            "range": 10300
        },
        {
            "condition": "value_check",
            "value": {
                "type": "score",
                "score": "n2u.Chestmenu",
                "target": "this"
            },
            "range": 10400
        },
        {
            "condition": "value_check",
            "value": {
                "type": "score",
                "score": "n2u.Chestmenu",
                "target": "this"
            },
            "range": 10500
        },
        {
            "condition": "value_check",
            "value": {
                "type": "score",
                "score": "n2u.Chestmenu",
                "target": "this"
            },
            "range": 10600
        },
        {
            "condition": "value_check",
            "value": {
                "type": "score",
                "score": "n2u.Chestmenu",
                "target": "this"
            },
            "range": 10700
        },
        {
            "condition": "value_check",
            "value": {
                "type": "score",
                "score": "n2u.Chestmenu",
                "target": "this"
            },
            "range": 10800
        },
        {
            "condition": "value_check",
            "value": {
                "type": "score",
                "score": "n2u.Chestmenu",
                "target": "this"
            },
            "range": 10900
        },
        
        {
            "condition": "value_check",
            "value": {
                "type": "score",
                "score": "n2u.Chestmenu",
                "target": "this"
            },
            "range": 200
        },
        {
            "condition": "value_check",
            "value": {
                "type": "score",
                "score": "n2u.Chestmenu",
                "target": "this"
            },
            "range": 300
        },
        {
            "condition": "value_check",
            "value": {
                "type": "score",
                "score": "n2u.Chestmenu",
                "target": "this"
            },
            "range": 400
        },
        {
            "condition": "value_check",
            "value": {
                "type": "score",
                "score": "n2u.Chestmenu",
                "target": "this"
            },
            "range": 500
        },
        {
            "condition": "value_check",
            "value": {
                "type": "score",
                "score": "n2u.Chestmenu",
                "target": "this"
            },
            "range": 600
        },
        {
            "condition": "value_check",
            "value": {
                "type": "score",
                "score": "n2u.Chestmenu",
                "target": "this"
            },
            "range": 700
        }
    ]
}