{
    "pools": [
        {
            "rolls": 1,
            "entries": [
                {
                    "type": "item",
                    "name": "minecraft:written_book",
                    "functions": [
                        {
                            "function": "set_name",
                            "name": "§9操作菜单"
                        },
                        {
                            "function": "set_nbt",
                            "tag": "{author:\"NekkiOwO\",title:\"操作菜单\",\"pages\": [ '[{\"text\":\"§11. 末影箱菜单:\n\"},{ \"text\": \"§1> 主要功能: \", \"hoverEvent\": { \"action\": \"show_text\", \"value\": \"决定是否关闭末影箱菜单的所有功能\" } }, { \"text\": \"§2[开启]\", \"clickEvent\": { \"action\": \"run_command\", \"value\": \"/function n2u.chestmenu:enable\" } }, \"  \", { \"text\": \"§c[关闭]\n\", \"clickEvent\": { \"action\": \"run_command\", \"value\": \"/function n2u.chestmenu:disable\" } }, { \"text\": \"\" }, { \"text\": \"§1> 自动切换: \", \"hoverEvent\": { \"action\": \"show_text\", \"value\": \"决定由生存切换到创造时\n是否会自动切换末影箱的内容\" } }, { \"text\": \"§2[开启]\", \"clickEvent\": { \"action\": \"run_command\", \"value\": \"/scoreboard players set $AutoToggle n2u.Chestmenu 1\" } }, \"  \", { \"text\": \"§c[关闭]\n\", \"clickEvent\": { \"action\": \"run_command\", \"value\": \"/scoreboard players set $AutoToggle n2u.Chestmenu 0\" } }, { \"text\": \"\" }, { \"text\": \"§1> 操作间隔: \", \"hoverEvent\": { \"action\": \"show_text\", \"value\": \"决定切换页面的操作间隔\n该项间隔时间至少为0.5s!\" } }, { \"text\": \"§2+0.5s\", \"clickEvent\": { \"action\": \"run_command\", \"value\": \"/function n2u:menu/menu-addgap\" } }, \"  \", { \"text\": \"§c-0.5s\n\", \"clickEvent\": { \"action\": \"run_command\", \"value\": \"/function n2u:menu/menu-remgap\" } }]' ]}"
                        }
                    ]
                }
            ]
        }
    ],
    "pages": [
        [
            { "text": "§1> 主要功能: ", "hoverEvent": { "action": "show_text", "value": "决定是否关闭末影箱菜单的所有功能" } }, { "text": "§2[开启]", "clickEvent": { "action": "run_command", "value": "/function n2u.chestmenu:enable" } }, { "text": "§4[关闭]\n", "clickEvent": { "action": "run_command", "value": "/function n2u.chestmenu:disable" } }, { "text": "" }, { "text": "§1> 自动切换: ", "hoverEvent": { "action": "show_text", "value": "决定由生存切换到创造时\n是否会自动切换末影箱的内容" } }, { "text": "§2[开启]", "clickEvent": { "action": "run_command", "value": "/scoreboard players set $AutoToggle n2u.Chestmenu 1" } }, "  ", { "text": "§c[关闭]\n", "clickEvent": { "action": "run_command", "value": "/scoreboard players set $AutoToggle n2u.Chestmenu 0" } }, { "text": "" }, { "text": "§1> 操作间隔: ", "hoverEvent": { "action": "show_text", "value": "决定切换页面的操作间隔\n该项间隔时间至少为0.5s!" } }, { "text": "§2+0.5s", "clickEvent": { "action": "run_command", "value": "/function n2u:menu/menu-addgap" } }, "  ", { "text": "§c-0.5s\n", "clickEvent": { "action": "run_command", "value": "/function n2u:menu/menu-remgap" } }
        ]
    ]
}