{
	"credit": "Made by YSBB with Blockbench",
	"texture_size": [32, 32],
	"textures": {
		"0": "item/105"
	},
	"elements": [
		{
			"from": [7, 0, 7],
			"to": [9, 4, 9],
			"faces": {
				"north": {"uv": [11.5, 14, 12.5, 16], "texture": "#0"},
				"east": {"uv": [11.5, 14, 12.5, 16], "texture": "#0"},
				"south": {"uv": [11.5, 14, 12.5, 16], "texture": "#0"},
				"west": {"uv": [11.5, 14, 12.5, 16], "texture": "#0"},
				"up": {"uv": [11.5, 14, 12.5, 15], "texture": "#0"},
				"down": {"uv": [11.5, 14, 12.5, 15], "texture": "#0"}
			}
		},
		{
			"from": [4, 4, 4],
			"to": [12, 6, 12],
			"faces": {
				"north": {"uv": [11, 9.5, 15, 10.5], "texture": "#0"},
				"east": {"uv": [12, 13, 16, 14], "texture": "#0"},
				"south": {"uv": [11.5, 11, 15.5, 12], "texture": "#0"},
				"west": {"uv": [10.5, 10, 14.5, 11], "texture": "#0"},
				"up": {"uv": [11.5, 8.5, 15.5, 12.5], "texture": "#0"},
				"down": {"uv": [11.5, 15, 12.5, 16], "texture": "#0"}
			}
		},
		{
			"from": [5, 6, 5],
			"to": [11, 9, 11],
			"faces": {
				"north": {"uv": [12.5, 10.5, 15.5, 12], "texture": "#0"},
				"east": {"uv": [10.5, 8, 13.5, 9.5], "texture": "#0"},
				"south": {"uv": [13, 10.5, 16, 12], "texture": "#0"},
				"west": {"uv": [10.5, 8, 13.5, 9.5], "texture": "#0"},
				"up": {"uv": [10.5, 8, 13.5, 11], "texture": "#0"},
				"down": {"uv": [10.5, 8, 13.5, 11], "texture": "#0"}
			}
		}
	],
	"display": {
		"thirdperson_righthand": {
			"rotation": [75, 45, 0],
			"translation": [0, 2, 3],
			"scale": [0.75, 0.75, 0.75]
		},
		"thirdperson_lefthand": {
			"rotation": [75, 45, 0],
			"translation": [0, 2, 3],
			"scale": [0.75, 0.75, 0.75]
		},
		"firstperson_righthand": {
			"rotation": [0, -90, 25],
			"translation": [1.13, 4.5, 1.13],
			"scale": [0.5, 0.5, 0.5]
		},
		"firstperson_lefthand": {
			"rotation": [0, -90, 25],
			"translation": [1.13, 4.5, 1.13],
			"scale": [0.5, 0.5, 0.5]
		},
		"ground": {
			"translation": [0, 5, 0]
		},
		"gui": {
			"rotation": [30, 225, 0],
			"translation": [0, -0.25, 0]
		},
		"head": {
			"translation": [0, 13.25, -0.5]
		},
		"fixed": {
			"rotation": [-90, 170, 0],
			"translation": [0, 0, -13],
			"scale": [1.8, 1.8, 1.8]
		}
	}
}