{
	"credit": "Made with Blockbench",
	"texture_size": [32, 32],
	"textures": {
		"0": "item/122",
		"particle": "item/122"
	},
	"elements": [
		{
			"from": [4, 0, 4],
			"to": [12, 4, 12],
			"faces": {
				"north": {"uv": [4, 4, 8, 6], "texture": "#0"},
				"east": {"uv": [0, 4, 4, 6], "texture": "#0"},
				"south": {"uv": [12, 4, 16, 6], "texture": "#0"},
				"west": {"uv": [8, 4, 12, 6], "texture": "#0"},
				"up": {"uv": [8, 4, 4, 0], "texture": "#0"}
			}
		},
		{
			"from": [3.65, 0.2, 3.65],
			"to": [12.35, 1.2, 12.35],
			"faces": {
				"north": {"uv": [4, 5.5, 8.5, 6], "texture": "#0"},
				"east": {"uv": [0, 5.5, 4.5, 6], "texture": "#0"},
				"south": {"uv": [12, 5.5, 16, 6], "texture": "#0"},
				"west": {"uv": [8, 5.5, 12.5, 6], "texture": "#0"},
				"up": {"uv": [8.5, 6, 4.5, 5.5], "texture": "#0"}
			}
		},
		{
			"from": [2, 0, 0],
			"to": [7, 0.25, 1],
			"faces": {
				"north": {"uv": [9, 8, 11.5, 8.25], "texture": "#0"},
				"east": {"uv": [9, 8, 9.5, 8.25], "texture": "#0"},
				"south": {"uv": [9, 8, 11.5, 8.25], "texture": "#0"},
				"west": {"uv": [9, 8, 9.5, 8.25], "texture": "#0"},
				"up": {"uv": [9, 8, 11.5, 8.5], "texture": "#0"},
				"down": {"uv": [9, 8, 11.5, 8.5], "texture": "#0"}
			}
		},
		{
			"from": [14, 0, 1],
			"to": [15, 0.25, 3],
			"faces": {
				"north": {"uv": [15, 8.5, 15.5, 8.75], "texture": "#0"},
				"east": {"uv": [15, 8.5, 15.25, 9.5], "rotation": 90, "texture": "#0"},
				"south": {"uv": [15, 8.5, 15.5, 8.75], "texture": "#0"},
				"west": {"uv": [15, 8.5, 15.25, 9.5], "rotation": 90, "texture": "#0"},
				"up": {"uv": [15, 8.5, 15.5, 9.5], "texture": "#0"},
				"down": {"uv": [14, 8, 15, 8.5], "rotation": 90, "texture": "#0"}
			}
		},
		{
			"from": [15, 0, 3],
			"to": [16, 0.25, 14],
			"faces": {
				"north": {"uv": [15.5, 9.5, 16, 9.75], "texture": "#0"},
				"east": {"uv": [15.5, 9.5, 15.75, 15], "rotation": 90, "texture": "#0"},
				"south": {"uv": [15.5, 9.5, 16, 9.75], "texture": "#0"},
				"west": {"uv": [15.5, 9.5, 15.75, 15], "rotation": 90, "texture": "#0"},
				"up": {"uv": [15.5, 9.5, 16, 15], "texture": "#0"},
				"down": {"uv": [15.5, 9.5, 16, 15], "texture": "#0"}
			}
		},
		{
			"from": [14, 0, 14],
			"to": [15, 0.25, 15],
			"faces": {
				"north": {"uv": [15, 15, 15.5, 15.25], "texture": "#0"},
				"east": {"uv": [15, 15, 15.5, 15.25], "texture": "#0"},
				"south": {"uv": [15, 15, 15.5, 15.25], "texture": "#0"},
				"west": {"uv": [15, 15, 15.5, 15.25], "texture": "#0"},
				"up": {"uv": [15, 15, 15.5, 15.5], "texture": "#0"},
				"down": {"uv": [15, 15, 15.5, 15.5], "texture": "#0"}
			}
		},
		{
			"from": [13, 0, 15],
			"to": [14, 0.25, 16],
			"faces": {
				"north": {"uv": [14.5, 15.5, 15, 15.75], "texture": "#0"},
				"east": {"uv": [14.5, 15.5, 15, 15.75], "texture": "#0"},
				"south": {"uv": [14.5, 15.5, 15, 15.75], "texture": "#0"},
				"west": {"uv": [14.5, 15.5, 15, 15.75], "texture": "#0"},
				"up": {"uv": [14.5, 15.5, 15, 16], "texture": "#0"},
				"down": {"uv": [14.5, 15.5, 15, 16], "texture": "#0"}
			}
		},
		{
			"from": [0, 0, 10],
			"to": [1, 0.25, 14],
			"faces": {
				"north": {"uv": [8, 13, 8.5, 13.25], "texture": "#0"},
				"east": {"uv": [8, 13, 8.25, 15], "rotation": 90, "texture": "#0"},
				"south": {"uv": [8, 13, 8.5, 13.25], "texture": "#0"},
				"west": {"uv": [8, 13, 8.25, 15], "rotation": 90, "texture": "#0"},
				"up": {"uv": [8, 13, 8.5, 15], "texture": "#0"},
				"down": {"uv": [8, 13, 8.5, 15], "texture": "#0"}
			}
		},
		{
			"from": [1, 0, 14],
			"to": [2, 0.25, 15],
			"faces": {
				"north": {"uv": [8.5, 15, 9, 15.25], "texture": "#0"},
				"east": {"uv": [8.5, 15, 9, 15.25], "texture": "#0"},
				"south": {"uv": [8.5, 15, 9, 15.25], "texture": "#0"},
				"west": {"uv": [8.5, 15, 9, 15.25], "texture": "#0"},
				"up": {"uv": [8.5, 15, 9, 15.5], "texture": "#0"},
				"down": {"uv": [8.5, 15, 9, 15.5], "texture": "#0"}
			}
		},
		{
			"from": [0, 0, 8],
			"to": [1, 0.25, 9],
			"faces": {
				"north": {"uv": [8, 12, 8.5, 12.25], "texture": "#0"},
				"east": {"uv": [8, 12, 8.5, 12.25], "texture": "#0"},
				"south": {"uv": [8, 12, 8.5, 12.25], "texture": "#0"},
				"west": {"uv": [8, 12, 8.5, 12.25], "texture": "#0"},
				"up": {"uv": [8, 12, 8.5, 12.5], "texture": "#0"},
				"down": {"uv": [8, 12, 8.5, 12.5], "texture": "#0"}
			}
		},
		{
			"from": [0, 0, 2],
			"to": [1, 0.25, 7],
			"faces": {
				"north": {"uv": [8, 9, 8.5, 9.25], "texture": "#0"},
				"east": {"uv": [8, 9, 8.25, 11.5], "rotation": 90, "texture": "#0"},
				"south": {"uv": [8, 9, 8.5, 9.25], "texture": "#0"},
				"west": {"uv": [8, 9, 8.25, 11.5], "rotation": 90, "texture": "#0"},
				"up": {"uv": [8, 9, 8.5, 11.5], "texture": "#0"},
				"down": {"uv": [8, 9, 8.5, 11.5], "texture": "#0"}
			}
		},
		{
			"from": [11, 0, 15],
			"to": [12, 0.25, 16],
			"faces": {
				"north": {"uv": [13.5, 15.5, 14, 15.75], "texture": "#0"},
				"east": {"uv": [13.5, 15.5, 14, 15.75], "texture": "#0"},
				"south": {"uv": [13.5, 15.5, 14, 15.75], "texture": "#0"},
				"west": {"uv": [13.5, 15.5, 14, 15.75], "texture": "#0"},
				"up": {"uv": [13.5, 15.5, 14, 16], "texture": "#0"},
				"down": {"uv": [13.5, 15.5, 14, 16], "texture": "#0"}
			}
		},
		{
			"from": [2, 0, 15],
			"to": [10, 0.25, 16],
			"faces": {
				"east": {"uv": [9, 15.5, 9.5, 15.75], "texture": "#0"},
				"south": {"uv": [9, 15.5, 13, 15.75], "texture": "#0"},
				"west": {"uv": [9, 15.5, 9.5, 15.75], "texture": "#0"},
				"up": {"uv": [9, 15.5, 13, 16], "texture": "#0"},
				"down": {"uv": [9, 15.5, 13, 16], "texture": "#0"}
			}
		},
		{
			"from": [10, 0, 0],
			"to": [14, 0.25, 1],
			"faces": {
				"north": {"uv": [13, 8, 15, 8.25], "texture": "#0"},
				"east": {"uv": [13, 8, 13.5, 8.25], "texture": "#0"},
				"west": {"uv": [13, 8, 13.5, 8.25], "texture": "#0"},
				"up": {"uv": [13, 8, 15, 8.5], "texture": "#0"},
				"down": {"uv": [13, 8, 15, 8.5], "texture": "#0"}
			}
		},
		{
			"from": [8, 0, 0],
			"to": [9, 0.25, 1],
			"faces": {
				"north": {"uv": [12, 8, 12.5, 8.25], "texture": "#0"},
				"east": {"uv": [12, 8, 12.5, 8.25], "texture": "#0"},
				"south": {"uv": [12, 8, 12.5, 8.25], "texture": "#0"},
				"west": {"uv": [12, 8, 12.5, 8.25], "texture": "#0"},
				"up": {"uv": [12, 8, 12.5, 8.5], "texture": "#0"},
				"down": {"uv": [12, 8, 12.5, 8.5], "texture": "#0"}
			}
		},
		{
			"from": [1, 0, 1],
			"to": [2, 0.25, 2],
			"faces": {
				"north": {"uv": [8.5, 8.5, 9, 8.75], "texture": "#0"},
				"east": {"uv": [8.5, 8.5, 9, 8.75], "texture": "#0"},
				"south": {"uv": [8.5, 8.5, 9, 8.75], "texture": "#0"},
				"west": {"uv": [8.5, 8.5, 9, 8.75], "texture": "#0"},
				"up": {"uv": [8.5, 8.5, 9, 9], "texture": "#0"},
				"down": {"uv": [8.5, 8.5, 9, 9], "texture": "#0"}
			}
		},
		{
			"from": [2, 0, 1],
			"to": [14, 0.25, 15],
			"faces": {
				"north": {"uv": [9, 8.5, 15, 8.75], "texture": "#0"},
				"south": {"uv": [0, 0, 6, 0.25], "texture": "#0"},
				"up": {"uv": [9, 8.5, 15, 15.5], "texture": "#0"},
				"down": {"uv": [9, 15.5, 15, 8.5], "texture": "#0"}
			}
		},
		{
			"from": [1, 0, 2],
			"to": [15, 0.25, 14],
			"faces": {
				"west": {"uv": [8.5, 8, 14.5, 8.25], "texture": "#0"},
				"up": {"uv": [8.5, 9, 15.5, 15], "texture": "#0"},
				"down": {"uv": [8.5, 15, 15.5, 9], "texture": "#0"}
			}
		},
		{
			"from": [14, 0, 1],
			"to": [13, 0.25, 2],
			"faces": {
				"north": {"uv": [7, 0.5, 7.5, 0.75], "texture": "#0"},
				"east": {"uv": [7, 0.5, 7.5, 0.75], "texture": "#0"},
				"south": {"uv": [7, 0.5, 7.5, 0.75], "texture": "#0"},
				"west": {"uv": [7, 0.5, 7.5, 0.75], "texture": "#0"}
			}
		},
		{
			"from": [12, 0, 14],
			"to": [11, 0.25, 15],
			"faces": {
				"north": {"uv": [7, 0.5, 7.5, 0.75], "texture": "#0"},
				"east": {"uv": [7, 0.5, 7.5, 0.75], "texture": "#0"},
				"south": {"uv": [7, 0.5, 7.5, 0.75], "texture": "#0"},
				"west": {"uv": [7, 0.5, 7.5, 0.75], "texture": "#0"}
			}
		},
		{
			"from": [7, 0, 13],
			"to": [6, 0.25, 14],
			"faces": {
				"north": {"uv": [7, 0.5, 7.5, 0.75], "texture": "#0"},
				"east": {"uv": [7, 0.5, 7.5, 0.75], "texture": "#0"},
				"south": {"uv": [7, 0.5, 7.5, 0.75], "texture": "#0"},
				"west": {"uv": [7, 0.5, 7.5, 0.75], "texture": "#0"}
			}
		},
		{
			"from": [6, 0, 14],
			"to": [5, 0.25, 15],
			"faces": {
				"north": {"uv": [7, 0.5, 7.5, 0.75], "texture": "#0"},
				"east": {"uv": [7, 0.5, 7.5, 0.75], "texture": "#0"},
				"south": {"uv": [7, 0.5, 7.5, 0.75], "texture": "#0"},
				"west": {"uv": [7, 0.5, 7.5, 0.75], "texture": "#0"}
			}
		}
	],
	"display": {
		"thirdperson_righthand": {
			"rotation": [75, 45, 0],
			"translation": [0, 2, 3],
			"scale": [0.75, 0.75, 0.75]
		},
		"thirdperson_lefthand": {
			"rotation": [75, 45, 0],
			"translation": [0, 2, 3],
			"scale": [0.75, 0.75, 0.75]
		},
		"firstperson_righthand": {
			"rotation": [0, -90, 25],
			"translation": [1.13, 7, 1.13],
			"scale": [0.68, 0.68, 0.68]
		},
		"firstperson_lefthand": {
			"rotation": [0, -90, 25],
			"translation": [1.13, 7, 1.13],
			"scale": [0.68, 0.68, 0.68]
		},
		"ground": {
			"translation": [0, 5, 0]
		},
		"gui": {
			"rotation": [30, 225, 0],
			"translation": [0, 4.5, 0],
			"scale": [0.8, 0.8, 0.8]
		},
		"head": {
			"rotation": [5, 0, 0],
			"translation": [0, 16.5, 1],
			"scale": [1.88, 1.88, 1.88]
		},
		"fixed": {
			"rotation": [-90, 170, 0],
			"translation": [0, 0, -17.75],
			"scale": [2.2, 2.2, 2.2]
		}
	},
	"groups": [
		{
			"name": "group",
			"origin": [0, 0, 0],
			"color": 0,
			"children": [0, 1]
		},
		{
			"name": "group",
			"origin": [0, 0, 0],
			"color": 0,
			"children": [2, 3, 4, 5, 6, 7, 8, 9, 10, 11, 12, 13, 14, 15, 16, 17]
		},
		18,
		19,
		20,
		21
	]
}