{
	"credit": "Made with Blockbench",
	"texture_size": [32, 32],
	"textures": {
		"0": "item/124",
		"particle": "item/124"
	},
	"elements": [
		{
			"from": [2, -0.75, 3],
			"to": [14, -0.25, 12],
			"faces": {
				"north": {"uv": [10, 11, 16, 11.5], "texture": "#0"},
				"east": {"uv": [10, 11, 16, 11.5], "texture": "#0"},
				"south": {"uv": [10, 14.5, 16, 15], "texture": "#0"},
				"west": {"uv": [10, 14.5, 16, 15], "texture": "#0"},
				"up": {"uv": [10, 11, 16, 15], "texture": "#0"},
				"down": {"uv": [10, 11, 16, 15], "texture": "#0"}
			}
		},
		{
			"from": [4, -0.75, 1],
			"to": [12, -0.25, 14],
			"faces": {
				"north": {"uv": [10, 11, 16, 11.5], "texture": "#0"},
				"east": {"uv": [10, 11, 16, 11.5], "texture": "#0"},
				"south": {"uv": [10, 14.5, 16, 15], "texture": "#0"},
				"west": {"uv": [10, 14.5, 16, 15], "texture": "#0"},
				"up": {"uv": [11, 10, 15, 16], "texture": "#0"},
				"down": {"uv": [11, 10, 15, 16], "texture": "#0"}
			}
		},
		{
			"from": [4, 0, 3],
			"to": [12, 4, 12],
			"faces": {
				"north": {"uv": [4, 4, 8, 6.5], "texture": "#0"},
				"east": {"uv": [0, 4, 4, 6.5], "texture": "#0"},
				"south": {"uv": [12, 4, 16, 6.5], "texture": "#0"},
				"west": {"uv": [8, 4, 12, 6.5], "texture": "#0"},
				"up": {"uv": [4, 4, 8, 0], "texture": "#0"}
			}
		},
		{
			"from": [3.74, -0.26, 2.74],
			"to": [12.26, 2.26, 12.26],
			"faces": {
				"north": {"uv": [4, 6.5, 8, 8], "texture": "#0"},
				"east": {"uv": [0, 6.5, 4, 8], "texture": "#0"},
				"south": {"uv": [12, 6.5, 16, 8], "texture": "#0"},
				"west": {"uv": [8, 6.5, 12, 8], "texture": "#0"},
				"up": {"uv": [4, 0, 8, 4], "texture": "#0"}
			}
		},
		{
			"from": [3, -0.75, 2],
			"to": [4, -0.25, 3],
			"faces": {
				"north": {"uv": [11, 10, 11.5, 10.25], "texture": "#0"},
				"east": {"uv": [11, 10, 11.5, 10.25], "texture": "#0"},
				"south": {"uv": [11, 10, 11.5, 10.25], "texture": "#0"},
				"west": {"uv": [11, 10, 11.5, 10.25], "texture": "#0"},
				"up": {"uv": [11, 10, 11.5, 10.5], "texture": "#0"},
				"down": {"uv": [11, 10, 11.5, 10.5], "texture": "#0"}
			}
		},
		{
			"from": [3, -0.75, 12],
			"to": [4, -0.25, 13],
			"faces": {
				"north": {"uv": [11, 10, 11.5, 10.25], "texture": "#0"},
				"east": {"uv": [11, 10, 11.5, 10.25], "texture": "#0"},
				"south": {"uv": [11, 10, 11.5, 10.25], "texture": "#0"},
				"west": {"uv": [11, 10, 11.5, 10.25], "texture": "#0"},
				"up": {"uv": [11, 10, 11.5, 10.5], "texture": "#0"},
				"down": {"uv": [11, 10, 11.5, 10.5], "texture": "#0"}
			}
		},
		{
			"from": [12, -0.75, 12],
			"to": [13, -0.25, 13],
			"faces": {
				"north": {"uv": [11, 10, 11.5, 10.25], "texture": "#0"},
				"east": {"uv": [11, 10, 11.5, 10.25], "texture": "#0"},
				"south": {"uv": [11, 10, 11.5, 10.25], "texture": "#0"},
				"west": {"uv": [11, 10, 11.5, 10.25], "texture": "#0"},
				"up": {"uv": [11, 10, 11.5, 10.5], "texture": "#0"},
				"down": {"uv": [11, 10, 11.5, 10.5], "texture": "#0"}
			}
		},
		{
			"from": [12, -0.75, 2],
			"to": [13, -0.25, 3],
			"faces": {
				"north": {"uv": [11, 10, 11.5, 10.25], "texture": "#0"},
				"east": {"uv": [11, 10, 11.5, 10.25], "texture": "#0"},
				"south": {"uv": [11, 10, 11.5, 10.25], "texture": "#0"},
				"west": {"uv": [11, 10, 11.5, 10.25], "texture": "#0"},
				"up": {"uv": [11, 10, 11.5, 10.5], "texture": "#0"},
				"down": {"uv": [11, 10, 11.5, 10.5], "texture": "#0"}
			}
		}
	],
	"display": {
		"thirdperson_righthand": {
			"rotation": [75, 45, 0],
			"translation": [0, 2, 3],
			"scale": [0.75, 0.75, 0.75]
		},
		"thirdperson_lefthand": {
			"rotation": [75, 45, 0],
			"translation": [0, 2, 3],
			"scale": [0.75, 0.75, 0.75]
		},
		"firstperson_righthand": {
			"rotation": [0, -90, 25],
			"translation": [1.13, 7, 1.13],
			"scale": [0.68, 0.68, 0.68]
		},
		"firstperson_lefthand": {
			"rotation": [0, -90, 25],
			"translation": [1.13, 7, 1.13],
			"scale": [0.68, 0.68, 0.68]
		},
		"ground": {
			"translation": [0, 5, 0]
		},
		"gui": {
			"rotation": [30, 225, 0],
			"translation": [-0.25, 6, 0]
		},
		"head": {
			"translation": [0, 16.75, 1],
			"scale": [1.85, 1.85, 1.85]
		},
		"fixed": {
			"rotation": [-90, 170, 0],
			"translation": [0, 0, -17],
			"scale": [2, 2, 2]
		}
	},
	"groups": [
		{
			"name": "group",
			"origin": [0, 0, 0],
			"color": 0,
			"children": [0, 1, 2, 3, 4, 5, 6, 7]
		}
	]
}