{
	"credit": "Made with Blockbench",
	"parent": "minecraft:block/cube_all",
	"texture_size": [64, 64],
	"textures": {
		"1": "item/chxs_jj_zheyangshan_tiaowen_3x3"
	},
	"elements": [
		{
			"from": [-8.75, 20.6, -8],
			"to": [23.25, 30.6, 24],
			"rotation": {"angle": 0, "axis": "y", "origin": [-0.75, 37.6, 31]},
			"faces": {
				"north": {"uv": [0, 6.125, 6, 7.875], "texture": "#1", "tintindex": 0},
				"east": {"uv": [0, 6.125, 6, 7.875], "texture": "#1", "tintindex": 0},
				"south": {"uv": [0, 6.125, 6, 7.875], "texture": "#1", "tintindex": 0},
				"west": {"uv": [0, 6.125, 6, 7.875], "texture": "#1", "tintindex": 0},
				"up": {"uv": [0, 6, 6, 0], "texture": "#1", "tintindex": 0}
			}
		},
		{
			"from": [23.25, 20.6, -8],
			"to": [-8.75, 30.6, 24],
			"rotation": {"angle": 0, "axis": "y", "origin": [31.25, 37.6, 31]},
			"faces": {
				"north": {"uv": [0, 6.125, 6, 7.875], "texture": "#1", "tintindex": 0},
				"east": {"uv": [0, 6.125, 6, 7.875], "texture": "#1", "tintindex": 0},
				"south": {"uv": [0, 6.125, 6, 7.875], "texture": "#1", "tintindex": 0},
				"west": {"uv": [0, 6.125, 6, 7.875], "texture": "#1", "tintindex": 0},
				"up": {"uv": [0, 6, 6, 0], "texture": "#1", "tintindex": 0}
			}
		},
		{
			"from": [-8.75, 20.6, -8],
			"to": [23.25, 30.6, 24],
			"rotation": {"angle": 0, "axis": "y", "origin": [-0.75, 37.6, 31]},
			"faces": {
				"north": {"uv": [0, 14.125, 6, 15.875], "texture": "#1"},
				"east": {"uv": [0, 14.125, 6, 15.875], "texture": "#1"},
				"south": {"uv": [0, 14.125, 6, 15.875], "texture": "#1"},
				"west": {"uv": [0, 14.125, 6, 15.875], "texture": "#1"},
				"up": {"uv": [0, 14, 6, 8], "texture": "#1"}
			}
		},
		{
			"from": [23.25, 20.6, -8],
			"to": [-8.75, 30.6, 24],
			"rotation": {"angle": 0, "axis": "y", "origin": [31.25, 37.6, 31]},
			"faces": {
				"north": {"uv": [0, 14.125, 6, 15.875], "texture": "#1"},
				"east": {"uv": [0, 14.125, 6, 15.875], "texture": "#1"},
				"south": {"uv": [0, 14.125, 6, 15.875], "texture": "#1"},
				"west": {"uv": [0, 14.125, 6, 15.875], "texture": "#1"},
				"up": {"uv": [0, 14, 6, 8], "texture": "#1"}
			}
		},
		{
			"from": [6.55, -3, 7.25],
			"to": [8.05, 32, 8.75],
			"rotation": {"angle": 0, "axis": "y", "origin": [13.3, 38, 15]},
			"faces": {
				"north": {"uv": [6.125, 0, 6.375, 6], "texture": "#1"},
				"east": {"uv": [6.125, 0, 6.375, 6], "texture": "#1"},
				"south": {"uv": [6.125, 0, 6.375, 6], "texture": "#1"},
				"west": {"uv": [6.125, 0, 6.375, 6], "texture": "#1"},
				"up": {"uv": [6.125, 0, 6.375, 0.25], "texture": "#1"},
				"down": {"uv": [6.125, 5.75, 6.375, 6], "texture": "#1"}
			}
		}
	],
	"display": {
		"thirdperson_righthand": {
			"rotation": [75, 45, 0],
			"translation": [0, 2.5, 6],
			"scale": [0.9, 0.9, 0.9]
		},
		"thirdperson_lefthand": {
			"rotation": [75, 45, 0],
			"translation": [0, 2.5, 6],
			"scale": [0.9, 0.9, 0.9]
		},
		"firstperson_righthand": {
			"rotation": [0, 45, 0],
			"translation": [0, -4, 0],
			"scale": [0.4, 0.4, 0.4]
		},
		"firstperson_lefthand": {
			"rotation": [0, 225, 0],
			"translation": [0, -4, 0],
			"scale": [0.4, 0.4, 0.4]
		},
		"ground": {
			"translation": [0, 3, 0],
			"scale": [0.25, 0.25, 0.25]
		},
		"gui": {
			"rotation": [30, 225, 0],
			"translation": [-0.25, -2.75, 0],
			"scale": [0.3, 0.3, 0.3]
		},
		"fixed": {
			"rotation": [-90, 90, 0],
			"translation": [56, 31.75, -18.5],
			"scale": [4, 4, 4]
		}
	},
	"groups": [
		{
			"name": "group",
			"origin": [8, 8, 8],
			"children": [0, 1]
		},
		{
			"name": "group",
			"origin": [8, 8, 8],
			"children": [2, 3]
		}, 4]
}