{
	"credit": "Made with Blockbench",
	"parent": "minecraft:block/cube_all",
	"texture_size": [64, 64],
	"textures": {
		"0": "item/chxs_jj_denglong4",
		"particle": "item/chxs_jj_denglong4"
	},
	"elements": [
		{
			"from": [0.5, 3, 0.5],
			"to": [15.5, 15, 15.5],
			"rotation": {"angle": 0, "axis": "y", "origin": [7.5, 8, 7.5]},
			"faces": {
				"north": {"uv": [3.75, 3.75, 7.5, 6.75], "texture": "#0"},
				"east": {"uv": [3.75, 0, 7.5, 3], "texture": "#0"},
				"south": {"uv": [3.75, 6.75, 7.5, 9.75], "texture": "#0"},
				"west": {"uv": [0, 7.5, 3.75, 10.5], "texture": "#0"},
				"up": {"uv": [3.75, 3.75, 0, 0], "texture": "#0"},
				"down": {"uv": [3.75, 3.75, 0, 7.5], "texture": "#0"}
			}
		},
		{
			"from": [15.5, 3, 0.5],
			"to": [0.5, 15, 15.5],
			"rotation": {"angle": 0, "axis": "y", "origin": [22.5, 8, 7.5]},
			"faces": {
				"north": {"uv": [3.75, 3.75, 7.5, 6.75], "texture": "#0"},
				"east": {"uv": [3.75, 0, 7.5, 3], "texture": "#0"},
				"south": {"uv": [3.75, 6.75, 7.5, 9.75], "texture": "#0"},
				"west": {"uv": [0, 7.5, 3.75, 10.5], "texture": "#0"},
				"up": {"uv": [3.75, 3.75, 0, 0], "texture": "#0"},
				"down": {"uv": [3.75, 3.75, 0, 7.5], "texture": "#0"}
			}
		},
		{
			"from": [3.5, 15, 3.5],
			"to": [12.5, 17, 12.5],
			"rotation": {"angle": 0, "axis": "y", "origin": [12.5, 23, 12.5]},
			"faces": {
				"north": {"uv": [0, 10.75, 2.25, 11.25], "texture": "#0"},
				"east": {"uv": [6.75, 10.75, 9, 11.25], "texture": "#0"},
				"south": {"uv": [4.5, 10.75, 6.75, 11.25], "texture": "#0"},
				"west": {"uv": [2.25, 10.75, 4.5, 11.25], "texture": "#0"},
				"down": {"uv": [7.5, 0, 9.75, 2.25], "texture": "#0"}
			}
		},
		{
			"from": [12.5, 15, 3.5],
			"to": [3.5, 17, 12.5],
			"rotation": {"angle": 0, "axis": "y", "origin": [21.5, 23, 12.5]},
			"faces": {
				"north": {"uv": [0, 10.75, 2.25, 11.25], "texture": "#0"},
				"east": {"uv": [6.75, 10.75, 9, 11.25], "texture": "#0"},
				"south": {"uv": [4.5, 10.75, 6.75, 11.25], "texture": "#0"},
				"west": {"uv": [2.25, 10.75, 4.5, 11.25], "texture": "#0"},
				"down": {"uv": [7.5, 0, 9.75, 2.25], "texture": "#0"}
			}
		},
		{
			"from": [3.5, 1, 3.5],
			"to": [12.5, 3, 12.5],
			"rotation": {"angle": 0, "axis": "y", "origin": [12.5, 9, 12.5]},
			"faces": {
				"north": {"uv": [0, 11.5, 2.25, 12], "texture": "#0"},
				"east": {"uv": [6.75, 11.5, 9, 12], "texture": "#0"},
				"south": {"uv": [4.5, 11.5, 6.75, 12], "texture": "#0"},
				"west": {"uv": [2.25, 11.5, 4.5, 12], "texture": "#0"},
				"down": {"uv": [9.75, 0, 12, 2.25], "texture": "#0"}
			}
		},
		{
			"from": [12.5, 1, 3.5],
			"to": [3.5, 3, 12.5],
			"rotation": {"angle": 0, "axis": "y", "origin": [21.5, 9, 12.5]},
			"faces": {
				"north": {"uv": [0, 11.5, 2.25, 12], "texture": "#0"},
				"east": {"uv": [6.75, 11.5, 9, 12], "texture": "#0"},
				"south": {"uv": [4.5, 11.5, 6.75, 12], "texture": "#0"},
				"west": {"uv": [2.25, 11.5, 4.5, 12], "texture": "#0"},
				"down": {"uv": [9.75, 0, 12, 2.25], "texture": "#0"}
			}
		},
		{
			"from": [4.5, -5, 4.5],
			"to": [11.5, 2, 11.5],
			"rotation": {"angle": 0, "axis": "y", "origin": [7.5, 5, 7.5]},
			"faces": {
				"north": {"uv": [1.75, 14, 3.5, 15.75], "texture": "#0"},
				"east": {"uv": [0, 14, 1.75, 15.75], "texture": "#0"},
				"south": {"uv": [5.25, 14, 7, 15.75], "texture": "#0"},
				"west": {"uv": [3.5, 14, 5.25, 15.75], "texture": "#0"},
				"up": {"uv": [7.75, 0.25, 9.5, 2], "texture": "#0"},
				"down": {"uv": [9.25, 3.5, 7.5, 5.25], "texture": "#0"}
			}
		},
		{
			"from": [11.5, -5, 4.5],
			"to": [4.5, 2, 11.5],
			"rotation": {"angle": 0, "axis": "y", "origin": [14.5, 5, 7.5]},
			"faces": {
				"north": {"uv": [1.75, 14, 3.5, 15.75], "texture": "#0"},
				"east": {"uv": [0, 14, 1.75, 15.75], "texture": "#0"},
				"south": {"uv": [5.25, 14, 7, 15.75], "texture": "#0"},
				"west": {"uv": [3.5, 14, 5.25, 15.75], "texture": "#0"},
				"up": {"uv": [7.75, 0.25, 9.5, 2], "texture": "#0"},
				"down": {"uv": [9.25, 3.5, 7.5, 5.25], "texture": "#0"}
			}
		},
		{
			"from": [6.35, -15, 0.5],
			"to": [15.85, 26, 0.5],
			"rotation": {"angle": 45, "axis": "y", "origin": [18.6, 25, 8]},
			"faces": {
				"north": {"uv": [13.75, 0, 15.5, 7.5], "texture": "#0"},
				"east": {"uv": [0, 0, 0, 10], "texture": "#0"},
				"south": {"uv": [13.75, 0, 15.5, 7.5], "texture": "#0"},
				"west": {"uv": [0, 0, 0, 10], "texture": "#0"},
				"up": {"uv": [0, 0, 1.75, 0], "texture": "#0"},
				"down": {"uv": [0, 0, 1.75, 0], "texture": "#0"}
			}
		},
		{
			"from": [11.1, -15, -4],
			"to": [11.1, 26, 5],
			"rotation": {"angle": 45, "axis": "y", "origin": [18.6, 25, 8]},
			"faces": {
				"north": {"uv": [13.75, 0, 15.5, 10], "texture": "#0"},
				"east": {"uv": [13.75, 0, 15.5, 7.5], "texture": "#0"},
				"south": {"uv": [0, 0, 0, 10], "texture": "#0"},
				"west": {"uv": [13.75, 0, 15.5, 7.5], "texture": "#0"},
				"up": {"uv": [0, 0, 1.75, 0], "rotation": 90, "texture": "#0"},
				"down": {"uv": [0, 0, 1.75, 0], "rotation": 270, "texture": "#0"}
			}
		}
	],
	"display": {
		"thirdperson_righthand": {
			"rotation": [75, 45, 0],
			"translation": [0, 2.5, 0],
			"scale": [0.375, 0.375, 0.375]
		},
		"thirdperson_lefthand": {
			"rotation": [75, 45, 0],
			"translation": [0, 2.5, 0],
			"scale": [0.375, 0.375, 0.375]
		},
		"firstperson_righthand": {
			"rotation": [0, 45, 0],
			"scale": [0.4, 0.4, 0.4]
		},
		"firstperson_lefthand": {
			"rotation": [0, 225, 0],
			"scale": [0.4, 0.4, 0.4]
		},
		"ground": {
			"translation": [0, 3, 0],
			"scale": [0.25, 0.25, 0.25]
		},
		"gui": {
			"rotation": [30, 225, 0],
			"scale": [0.45, 0.45, 0.45]
		},
		"fixed": {
			"rotation": [90, 0, 0],
			"translation": [0, 0, -22],
			"scale": [2, 2, 2]
		}
	}
}