{
	"credit": "Made with Blockbench",
	"parent": "minecraft:block/cube_all",
	"texture_size": [64, 64],
	"textures": {
		"0": "item/chxs_jj_denglong4",
		"particle": "item/chxs_jj_denglong4"
	},
	"elements": [
		{
			"from": [2.40697, 5.55, 3.06592],
			"to": [12.20697, 13.35, 12.86592],
			"rotation": {"angle": 0, "axis": "y", "origin": [7.05697, 7.95, 8.71592]},
			"faces": {
				"north": {"uv": [7.5, 6.75, 3.75, 9.75], "texture": "#0"},
				"east": {"uv": [7.5, 0, 3.75, 3], "texture": "#0"},
				"south": {"uv": [7.5, 3.75, 3.75, 6.75], "texture": "#0"},
				"west": {"uv": [3.75, 7.5, 0, 10.5], "texture": "#0"},
				"up": {"uv": [3.75, 0, 0, 3.75], "texture": "#0"},
				"down": {"uv": [3.75, 7.5, 0, 3.75], "texture": "#0"}
			}
		},
		{
			"from": [12.20697, 5.55, 3.06592],
			"to": [2.40697, 13.35, 12.86592],
			"rotation": {"angle": 0, "axis": "y", "origin": [16.85697, 7.95, 8.71592]},
			"faces": {
				"north": {"uv": [7.5, 6.75, 3.75, 9.75], "texture": "#0"},
				"east": {"uv": [7.5, 0, 3.75, 3], "texture": "#0"},
				"south": {"uv": [7.5, 3.75, 3.75, 6.75], "texture": "#0"},
				"west": {"uv": [3.75, 7.5, 0, 10.5], "texture": "#0"},
				"up": {"uv": [3.75, 0, 0, 3.75], "texture": "#0"},
				"down": {"uv": [3.75, 7.5, 0, 3.75], "texture": "#0"}
			}
		},
		{
			"from": [4.40697, 13.35, 5.06592],
			"to": [10.20697, 14.6, 10.86592],
			"rotation": {"angle": 0, "axis": "y", "origin": [12.15697, 20.1, 3.71592]},
			"faces": {
				"north": {"uv": [6.75, 10.75, 4.5, 11.25], "texture": "#0"},
				"east": {"uv": [9, 10.75, 6.75, 11.25], "texture": "#0"},
				"south": {"uv": [2.25, 10.75, 0, 11.25], "texture": "#0"},
				"west": {"uv": [4.5, 10.75, 2.25, 11.25], "texture": "#0"},
				"down": {"uv": [7.5, 2.25, 9.75, 0], "texture": "#0"}
			}
		},
		{
			"from": [10.20697, 13.35, 5.06592],
			"to": [4.40697, 14.6, 10.86592],
			"rotation": {"angle": 0, "axis": "y", "origin": [17.95697, 20.1, 3.71592]},
			"faces": {
				"north": {"uv": [6.75, 10.75, 4.5, 11.25], "texture": "#0"},
				"east": {"uv": [9, 10.75, 6.75, 11.25], "texture": "#0"},
				"south": {"uv": [2.25, 10.75, 0, 11.25], "texture": "#0"},
				"west": {"uv": [4.5, 10.75, 2.25, 11.25], "texture": "#0"},
				"down": {"uv": [7.5, 2.25, 9.75, 0], "texture": "#0"}
			}
		},
		{
			"from": [4.40697, 4.3, 5.06592],
			"to": [10.20697, 5.55, 10.86592],
			"rotation": {"angle": 0, "axis": "y", "origin": [12.15697, -1.2, 3.71592]},
			"faces": {
				"north": {"uv": [6.75, 11.25, 4.5, 10.75], "texture": "#0"},
				"east": {"uv": [9, 11.25, 6.75, 10.75], "texture": "#0"},
				"south": {"uv": [2.25, 11.25, 0, 10.75], "texture": "#0"},
				"west": {"uv": [4.5, 11.25, 2.25, 10.75], "texture": "#0"},
				"down": {"uv": [9.75, 2.25, 12, 0], "texture": "#0"}
			}
		},
		{
			"from": [10.20697, 4.3, 5.06592],
			"to": [4.40697, 5.55, 10.86592],
			"rotation": {"angle": 0, "axis": "y", "origin": [17.95697, -1.2, 3.71592]},
			"faces": {
				"north": {"uv": [6.75, 11.25, 4.5, 10.75], "texture": "#0"},
				"east": {"uv": [9, 11.25, 6.75, 10.75], "texture": "#0"},
				"south": {"uv": [2.25, 11.25, 0, 10.75], "texture": "#0"},
				"west": {"uv": [4.5, 11.25, 2.25, 10.75], "texture": "#0"},
				"down": {"uv": [9.75, 2.25, 12, 0], "texture": "#0"}
			}
		},
		{
			"from": [5.00697, 0.45, 5.66592],
			"to": [9.50697, 4.95, 10.16592],
			"rotation": {"angle": 0, "axis": "y", "origin": [5.50697, 10.45, 8.26592]},
			"faces": {
				"north": {"uv": [7, 14, 5.25, 15.75], "texture": "#0"},
				"east": {"uv": [1.75, 14, 0, 15.75], "texture": "#0"},
				"south": {"uv": [3.5, 14, 1.75, 15.75], "texture": "#0"},
				"west": {"uv": [5.25, 14, 3.5, 15.75], "texture": "#0"},
				"up": {"uv": [7.75, 2, 9.5, 0.25], "texture": "#0"},
				"down": {"uv": [9.25, 5.25, 7.5, 3.5], "texture": "#0"}
			}
		},
		{
			"from": [9.50697, 0.45, 5.66592],
			"to": [5.00697, 4.95, 10.16592],
			"rotation": {"angle": 0, "axis": "y", "origin": [10.00697, 10.45, 8.26592]},
			"faces": {
				"north": {"uv": [7, 14, 5.25, 15.75], "texture": "#0"},
				"east": {"uv": [1.75, 14, 0, 15.75], "texture": "#0"},
				"south": {"uv": [3.5, 14, 1.75, 15.75], "texture": "#0"},
				"west": {"uv": [5.25, 14, 3.5, 15.75], "texture": "#0"},
				"up": {"uv": [7.75, 2, 9.5, 0.25], "texture": "#0"},
				"down": {"uv": [9.25, 5.25, 7.5, 3.5], "texture": "#0"}
			}
		},
		{
			"from": [7.20697, -6.55, 15.51592],
			"to": [13.70697, 20.95, 15.51592],
			"rotation": {"angle": -45, "axis": "y", "origin": [17.95697, 24.95, 8.01592]},
			"faces": {
				"north": {"uv": [15.5, 0, 13.75, 7.5], "texture": "#0"},
				"east": {"uv": [0, 0, 0, 10], "texture": "#0"},
				"south": {"uv": [15.5, 0, 13.75, 7.5], "texture": "#0"},
				"west": {"uv": [0, 0, 0, 10], "texture": "#0"},
				"up": {"uv": [0, 0, 1.75, 0], "texture": "#0"},
				"down": {"uv": [0, 0, 1.75, 0], "texture": "#0"}
			}
		},
		{
			"from": [10.45697, -6.55, 12.26592],
			"to": [10.45697, 20.95, 18.76592],
			"rotation": {"angle": -45, "axis": "y", "origin": [17.95697, 24.95, 8.01592]},
			"faces": {
				"north": {"uv": [0, 0, 0, 10], "texture": "#0"},
				"east": {"uv": [15.5, 0, 13.75, 7.5], "texture": "#0"},
				"south": {"uv": [15.5, 0, 13.75, 10], "texture": "#0"},
				"west": {"uv": [15.5, 0, 13.75, 7.5], "texture": "#0"},
				"up": {"uv": [1.75, 0, 0, 0], "rotation": 90, "texture": "#0"},
				"down": {"uv": [1.75, 0, 0, 0], "rotation": 270, "texture": "#0"}
			}
		},
		{
			"from": [-0.583, 23.733, -2.25],
			"to": [-0.117, 24.199, 18.25],
			"rotation": {"angle": 45, "axis": "z", "origin": [7.317, 31.633, 33.667]},
			"faces": {
				"north": {"uv": [13, 0, 13.25, 0.25], "texture": "#0"},
				"east": {"uv": [13, 0.75, 13.25, 7.5], "rotation": 90, "texture": "#0"},
				"south": {"uv": [13, 0, 13.25, 0.25], "texture": "#0"},
				"west": {"uv": [12.5, 1, 12.75, 7.75], "rotation": 90, "texture": "#0"},
				"up": {"uv": [12.5, 1.5, 12.75, 8.25], "texture": "#0"},
				"down": {"uv": [12.75, 0.75, 13, 7.5], "texture": "#0"}
			}
		}
	],
	"display": {
		"thirdperson_righthand": {
			"rotation": [75, 45, 0],
			"translation": [0, 2.5, 0],
			"scale": [0.375, 0.375, 0.375]
		},
		"thirdperson_lefthand": {
			"rotation": [75, 45, 0],
			"translation": [0, 2.5, 0],
			"scale": [0.375, 0.375, 0.375]
		},
		"firstperson_righthand": {
			"rotation": [0, 45, 0],
			"scale": [0.4, 0.4, 0.4]
		},
		"firstperson_lefthand": {
			"rotation": [0, 225, 0],
			"scale": [0.4, 0.4, 0.4]
		},
		"ground": {
			"translation": [0, 3, 0],
			"scale": [0.25, 0.25, 0.25]
		},
		"gui": {
			"rotation": [30, 135, 0],
			"translation": [-0.5, -1, 0],
			"scale": [0.55, 0.55, 0.55]
		},
		"fixed": {
			"rotation": [90, 90, 0],
			"translation": [0, 2.1, -24.3],
			"scale": [3, 3, 3]
		}
	},
	"groups": [
		{
			"name": "group",
			"origin": [8, 8, 8],
			"children": [0, 1, 2, 3, 4, 5, 6, 7, 8, 9]
		}, 10]
}