{
	"credit": "Made with Blockbench",
	"parent": "minecraft:block/cube_all",
	"texture_size": [64, 64],
	"textures": {
		"0": "item/jj_yunshan_zhuotui",
		"particle": "item/jj_yunshan_zhuotui"
	},
	"elements": [
		{
			"from": [-2.0099, 13.8999, -8.10995],
			"to": [18.01, 17.0298, 24.10995],
			"rotation": {"angle": 0, "axis": "y", "origin": [-8.00995, 22.1999, -8.00995]},
			"faces": {
				"north": {"uv": [13, 12.75, 8, 13.5], "texture": "#0"},
				"east": {"uv": [8, 8, 7.25, 0], "rotation": 90, "texture": "#0"},
				"south": {"uv": [13, 12, 8, 12.75], "texture": "#0"},
				"west": {"uv": [7.25, 0, 8, 8], "rotation": 270, "texture": "#0"},
				"up": {"uv": [13, 0, 8, 8], "texture": "#0"},
				"down": {"uv": [13, 0, 8, 8], "texture": "#0"}
			}
		},
		{
			"from": [-8, 4, 21.1],
			"to": [24, 7, 21.9],
			"rotation": {"angle": 0, "axis": "y", "origin": [16, 14, 14]},
			"faces": {
				"north": {"uv": [11.25, 8, 12, 0], "rotation": 90, "texture": "#0"},
				"east": {"uv": [0.25, 0, 0, 0.75], "texture": "#0"},
				"south": {"uv": [15.25, 12.5, 16, 4.5], "rotation": 90, "texture": "#0"},
				"west": {"uv": [0.25, 0, 0, 0.75], "texture": "#0"},
				"up": {"uv": [11.45, 0, 11.25, 8], "rotation": 90, "texture": "#0"},
				"down": {"uv": [9.95, 0, 9.75, 8], "rotation": 90, "texture": "#0"}
			}
		},
		{
			"from": [-5.68479, -8.14214, 21],
			"to": [-1.68479, 11.85786, 22],
			"rotation": {"angle": -45, "axis": "z", "origin": [5.31521, 1.85786, 28]},
			"faces": {
				"north": {"uv": [8.75, 0, 9.75, 4.75], "texture": "#0"},
				"east": {"uv": [8.75, 0, 9, 4.75], "texture": "#0"},
				"south": {"uv": [8, 0, 9, 5], "texture": "#0"},
				"west": {"uv": [8.25, 0, 8.5, 4.75], "texture": "#0"},
				"up": {"uv": [8, 0, 9, 0.25], "texture": "#0"},
				"down": {"uv": [8, 0, 9, 0.25], "texture": "#0"}
			}
		},
		{
			"from": [17.68479, -8.14214, 21],
			"to": [21.68479, 11.85786, 22],
			"rotation": {"angle": 45, "axis": "z", "origin": [10.68479, 1.85786, 28]},
			"faces": {
				"north": {"uv": [9.75, 0, 8.75, 4.75], "texture": "#0"},
				"east": {"uv": [8.5, 0, 8.25, 4.75], "texture": "#0"},
				"south": {"uv": [9, 0, 8, 5], "texture": "#0"},
				"west": {"uv": [9, 0, 8.75, 4.75], "texture": "#0"},
				"up": {"uv": [9, 0, 8, 0.25], "texture": "#0"},
				"down": {"uv": [9, 0, 8, 0.25], "texture": "#0"}
			}
		},
		{
			"from": [-5.68479, -8.14214, -6],
			"to": [-1.68479, 11.85786, -5],
			"rotation": {"angle": -45, "axis": "z", "origin": [5.31521, 1.85786, -12]},
			"faces": {
				"north": {"uv": [9, 0, 8, 5], "texture": "#0"},
				"east": {"uv": [9, 0, 8.75, 4.75], "texture": "#0"},
				"south": {"uv": [9.75, 0, 8.75, 4.75], "texture": "#0"},
				"west": {"uv": [8.5, 0, 8.25, 4.75], "texture": "#0"},
				"up": {"uv": [8, 0.25, 9, 0], "texture": "#0"},
				"down": {"uv": [8, 0.25, 9, 0], "texture": "#0"}
			}
		},
		{
			"from": [17.68479, -8.14214, -6],
			"to": [21.68479, 11.85786, -5],
			"rotation": {"angle": 45, "axis": "z", "origin": [10.68479, 1.85786, -12]},
			"faces": {
				"north": {"uv": [8, 0, 9, 5], "texture": "#0"},
				"east": {"uv": [8.25, 0, 8.5, 4.75], "texture": "#0"},
				"south": {"uv": [8.75, 0, 9.75, 4.75], "texture": "#0"},
				"west": {"uv": [8.75, 0, 9, 4.75], "texture": "#0"},
				"up": {"uv": [9, 0.25, 8, 0], "texture": "#0"},
				"down": {"uv": [9, 0.25, 8, 0], "texture": "#0"}
			}
		},
		{
			"from": [19, 7, -7],
			"to": [27, 9, 23],
			"rotation": {"angle": 0, "axis": "y", "origin": [31, 16, 8]},
			"faces": {
				"north": {"uv": [9, 0, 11, 0.5], "texture": "#0"},
				"east": {"uv": [9, 0, 9.5, 7.5], "rotation": 90, "texture": "#0"},
				"south": {"uv": [8.75, 0, 10.75, 0.5], "texture": "#0"},
				"west": {"uv": [10, 0, 10.5, 7.5], "rotation": 90, "texture": "#0"},
				"up": {"uv": [9.75, 0, 11.75, 7.5], "texture": "#0"},
				"down": {"uv": [10.75, 0, 12.75, 7.5], "texture": "#0"}
			}
		},
		{
			"from": [-11, 7, -7],
			"to": [-3, 9, 23],
			"rotation": {"angle": 0, "axis": "y", "origin": [-15, 16, 8]},
			"faces": {
				"north": {"uv": [11, 0, 9, 0.5], "texture": "#0"},
				"east": {"uv": [10, 7.5, 10.5, 0], "rotation": 90, "texture": "#0"},
				"south": {"uv": [10.75, 0, 8.75, 0.5], "texture": "#0"},
				"west": {"uv": [9, 7.5, 9.5, 0], "rotation": 90, "texture": "#0"},
				"up": {"uv": [11.75, 0, 9.75, 7.5], "texture": "#0"},
				"down": {"uv": [12.75, 0, 10.75, 7.5], "texture": "#0"}
			}
		},
		{
			"from": [-8, 4, -5.9],
			"to": [24, 7, -5.1],
			"rotation": {"angle": 0, "axis": "y", "origin": [16, 14, 2]},
			"faces": {
				"north": {"uv": [15.25, 4.5, 16, 12.5], "rotation": 90, "texture": "#0"},
				"east": {"uv": [0, 0, 0.25, 0.75], "texture": "#0"},
				"south": {"uv": [11.25, 0, 12, 8], "rotation": 90, "texture": "#0"},
				"west": {"uv": [0, 0, 0.25, 0.75], "texture": "#0"},
				"up": {"uv": [11.25, 0, 11.45, 8], "rotation": 90, "texture": "#0"},
				"down": {"uv": [9.75, 0, 9.95, 8], "rotation": 90, "texture": "#0"}
			}
		}
	],
	"display": {
		"gui": {
			"rotation": [30, 225, 0],
			"scale": [0.4, 0.4, 0.4]
		},
		"fixed": {
			"rotation": [-90, -90, 0],
			"translation": [-8, 56, 0.5],
			"scale": [2.666, 2.666, 2.666]
		}
	},
	"groups": [
		{
			"name": "group",
			"origin": [8, 8, 28],
			"children": [0, 1, 2, 3, 4, 5, 6, 7, 8]
		}
	]
}