{
	"credit": "Made with Blockbench",
	"parent": "minecraft:block/cube_all",
	"texture_size": [64, 64],
	"textures": {
		"1": "item/chxs_jj_denglong7"
	},
	"elements": [
		{
			"from": [3.75485, 5.55, -11.56538],
			"to": [10.85485, 13.35, -4.46538],
			"rotation": {"angle": 0, "axis": "y", "origin": [7.05485, 7.95, -7.26538]},
			"faces": {
				"north": {"uv": [7, 6.75, 4.25, 9.75], "texture": "#1"},
				"east": {"uv": [7, 0, 4.25, 3], "texture": "#1"},
				"south": {"uv": [7, 3.75, 4.25, 6.75], "texture": "#1"},
				"west": {"uv": [3.25, 7.5, 0.5, 10.5], "texture": "#1"},
				"up": {"uv": [3.25, 0.5, 0.5, 3.25], "texture": "#1"},
				"down": {"uv": [3.25, 7, 0.5, 4.25], "texture": "#1"}
			}
		},
		{
			"from": [10.85485, 5.55, -11.56538],
			"to": [3.75485, 13.35, -4.46538],
			"rotation": {"angle": 0, "axis": "y", "origin": [14.15485, 7.95, -7.26538]},
			"faces": {
				"north": {"uv": [7, 6.75, 4.25, 9.75], "texture": "#1"},
				"east": {"uv": [7, 0, 4.25, 3], "texture": "#1"},
				"south": {"uv": [7, 3.75, 4.25, 6.75], "texture": "#1"},
				"west": {"uv": [3.25, 7.5, 0.5, 10.5], "texture": "#1"},
				"up": {"uv": [3.25, 0.5, 0.5, 3.25], "texture": "#1"},
				"down": {"uv": [3.25, 7, 0.5, 4.25], "texture": "#1"}
			}
		},
		{
			"from": [5.04485, 13.35, -10.27538],
			"to": [9.56485, 14.6, -5.75571],
			"rotation": {"angle": 0, "axis": "y", "origin": [11.65485, 20.1, -11.76538]},
			"faces": {
				"north": {"uv": [7, 10.75, 5.25, 11.25], "texture": "#1"},
				"east": {"uv": [5.25, 10.75, 3.5, 11.25], "texture": "#1"},
				"south": {"uv": [3.5, 10.75, 1.75, 11.25], "texture": "#1"},
				"west": {"uv": [1.75, 10.75, 0, 11.25], "texture": "#1"},
				"down": {"uv": [7.5, 2.25, 9.75, 0], "texture": "#1"}
			}
		},
		{
			"from": [9.56485, 13.35, -10.27538],
			"to": [5.04485, 14.6, -5.75571],
			"rotation": {"angle": 0, "axis": "y", "origin": [16.17485, 20.1, -11.76538]},
			"faces": {
				"north": {"uv": [7, 10.75, 5.25, 11.25], "texture": "#1"},
				"east": {"uv": [5.25, 10.75, 3.5, 11.25], "texture": "#1"},
				"south": {"uv": [3.5, 10.75, 1.75, 11.25], "texture": "#1"},
				"west": {"uv": [1.75, 10.75, 0, 11.25], "texture": "#1"},
				"down": {"uv": [7.5, 2.25, 9.75, 0], "texture": "#1"}
			}
		},
		{
			"from": [5.04485, 4.3, -10.27538],
			"to": [9.56485, 5.55, -5.75571],
			"rotation": {"angle": 0, "axis": "y", "origin": [12.15485, -1.2, -12.26538]},
			"faces": {
				"north": {"uv": [1.75, 12, 0, 11.5], "rotation": 180, "texture": "#1"},
				"east": {"uv": [7, 12, 5.25, 11.5], "rotation": 180, "texture": "#1"},
				"south": {"uv": [5.25, 12, 3.5, 11.5], "rotation": 180, "texture": "#1"},
				"west": {"uv": [3.5, 12, 1.75, 11.5], "rotation": 180, "texture": "#1"},
				"down": {"uv": [10, 2, 11.75, 0.25], "texture": "#1"}
			}
		},
		{
			"from": [9.56485, 4.3, -10.27538],
			"to": [5.04485, 5.55, -5.75571],
			"rotation": {"angle": 0, "axis": "y", "origin": [16.67485, -1.2, -12.26538]},
			"faces": {
				"north": {"uv": [1.75, 12, 0, 11.5], "rotation": 180, "texture": "#1"},
				"east": {"uv": [7, 12, 5.25, 11.5], "rotation": 180, "texture": "#1"},
				"south": {"uv": [5.25, 12, 3.5, 11.5], "rotation": 180, "texture": "#1"},
				"west": {"uv": [3.5, 12, 1.75, 11.5], "rotation": 180, "texture": "#1"},
				"down": {"uv": [10, 2, 11.75, 0.25], "texture": "#1"}
			}
		},
		{
			"from": [5.69485, 0.55, -9.62538],
			"to": [8.91485, 5.05, -6.40571],
			"rotation": {"angle": 0, "axis": "y", "origin": [6.05485, 10.55, -7.11538]},
			"faces": {
				"north": {"uv": [6.5, 14, 5.25, 15.75], "texture": "#1"},
				"east": {"uv": [1.25, 14, 0, 15.75], "texture": "#1"},
				"south": {"uv": [3, 14, 1.75, 15.75], "texture": "#1"},
				"west": {"uv": [4.75, 14, 3.5, 15.75], "texture": "#1"},
				"up": {"uv": [8, 1.75, 9.25, 0.5], "texture": "#1"},
				"down": {"uv": [9.25, 5.25, 7.5, 3.5], "texture": "#1"}
			}
		},
		{
			"from": [8.91485, 0.55, -9.62538],
			"to": [5.69485, 5.05, -6.40571],
			"rotation": {"angle": 0, "axis": "y", "origin": [9.27485, 10.55, -7.11538]},
			"faces": {
				"north": {"uv": [6.5, 14, 5.25, 15.75], "texture": "#1"},
				"east": {"uv": [1.25, 14, 0, 15.75], "texture": "#1"},
				"south": {"uv": [3, 14, 1.75, 15.75], "texture": "#1"},
				"west": {"uv": [4.75, 14, 3.5, 15.75], "texture": "#1"},
				"up": {"uv": [8, 1.75, 9.25, 0.5], "texture": "#1"},
				"down": {"uv": [9.25, 5.25, 7.5, 3.5], "texture": "#1"}
			}
		},
		{
			"from": [7.20485, -6.55, -0.46538],
			"to": [13.70485, 20.95, -0.46538],
			"rotation": {"angle": -45, "axis": "y", "origin": [17.95485, 24.95, -7.96538]},
			"faces": {
				"north": {"uv": [15.5, 0, 13.75, 7.5], "texture": "#1"},
				"east": {"uv": [0, 0, 0, 10], "texture": "#1"},
				"south": {"uv": [15.5, 0, 13.75, 7.5], "texture": "#1"},
				"west": {"uv": [0, 0, 0, 10], "texture": "#1"},
				"up": {"uv": [0, 0, 1.75, 0], "texture": "#1"},
				"down": {"uv": [0, 0, 1.75, 0], "texture": "#1"}
			}
		},
		{
			"from": [10.45485, -6.55, -3.71538],
			"to": [10.45485, 20.95, 2.78462],
			"rotation": {"angle": -45, "axis": "y", "origin": [17.95485, 24.95, -7.96538]},
			"faces": {
				"north": {"uv": [0, 0, 0, 10], "texture": "#1"},
				"east": {"uv": [15.5, 0, 13.75, 7.5], "texture": "#1"},
				"south": {"uv": [15.5, 0, 13.75, 10], "texture": "#1"},
				"west": {"uv": [15.5, 0, 13.75, 7.5], "texture": "#1"},
				"up": {"uv": [1.75, 0, 0, 0], "rotation": 90, "texture": "#1"},
				"down": {"uv": [1.75, 0, 0, 0], "rotation": 270, "texture": "#1"}
			}
		},
		{
			"from": [3.75627, 5.55, -0.89796],
			"to": [10.85627, 13.35, 6.20204],
			"rotation": {"angle": 0, "axis": "y", "origin": [7.05627, 7.95, 3.40204]},
			"faces": {
				"north": {"uv": [7, 6.75, 4.25, 9.75], "texture": "#1"},
				"east": {"uv": [7, 0, 4.25, 3], "texture": "#1"},
				"south": {"uv": [7, 3.75, 4.25, 6.75], "texture": "#1"},
				"west": {"uv": [3.25, 7.5, 0.5, 10.5], "texture": "#1"},
				"up": {"uv": [3.25, 0.5, 0.5, 3.25], "texture": "#1"},
				"down": {"uv": [3.25, 7, 0.5, 4.25], "texture": "#1"}
			}
		},
		{
			"from": [10.85627, 5.55, -0.89796],
			"to": [3.75627, 13.35, 6.20204],
			"rotation": {"angle": 0, "axis": "y", "origin": [14.15627, 7.95, 3.40204]},
			"faces": {
				"north": {"uv": [7, 6.75, 4.25, 9.75], "texture": "#1"},
				"east": {"uv": [7, 0, 4.25, 3], "texture": "#1"},
				"south": {"uv": [7, 3.75, 4.25, 6.75], "texture": "#1"},
				"west": {"uv": [3.25, 7.5, 0.5, 10.5], "texture": "#1"},
				"up": {"uv": [3.25, 0.5, 0.5, 3.25], "texture": "#1"},
				"down": {"uv": [3.25, 7, 0.5, 4.25], "texture": "#1"}
			}
		},
		{
			"from": [5.04627, 13.35, 0.39204],
			"to": [9.56627, 14.6, 4.91171],
			"rotation": {"angle": 0, "axis": "y", "origin": [11.65627, 20.1, -1.09796]},
			"faces": {
				"north": {"uv": [7, 10.75, 5.25, 11.25], "texture": "#1"},
				"east": {"uv": [5.25, 10.75, 3.5, 11.25], "texture": "#1"},
				"south": {"uv": [3.5, 10.75, 1.75, 11.25], "texture": "#1"},
				"west": {"uv": [1.75, 10.75, 0, 11.25], "texture": "#1"},
				"down": {"uv": [7.5, 2.25, 9.75, 0], "texture": "#1"}
			}
		},
		{
			"from": [9.56627, 13.35, 0.39204],
			"to": [5.04627, 14.6, 4.91171],
			"rotation": {"angle": 0, "axis": "y", "origin": [16.17627, 20.1, -1.09796]},
			"faces": {
				"north": {"uv": [7, 10.75, 5.25, 11.25], "texture": "#1"},
				"east": {"uv": [5.25, 10.75, 3.5, 11.25], "texture": "#1"},
				"south": {"uv": [3.5, 10.75, 1.75, 11.25], "texture": "#1"},
				"west": {"uv": [1.75, 10.75, 0, 11.25], "texture": "#1"},
				"down": {"uv": [7.5, 2.25, 9.75, 0], "texture": "#1"}
			}
		},
		{
			"from": [5.04627, 4.3, 0.39204],
			"to": [9.56627, 5.55, 4.91171],
			"rotation": {"angle": 0, "axis": "y", "origin": [12.15627, -1.2, -1.59796]},
			"faces": {
				"north": {"uv": [1.75, 12, 0, 11.5], "rotation": 180, "texture": "#1"},
				"east": {"uv": [7, 12, 5.25, 11.5], "rotation": 180, "texture": "#1"},
				"south": {"uv": [5.25, 12, 3.5, 11.5], "rotation": 180, "texture": "#1"},
				"west": {"uv": [3.5, 12, 1.75, 11.5], "rotation": 180, "texture": "#1"},
				"down": {"uv": [10, 2, 11.75, 0.25], "texture": "#1"}
			}
		},
		{
			"from": [9.56627, 4.3, 0.39204],
			"to": [5.04627, 5.55, 4.91171],
			"rotation": {"angle": 0, "axis": "y", "origin": [16.67627, -1.2, -1.59796]},
			"faces": {
				"north": {"uv": [1.75, 12, 0, 11.5], "rotation": 180, "texture": "#1"},
				"east": {"uv": [7, 12, 5.25, 11.5], "rotation": 180, "texture": "#1"},
				"south": {"uv": [5.25, 12, 3.5, 11.5], "rotation": 180, "texture": "#1"},
				"west": {"uv": [3.5, 12, 1.75, 11.5], "rotation": 180, "texture": "#1"},
				"down": {"uv": [10, 2, 11.75, 0.25], "texture": "#1"}
			}
		},
		{
			"from": [5.69627, 0.55, 1.04204],
			"to": [8.91627, 5.05, 4.26171],
			"rotation": {"angle": 0, "axis": "y", "origin": [6.05627, 10.55, 3.55204]},
			"faces": {
				"north": {"uv": [6.5, 14, 5.25, 15.75], "texture": "#1"},
				"east": {"uv": [1.25, 14, 0, 15.75], "texture": "#1"},
				"south": {"uv": [3, 14, 1.75, 15.75], "texture": "#1"},
				"west": {"uv": [4.75, 14, 3.5, 15.75], "texture": "#1"},
				"up": {"uv": [8, 1.75, 9.25, 0.5], "texture": "#1"},
				"down": {"uv": [9.25, 5.25, 7.5, 3.5], "texture": "#1"}
			}
		},
		{
			"from": [8.91627, 0.55, 1.04204],
			"to": [5.69627, 5.05, 4.26171],
			"rotation": {"angle": 0, "axis": "y", "origin": [9.27627, 10.55, 3.55204]},
			"faces": {
				"north": {"uv": [6.5, 14, 5.25, 15.75], "texture": "#1"},
				"east": {"uv": [1.25, 14, 0, 15.75], "texture": "#1"},
				"south": {"uv": [3, 14, 1.75, 15.75], "texture": "#1"},
				"west": {"uv": [4.75, 14, 3.5, 15.75], "texture": "#1"},
				"up": {"uv": [8, 1.75, 9.25, 0.5], "texture": "#1"},
				"down": {"uv": [9.25, 5.25, 7.5, 3.5], "texture": "#1"}
			}
		},
		{
			"from": [7.20627, -6.55, 10.20204],
			"to": [13.70627, 20.95, 10.20204],
			"rotation": {"angle": -45, "axis": "y", "origin": [17.95627, 24.95, 2.70204]},
			"faces": {
				"north": {"uv": [15.5, 0, 13.75, 7.5], "texture": "#1"},
				"east": {"uv": [0, 0, 0, 10], "texture": "#1"},
				"south": {"uv": [15.5, 0, 13.75, 7.5], "texture": "#1"},
				"west": {"uv": [0, 0, 0, 10], "texture": "#1"},
				"up": {"uv": [0, 0, 1.75, 0], "texture": "#1"},
				"down": {"uv": [0, 0, 1.75, 0], "texture": "#1"}
			}
		},
		{
			"from": [10.45627, -6.55, 6.95204],
			"to": [10.45627, 20.95, 13.45204],
			"rotation": {"angle": -45, "axis": "y", "origin": [17.95627, 24.95, 2.70204]},
			"faces": {
				"north": {"uv": [0, 0, 0, 10], "texture": "#1"},
				"east": {"uv": [15.5, 0, 13.75, 7.5], "texture": "#1"},
				"south": {"uv": [15.5, 0, 13.75, 10], "texture": "#1"},
				"west": {"uv": [15.5, 0, 13.75, 7.5], "texture": "#1"},
				"up": {"uv": [1.75, 0, 0, 0], "rotation": 90, "texture": "#1"},
				"down": {"uv": [1.75, 0, 0, 0], "rotation": 270, "texture": "#1"}
			}
		},
		{
			"from": [3.75485, 5.55, 9.76662],
			"to": [10.85485, 13.35, 16.86662],
			"rotation": {"angle": 0, "axis": "y", "origin": [7.05485, 7.95, 14.06662]},
			"faces": {
				"north": {"uv": [7, 6.75, 4.25, 9.75], "texture": "#1"},
				"east": {"uv": [7, 0, 4.25, 3], "texture": "#1"},
				"south": {"uv": [7, 3.75, 4.25, 6.75], "texture": "#1"},
				"west": {"uv": [3.25, 7.5, 0.5, 10.5], "texture": "#1"},
				"up": {"uv": [3.25, 0.5, 0.5, 3.25], "texture": "#1"},
				"down": {"uv": [3.25, 7, 0.5, 4.25], "texture": "#1"}
			}
		},
		{
			"from": [10.85485, 5.55, 9.76662],
			"to": [3.75485, 13.35, 16.86662],
			"rotation": {"angle": 0, "axis": "y", "origin": [14.15485, 7.95, 14.06662]},
			"faces": {
				"north": {"uv": [7, 6.75, 4.25, 9.75], "texture": "#1"},
				"east": {"uv": [7, 0, 4.25, 3], "texture": "#1"},
				"south": {"uv": [7, 3.75, 4.25, 6.75], "texture": "#1"},
				"west": {"uv": [3.25, 7.5, 0.5, 10.5], "texture": "#1"},
				"up": {"uv": [3.25, 0.5, 0.5, 3.25], "texture": "#1"},
				"down": {"uv": [3.25, 7, 0.5, 4.25], "texture": "#1"}
			}
		},
		{
			"from": [5.04485, 13.35, 11.05662],
			"to": [9.56485, 14.6, 15.57629],
			"rotation": {"angle": 0, "axis": "y", "origin": [11.65485, 20.1, 9.56662]},
			"faces": {
				"north": {"uv": [7, 10.75, 5.25, 11.25], "texture": "#1"},
				"east": {"uv": [5.25, 10.75, 3.5, 11.25], "texture": "#1"},
				"south": {"uv": [3.5, 10.75, 1.75, 11.25], "texture": "#1"},
				"west": {"uv": [1.75, 10.75, 0, 11.25], "texture": "#1"},
				"down": {"uv": [7.5, 2.25, 9.75, 0], "texture": "#1"}
			}
		},
		{
			"from": [9.56485, 13.35, 11.05662],
			"to": [5.04485, 14.6, 15.57629],
			"rotation": {"angle": 0, "axis": "y", "origin": [16.17485, 20.1, 9.56662]},
			"faces": {
				"north": {"uv": [7, 10.75, 5.25, 11.25], "texture": "#1"},
				"east": {"uv": [5.25, 10.75, 3.5, 11.25], "texture": "#1"},
				"south": {"uv": [3.5, 10.75, 1.75, 11.25], "texture": "#1"},
				"west": {"uv": [1.75, 10.75, 0, 11.25], "texture": "#1"},
				"down": {"uv": [7.5, 2.25, 9.75, 0], "texture": "#1"}
			}
		},
		{
			"from": [5.04485, 4.3, 11.05662],
			"to": [9.56485, 5.55, 15.57629],
			"rotation": {"angle": 0, "axis": "y", "origin": [12.15485, -1.2, 9.06662]},
			"faces": {
				"north": {"uv": [1.75, 12, 0, 11.5], "rotation": 180, "texture": "#1"},
				"east": {"uv": [7, 12, 5.25, 11.5], "rotation": 180, "texture": "#1"},
				"south": {"uv": [5.25, 12, 3.5, 11.5], "rotation": 180, "texture": "#1"},
				"west": {"uv": [3.5, 12, 1.75, 11.5], "rotation": 180, "texture": "#1"},
				"down": {"uv": [10, 2, 11.75, 0.25], "texture": "#1"}
			}
		},
		{
			"from": [9.56485, 4.3, 11.05662],
			"to": [5.04485, 5.55, 15.57629],
			"rotation": {"angle": 0, "axis": "y", "origin": [16.67485, -1.2, 9.06662]},
			"faces": {
				"north": {"uv": [1.75, 12, 0, 11.5], "rotation": 180, "texture": "#1"},
				"east": {"uv": [7, 12, 5.25, 11.5], "rotation": 180, "texture": "#1"},
				"south": {"uv": [5.25, 12, 3.5, 11.5], "rotation": 180, "texture": "#1"},
				"west": {"uv": [3.5, 12, 1.75, 11.5], "rotation": 180, "texture": "#1"},
				"down": {"uv": [10, 2, 11.75, 0.25], "texture": "#1"}
			}
		},
		{
			"from": [5.69485, 0.55, 11.70662],
			"to": [8.91485, 5.05, 14.92629],
			"rotation": {"angle": 0, "axis": "y", "origin": [6.05485, 10.55, 14.21662]},
			"faces": {
				"north": {"uv": [6.5, 14, 5.25, 15.75], "texture": "#1"},
				"east": {"uv": [1.25, 14, 0, 15.75], "texture": "#1"},
				"south": {"uv": [3, 14, 1.75, 15.75], "texture": "#1"},
				"west": {"uv": [4.75, 14, 3.5, 15.75], "texture": "#1"},
				"up": {"uv": [8, 1.75, 9.25, 0.5], "texture": "#1"},
				"down": {"uv": [9.25, 5.25, 7.5, 3.5], "texture": "#1"}
			}
		},
		{
			"from": [8.91485, 0.55, 11.70662],
			"to": [5.69485, 5.05, 14.92629],
			"rotation": {"angle": 0, "axis": "y", "origin": [9.27485, 10.55, 14.21662]},
			"faces": {
				"north": {"uv": [6.5, 14, 5.25, 15.75], "texture": "#1"},
				"east": {"uv": [1.25, 14, 0, 15.75], "texture": "#1"},
				"south": {"uv": [3, 14, 1.75, 15.75], "texture": "#1"},
				"west": {"uv": [4.75, 14, 3.5, 15.75], "texture": "#1"},
				"up": {"uv": [8, 1.75, 9.25, 0.5], "texture": "#1"},
				"down": {"uv": [9.25, 5.25, 7.5, 3.5], "texture": "#1"}
			}
		},
		{
			"from": [7.20485, -6.55, 20.86662],
			"to": [13.70485, 20.95, 20.86662],
			"rotation": {"angle": -45, "axis": "y", "origin": [17.95485, 24.95, 13.36662]},
			"faces": {
				"north": {"uv": [15.5, 0, 13.75, 7.5], "texture": "#1"},
				"east": {"uv": [0, 0, 0, 10], "texture": "#1"},
				"south": {"uv": [15.5, 0, 13.75, 7.5], "texture": "#1"},
				"west": {"uv": [0, 0, 0, 10], "texture": "#1"},
				"up": {"uv": [0, 0, 1.75, 0], "texture": "#1"},
				"down": {"uv": [0, 0, 1.75, 0], "texture": "#1"}
			}
		},
		{
			"from": [10.45485, -6.55, 17.61662],
			"to": [10.45485, 20.95, 24.11662],
			"rotation": {"angle": -45, "axis": "y", "origin": [17.95485, 24.95, 13.36662]},
			"faces": {
				"north": {"uv": [0, 0, 0, 10], "texture": "#1"},
				"east": {"uv": [15.5, 0, 13.75, 7.5], "texture": "#1"},
				"south": {"uv": [15.5, 0, 13.75, 10], "texture": "#1"},
				"west": {"uv": [15.5, 0, 13.75, 7.5], "texture": "#1"},
				"up": {"uv": [1.75, 0, 0, 0], "rotation": 90, "texture": "#1"},
				"down": {"uv": [1.75, 0, 0, 0], "rotation": 270, "texture": "#1"}
			}
		},
		{
			"from": [3.75485, 5.55, 20.43262],
			"to": [10.85485, 13.35, 27.53262],
			"rotation": {"angle": 0, "axis": "y", "origin": [7.05485, 7.95, 23.23262]},
			"faces": {
				"north": {"uv": [4.25, 3.75, 7, 6.75], "texture": "#1"},
				"east": {"uv": [4.25, 0, 7, 3], "texture": "#1"},
				"south": {"uv": [4.25, 6.75, 7, 9.75], "texture": "#1"},
				"west": {"uv": [0.5, 7.5, 3.25, 10.5], "texture": "#1"},
				"up": {"uv": [3.25, 3.25, 0.5, 0.5], "texture": "#1"},
				"down": {"uv": [3.25, 4.25, 0.5, 7], "texture": "#1"}
			}
		},
		{
			"from": [10.85485, 5.55, 20.43262],
			"to": [3.75485, 13.35, 27.53262],
			"rotation": {"angle": 0, "axis": "y", "origin": [14.15485, 7.95, 23.23262]},
			"faces": {
				"north": {"uv": [4.25, 3.75, 7, 6.75], "texture": "#1"},
				"east": {"uv": [4.25, 0, 7, 3], "texture": "#1"},
				"south": {"uv": [4.25, 6.75, 7, 9.75], "texture": "#1"},
				"west": {"uv": [0.5, 7.5, 3.25, 10.5], "texture": "#1"},
				"up": {"uv": [3.25, 3.25, 0.5, 0.5], "texture": "#1"},
				"down": {"uv": [3.25, 4.25, 0.5, 7], "texture": "#1"}
			}
		},
		{
			"from": [5.04485, 13.35, 21.72295],
			"to": [9.56485, 14.6, 26.24262],
			"rotation": {"angle": 0, "axis": "y", "origin": [11.65485, 20.1, 27.73262]},
			"faces": {
				"north": {"uv": [1.75, 10.75, 3.5, 11.25], "texture": "#1"},
				"east": {"uv": [3.5, 10.75, 5.25, 11.25], "texture": "#1"},
				"south": {"uv": [5.25, 10.75, 7, 11.25], "texture": "#1"},
				"west": {"uv": [0, 10.75, 1.75, 11.25], "texture": "#1"},
				"down": {"uv": [7.5, 0, 9.75, 2.25], "texture": "#1"}
			}
		},
		{
			"from": [9.56485, 13.35, 21.72295],
			"to": [5.04485, 14.6, 26.24262],
			"rotation": {"angle": 0, "axis": "y", "origin": [16.17485, 20.1, 27.73262]},
			"faces": {
				"north": {"uv": [1.75, 10.75, 3.5, 11.25], "texture": "#1"},
				"east": {"uv": [3.5, 10.75, 5.25, 11.25], "texture": "#1"},
				"south": {"uv": [5.25, 10.75, 7, 11.25], "texture": "#1"},
				"west": {"uv": [0, 10.75, 1.75, 11.25], "texture": "#1"},
				"down": {"uv": [7.5, 0, 9.75, 2.25], "texture": "#1"}
			}
		},
		{
			"from": [5.04485, 4.3, 21.72295],
			"to": [9.56485, 5.55, 26.24262],
			"rotation": {"angle": 0, "axis": "y", "origin": [12.15485, -1.2, 28.23262]},
			"faces": {
				"north": {"uv": [3.5, 12, 5.25, 11.5], "rotation": 180, "texture": "#1"},
				"east": {"uv": [5.25, 12, 7, 11.5], "rotation": 180, "texture": "#1"},
				"south": {"uv": [0, 12, 1.75, 11.5], "rotation": 180, "texture": "#1"},
				"west": {"uv": [1.75, 12, 3.5, 11.5], "rotation": 180, "texture": "#1"},
				"down": {"uv": [10, 0.25, 11.75, 2], "texture": "#1"}
			}
		},
		{
			"from": [9.56485, 4.3, 21.72295],
			"to": [5.04485, 5.55, 26.24262],
			"rotation": {"angle": 0, "axis": "y", "origin": [16.67485, -1.2, 28.23262]},
			"faces": {
				"north": {"uv": [3.5, 12, 5.25, 11.5], "rotation": 180, "texture": "#1"},
				"east": {"uv": [5.25, 12, 7, 11.5], "rotation": 180, "texture": "#1"},
				"south": {"uv": [0, 12, 1.75, 11.5], "rotation": 180, "texture": "#1"},
				"west": {"uv": [1.75, 12, 3.5, 11.5], "rotation": 180, "texture": "#1"},
				"down": {"uv": [10, 0.25, 11.75, 2], "texture": "#1"}
			}
		},
		{
			"from": [5.69485, 0.55, 22.37295],
			"to": [8.91485, 5.05, 25.59262],
			"rotation": {"angle": 0, "axis": "y", "origin": [6.05485, 10.55, 23.08262]},
			"faces": {
				"north": {"uv": [1.75, 14, 3, 15.75], "texture": "#1"},
				"east": {"uv": [0, 14, 1.25, 15.75], "texture": "#1"},
				"south": {"uv": [5.25, 14, 6.5, 15.75], "texture": "#1"},
				"west": {"uv": [3.5, 14, 4.75, 15.75], "texture": "#1"},
				"up": {"uv": [8, 0.5, 9.25, 1.75], "texture": "#1"},
				"down": {"uv": [9.25, 3.5, 7.5, 5.25], "texture": "#1"}
			}
		},
		{
			"from": [8.91485, 0.55, 22.37295],
			"to": [5.69485, 5.05, 25.59262],
			"rotation": {"angle": 0, "axis": "y", "origin": [9.27485, 10.55, 23.08262]},
			"faces": {
				"north": {"uv": [1.75, 14, 3, 15.75], "texture": "#1"},
				"east": {"uv": [0, 14, 1.25, 15.75], "texture": "#1"},
				"south": {"uv": [5.25, 14, 6.5, 15.75], "texture": "#1"},
				"west": {"uv": [3.5, 14, 4.75, 15.75], "texture": "#1"},
				"up": {"uv": [8, 0.5, 9.25, 1.75], "texture": "#1"},
				"down": {"uv": [9.25, 3.5, 7.5, 5.25], "texture": "#1"}
			}
		},
		{
			"from": [7.20485, -6.55, 16.43262],
			"to": [13.70485, 20.95, 16.43262],
			"rotation": {"angle": 45, "axis": "y", "origin": [17.95485, 24.95, 23.93262]},
			"faces": {
				"north": {"uv": [13.75, 0, 15.5, 7.5], "texture": "#1"},
				"east": {"uv": [0, 0, 0, 10], "texture": "#1"},
				"south": {"uv": [13.75, 0, 15.5, 7.5], "texture": "#1"},
				"west": {"uv": [0, 0, 0, 10], "texture": "#1"},
				"up": {"uv": [0, 0, 1.75, 0], "texture": "#1"},
				"down": {"uv": [0, 0, 1.75, 0], "texture": "#1"}
			}
		},
		{
			"from": [10.45485, -6.55, 13.18262],
			"to": [10.45485, 20.95, 19.68262],
			"rotation": {"angle": 45, "axis": "y", "origin": [17.95485, 24.95, 23.93262]},
			"faces": {
				"north": {"uv": [13.75, 0, 15.5, 10], "texture": "#1"},
				"east": {"uv": [13.75, 0, 15.5, 7.5], "texture": "#1"},
				"south": {"uv": [0, 0, 0, 10], "texture": "#1"},
				"west": {"uv": [13.75, 0, 15.5, 7.5], "texture": "#1"},
				"up": {"uv": [0, 0, 1.75, 0], "rotation": 90, "texture": "#1"},
				"down": {"uv": [0, 0, 1.75, 0], "rotation": 270, "texture": "#1"}
			}
		},
		{
			"from": [-0.583, 23.733, -16],
			"to": [-0.117, 24.199, 32],
			"rotation": {"angle": 45, "axis": "z", "origin": [7.317, 31.633, 33.667]},
			"faces": {
				"north": {"uv": [13, 0, 13.25, 0.25], "texture": "#1"},
				"east": {"uv": [13, 0, 13.25, 15.75], "rotation": 90, "texture": "#1"},
				"south": {"uv": [13, 0, 13.25, 0.25], "texture": "#1"},
				"west": {"uv": [12.75, 0, 13, 15.75], "rotation": 90, "texture": "#1"},
				"up": {"uv": [12.5, 0, 12.75, 15.75], "texture": "#1"},
				"down": {"uv": [13.25, 0.25, 13.5, 16], "texture": "#1"}
			}
		}
	],
	"display": {
		"thirdperson_righthand": {
			"rotation": [75, 45, 0],
			"translation": [0, 2.5, 0],
			"scale": [0.375, 0.375, 0.375]
		},
		"thirdperson_lefthand": {
			"rotation": [75, 45, 0],
			"translation": [0, 2.5, 0],
			"scale": [0.375, 0.375, 0.375]
		},
		"firstperson_righthand": {
			"rotation": [0, 45, 0],
			"scale": [0.4, 0.4, 0.4]
		},
		"firstperson_lefthand": {
			"rotation": [0, 225, 0],
			"scale": [0.4, 0.4, 0.4]
		},
		"ground": {
			"translation": [0, 3, 0],
			"scale": [0.25, 0.25, 0.25]
		},
		"gui": {
			"rotation": [30, 135, 0],
			"translation": [0, -0.5, 0],
			"scale": [0.4, 0.4, 0.4]
		},
		"fixed": {
			"rotation": [90, 90, 0],
			"translation": [-16, 2.1, -24.3],
			"scale": [3, 3, 3]
		}
	},
	"groups": [
		{
			"name": "group",
			"origin": [8, 8, 8],
			"children": [0, 1, 2, 3, 4, 5, 6, 7, 8, 9]
		},
		{
			"name": "group",
			"origin": [8, 8, 8],
			"children": [10, 11, 12, 13, 14, 15, 16, 17, 18, 19]
		},
		{
			"name": "group",
			"origin": [8, 8, 8],
			"children": [20, 21, 22, 23, 24, 25, 26, 27, 28, 29]
		},
		{
			"name": "group",
			"origin": [8, 8, 8],
			"children": [30, 31, 32, 33, 34, 35, 36, 37, 38, 39]
		}, 40]
}