{
	"credit": "Made with Blockbench",
	"parent": "minecraft:block/cube_all",
	"texture_size": [64, 64],
	"textures": {
		"0": "item/chxs_jj_denglong2",
		"particle": "item/chxs_jj_denglong2"
	},
	"elements": [
		{
			"from": [0.5, 3, 0.5],
			"to": [15.5, 15, 15.5],
			"rotation": {"angle": 0, "axis": "y", "origin": [7.5, 8, 7.5]},
			"faces": {
				"north": {"uv": [3.75, 3.75, 7.5, 6.75], "texture": "#0"},
				"east": {"uv": [3.75, 0, 7.5, 3], "texture": "#0"},
				"south": {"uv": [3.75, 6.75, 7.5, 9.75], "texture": "#0"},
				"west": {"uv": [0, 7.5, 3.75, 10.5], "texture": "#0"},
				"up": {"uv": [3.75, 3.75, 0, 0], "texture": "#0"},
				"down": {"uv": [3.75, 3.75, 0, 7.5], "texture": "#0"}
			}
		},
		{
			"from": [15.5, 3, 0.5],
			"to": [0.5, 15, 15.5],
			"rotation": {"angle": 0, "axis": "y", "origin": [22.5, 8, 7.5]},
			"faces": {
				"north": {"uv": [3.75, 3.75, 7.5, 6.75], "texture": "#0"},
				"east": {"uv": [3.75, 0, 7.5, 3], "texture": "#0"},
				"south": {"uv": [3.75, 6.75, 7.5, 9.75], "texture": "#0"},
				"west": {"uv": [0, 7.5, 3.75, 10.5], "texture": "#0"},
				"up": {"uv": [3.75, 3.75, 0, 0], "texture": "#0"},
				"down": {"uv": [3.75, 3.75, 0, 7.5], "texture": "#0"}
			}
		},
		{
			"from": [4.5, -4, 4.5],
			"to": [11.5, 3, 11.5],
			"rotation": {"angle": 0, "axis": "y", "origin": [7.5, 6, 7.5]},
			"faces": {
				"north": {"uv": [1.75, 11.5, 3.5, 13.25], "texture": "#0"},
				"east": {"uv": [0, 11.5, 1.75, 13.25], "texture": "#0"},
				"south": {"uv": [5.25, 11.5, 7, 13.25], "texture": "#0"},
				"west": {"uv": [3.5, 11.5, 5.25, 13.25], "texture": "#0"},
				"up": {"uv": [9.25, 3.5, 7.5, 1.75], "texture": "#0"},
				"down": {"uv": [9.25, 3.5, 7.5, 5.25], "texture": "#0"}
			}
		},
		{
			"from": [11.5, -4, 4.5],
			"to": [4.5, 3, 11.5],
			"rotation": {"angle": 0, "axis": "y", "origin": [14.5, 6, 7.5]},
			"faces": {
				"north": {"uv": [1.75, 11.5, 3.5, 13.25], "texture": "#0"},
				"east": {"uv": [0, 11.5, 1.75, 13.25], "texture": "#0"},
				"south": {"uv": [5.25, 11.5, 7, 13.25], "texture": "#0"},
				"west": {"uv": [3.5, 11.5, 5.25, 13.25], "texture": "#0"},
				"up": {"uv": [9.25, 3.5, 7.5, 1.75], "texture": "#0"},
				"down": {"uv": [9.25, 3.5, 7.5, 5.25], "texture": "#0"}
			}
		},
		{
			"from": [4.5, 15, 4.5],
			"to": [11.5, 17, 11.5],
			"rotation": {"angle": 0, "axis": "y", "origin": [7.5, 24, 7.5]},
			"faces": {
				"north": {"uv": [1.75, 10.75, 3.5, 11.25], "texture": "#0"},
				"east": {"uv": [0, 10.75, 1.75, 11.25], "texture": "#0"},
				"south": {"uv": [5.25, 10.75, 7, 11.25], "texture": "#0"},
				"west": {"uv": [3.5, 10.75, 5.25, 11.25], "texture": "#0"},
				"up": {"uv": [9.25, 9.25, 7.5, 7.5], "texture": "#0"},
				"down": {"uv": [9.25, 0, 7.5, 1.75], "texture": "#0"}
			}
		},
		{
			"from": [11.5, 15, 4.5],
			"to": [4.5, 17, 11.5],
			"rotation": {"angle": 0, "axis": "y", "origin": [14.5, 24, 7.5]},
			"faces": {
				"north": {"uv": [1.75, 10.75, 3.5, 11.25], "texture": "#0"},
				"east": {"uv": [0, 10.75, 1.75, 11.25], "texture": "#0"},
				"south": {"uv": [5.25, 10.75, 7, 11.25], "texture": "#0"},
				"west": {"uv": [3.5, 10.75, 5.25, 11.25], "texture": "#0"},
				"up": {"uv": [9.25, 9.25, 7.5, 7.5], "texture": "#0"},
				"down": {"uv": [9.25, 0, 7.5, 1.75], "texture": "#0"}
			}
		}
	],
	"display": {
		"thirdperson_righthand": {
			"rotation": [75, 45, 0],
			"translation": [0, 2.5, 0],
			"scale": [0.375, 0.375, 0.375]
		},
		"thirdperson_lefthand": {
			"rotation": [75, 45, 0],
			"translation": [0, 2.5, 0],
			"scale": [0.375, 0.375, 0.375]
		},
		"firstperson_righthand": {
			"rotation": [0, 45, 0],
			"scale": [0.4, 0.4, 0.4]
		},
		"firstperson_lefthand": {
			"rotation": [0, 225, 0],
			"scale": [0.4, 0.4, 0.4]
		},
		"ground": {
			"translation": [0, 3, 0],
			"scale": [0.25, 0.25, 0.25]
		},
		"gui": {
			"rotation": [30, 225, 0],
			"scale": [0.625, 0.625, 0.625]
		},
		"fixed": {
			"rotation": [90, 0, 0],
			"translation": [0, 0, -21.5],
			"scale": [2, 2, 2]
		}
	}
}