{
	"credit": "Made with Blockbench",
	"parent": "minecraft:block/cube_all",
	"texture_size": [64, 64],
	"textures": {
		"0": "item/chxs_jj_denglong4",
		"particle": "item/chxs_jj_denglong4"
	},
	"elements": [
		{
			"from": [2.30556, 16.1, 2.96733],
			"to": [12.30556, 24.1, 12.96733],
			"rotation": {"angle": 0, "axis": "y", "origin": [7.05556, 18.6, 7.21733]},
			"faces": {
				"north": {"uv": [3.75, 3.75, 7.5, 6.75], "texture": "#0"},
				"east": {"uv": [3.75, 0, 7.5, 3], "texture": "#0"},
				"south": {"uv": [3.75, 6.75, 7.5, 9.75], "texture": "#0"},
				"west": {"uv": [0, 7.5, 3.75, 10.5], "texture": "#0"},
				"up": {"uv": [3.75, 3.75, 0, 0], "texture": "#0"},
				"down": {"uv": [3.75, 3.75, 0, 7.5], "texture": "#0"}
			}
		},
		{
			"from": [12.30556, 16.1, 2.96733],
			"to": [2.30556, 24.1, 12.96733],
			"rotation": {"angle": 0, "axis": "y", "origin": [17.05556, 18.6, 7.21733]},
			"faces": {
				"north": {"uv": [3.75, 3.75, 7.5, 6.75], "texture": "#0"},
				"east": {"uv": [3.75, 0, 7.5, 3], "texture": "#0"},
				"south": {"uv": [3.75, 6.75, 7.5, 9.75], "texture": "#0"},
				"west": {"uv": [0, 7.5, 3.75, 10.5], "texture": "#0"},
				"up": {"uv": [3.75, 3.75, 0, 0], "texture": "#0"},
				"down": {"uv": [3.75, 3.75, 0, 7.5], "texture": "#0"}
			}
		},
		{
			"from": [4.30556, 24.1, 4.96733],
			"to": [10.30556, 25.35, 10.96733],
			"rotation": {"angle": 0, "axis": "y", "origin": [12.15556, 30.85, 12.21733]},
			"faces": {
				"north": {"uv": [0, 10.75, 2.25, 11.25], "texture": "#0"},
				"east": {"uv": [6.75, 10.75, 9, 11.25], "texture": "#0"},
				"south": {"uv": [4.5, 10.75, 6.75, 11.25], "texture": "#0"},
				"west": {"uv": [2.25, 10.75, 4.5, 11.25], "texture": "#0"},
				"down": {"uv": [7.5, 0, 9.75, 2.25], "texture": "#0"}
			}
		},
		{
			"from": [10.30556, 24.1, 4.96733],
			"to": [4.30556, 25.35, 10.96733],
			"rotation": {"angle": 0, "axis": "y", "origin": [18.15556, 30.85, 12.21733]},
			"faces": {
				"north": {"uv": [0, 10.75, 2.25, 11.25], "texture": "#0"},
				"east": {"uv": [6.75, 10.75, 9, 11.25], "texture": "#0"},
				"south": {"uv": [4.5, 10.75, 6.75, 11.25], "texture": "#0"},
				"west": {"uv": [2.25, 10.75, 4.5, 11.25], "texture": "#0"},
				"down": {"uv": [7.5, 0, 9.75, 2.25], "texture": "#0"}
			}
		},
		{
			"from": [4.30556, 14.85, 4.96733],
			"to": [10.30556, 16.1, 10.96733],
			"rotation": {"angle": 0, "axis": "y", "origin": [12.15556, 9.35, 12.21733]},
			"faces": {
				"north": {"uv": [0, 11.25, 2.25, 10.75], "texture": "#0"},
				"east": {"uv": [6.75, 11.25, 9, 10.75], "texture": "#0"},
				"south": {"uv": [4.5, 11.25, 6.75, 10.75], "texture": "#0"},
				"west": {"uv": [2.25, 11.25, 4.5, 10.75], "texture": "#0"},
				"down": {"uv": [9.75, 0, 12, 2.25], "texture": "#0"}
			}
		},
		{
			"from": [10.30556, 14.85, 4.96733],
			"to": [4.30556, 16.1, 10.96733],
			"rotation": {"angle": 0, "axis": "y", "origin": [18.15556, 9.35, 12.21733]},
			"faces": {
				"north": {"uv": [0, 11.25, 2.25, 10.75], "texture": "#0"},
				"east": {"uv": [6.75, 11.25, 9, 10.75], "texture": "#0"},
				"south": {"uv": [4.5, 11.25, 6.75, 10.75], "texture": "#0"},
				"west": {"uv": [2.25, 11.25, 4.5, 10.75], "texture": "#0"},
				"down": {"uv": [9.75, 0, 12, 2.25], "texture": "#0"}
			}
		},
		{
			"from": [7.20556, 4.1, 0.41733],
			"to": [13.70556, 31.6, 0.41733],
			"rotation": {"angle": 45, "axis": "y", "origin": [17.95556, 35.6, 7.91733]},
			"faces": {
				"north": {"uv": [13.75, 0, 15.5, 7.5], "texture": "#0"},
				"east": {"uv": [0, 0, 0, 10], "texture": "#0"},
				"south": {"uv": [13.75, 0, 15.5, 7.5], "texture": "#0"},
				"west": {"uv": [0, 0, 0, 10], "texture": "#0"},
				"up": {"uv": [0, 0, 1.75, 0], "texture": "#0"},
				"down": {"uv": [0, 0, 1.75, 0], "texture": "#0"}
			}
		},
		{
			"from": [10.45556, 4.1, -2.83267],
			"to": [10.45556, 31.6, 3.66733],
			"rotation": {"angle": 45, "axis": "y", "origin": [17.95556, 35.6, 7.91733]},
			"faces": {
				"north": {"uv": [13.75, 0, 15.5, 10], "texture": "#0"},
				"east": {"uv": [13.75, 0, 15.5, 7.5], "texture": "#0"},
				"south": {"uv": [0, 0, 0, 10], "texture": "#0"},
				"west": {"uv": [13.75, 0, 15.5, 7.5], "texture": "#0"},
				"up": {"uv": [0, 0, 1.75, 0], "rotation": 90, "texture": "#0"},
				"down": {"uv": [0, 0, 1.75, 0], "rotation": 270, "texture": "#0"}
			}
		},
		{
			"from": [2.30556, 5.6, 2.96733],
			"to": [12.30556, 13.6, 12.96733],
			"rotation": {"angle": 0, "axis": "y", "origin": [7.05556, 8.1, 7.21733]},
			"faces": {
				"north": {"uv": [3.75, 3.75, 7.5, 6.75], "texture": "#0"},
				"east": {"uv": [3.75, 0, 7.5, 3], "texture": "#0"},
				"south": {"uv": [3.75, 6.75, 7.5, 9.75], "texture": "#0"},
				"west": {"uv": [0, 7.5, 3.75, 10.5], "texture": "#0"},
				"up": {"uv": [3.75, 3.75, 0, 0], "texture": "#0"},
				"down": {"uv": [3.75, 3.75, 0, 7.5], "texture": "#0"}
			}
		},
		{
			"from": [12.30556, 5.6, 2.96733],
			"to": [2.30556, 13.6, 12.96733],
			"rotation": {"angle": 0, "axis": "y", "origin": [17.05556, 8.1, 7.21733]},
			"faces": {
				"north": {"uv": [3.75, 3.75, 7.5, 6.75], "texture": "#0"},
				"east": {"uv": [3.75, 0, 7.5, 3], "texture": "#0"},
				"south": {"uv": [3.75, 6.75, 7.5, 9.75], "texture": "#0"},
				"west": {"uv": [0, 7.5, 3.75, 10.5], "texture": "#0"},
				"up": {"uv": [3.75, 3.75, 0, 0], "texture": "#0"},
				"down": {"uv": [3.75, 3.75, 0, 7.5], "texture": "#0"}
			}
		},
		{
			"from": [4.30556, 13.6, 4.96733],
			"to": [10.30556, 14.85, 10.96733],
			"rotation": {"angle": 0, "axis": "y", "origin": [12.15556, 20.35, 12.21733]},
			"faces": {
				"north": {"uv": [0, 10.75, 2.25, 11.25], "texture": "#0"},
				"east": {"uv": [6.75, 10.75, 9, 11.25], "texture": "#0"},
				"south": {"uv": [4.5, 10.75, 6.75, 11.25], "texture": "#0"},
				"west": {"uv": [2.25, 10.75, 4.5, 11.25], "texture": "#0"},
				"down": {"uv": [7.5, 0, 9.75, 2.25], "texture": "#0"}
			}
		},
		{
			"from": [10.30556, 13.6, 4.96733],
			"to": [4.30556, 14.85, 10.96733],
			"rotation": {"angle": 0, "axis": "y", "origin": [18.15556, 20.35, 12.21733]},
			"faces": {
				"north": {"uv": [0, 10.75, 2.25, 11.25], "texture": "#0"},
				"east": {"uv": [6.75, 10.75, 9, 11.25], "texture": "#0"},
				"south": {"uv": [4.5, 10.75, 6.75, 11.25], "texture": "#0"},
				"west": {"uv": [2.25, 10.75, 4.5, 11.25], "texture": "#0"},
				"down": {"uv": [7.5, 0, 9.75, 2.25], "texture": "#0"}
			}
		},
		{
			"from": [4.30556, 4.35, 4.96733],
			"to": [10.30556, 5.6, 10.96733],
			"rotation": {"angle": 0, "axis": "y", "origin": [12.15556, -1.15, 12.21733]},
			"faces": {
				"north": {"uv": [0, 11.25, 2.25, 10.75], "texture": "#0"},
				"east": {"uv": [6.75, 11.25, 9, 10.75], "texture": "#0"},
				"south": {"uv": [4.5, 11.25, 6.75, 10.75], "texture": "#0"},
				"west": {"uv": [2.25, 11.25, 4.5, 10.75], "texture": "#0"},
				"down": {"uv": [9.75, 0, 12, 2.25], "texture": "#0"}
			}
		},
		{
			"from": [10.30556, 4.35, 4.96733],
			"to": [4.30556, 5.6, 10.96733],
			"rotation": {"angle": 0, "axis": "y", "origin": [18.15556, -1.15, 12.21733]},
			"faces": {
				"north": {"uv": [0, 11.25, 2.25, 10.75], "texture": "#0"},
				"east": {"uv": [6.75, 11.25, 9, 10.75], "texture": "#0"},
				"south": {"uv": [4.5, 11.25, 6.75, 10.75], "texture": "#0"},
				"west": {"uv": [2.25, 11.25, 4.5, 10.75], "texture": "#0"},
				"down": {"uv": [9.75, 0, 12, 2.25], "texture": "#0"}
			}
		},
		{
			"from": [4.90556, 0.6, 5.56733],
			"to": [9.60556, 5.1, 10.26733],
			"rotation": {"angle": 0, "axis": "y", "origin": [5.50556, 10.6, 7.56733]},
			"faces": {
				"north": {"uv": [1.75, 14, 3.5, 15.75], "texture": "#0"},
				"east": {"uv": [0, 14, 1.75, 15.75], "texture": "#0"},
				"south": {"uv": [5.25, 14, 7, 15.75], "texture": "#0"},
				"west": {"uv": [3.5, 14, 5.25, 15.75], "texture": "#0"},
				"up": {"uv": [7.75, 0.25, 9.5, 2], "texture": "#0"},
				"down": {"uv": [9.25, 3.5, 7.5, 5.25], "texture": "#0"}
			}
		},
		{
			"from": [9.60556, 0.6, 5.56733],
			"to": [4.90556, 5.1, 10.26733],
			"rotation": {"angle": 0, "axis": "y", "origin": [10.20556, 10.6, 7.56733]},
			"faces": {
				"north": {"uv": [1.75, 14, 3.5, 15.75], "texture": "#0"},
				"east": {"uv": [0, 14, 1.75, 15.75], "texture": "#0"},
				"south": {"uv": [5.25, 14, 7, 15.75], "texture": "#0"},
				"west": {"uv": [3.5, 14, 5.25, 15.75], "texture": "#0"},
				"up": {"uv": [7.75, 0.25, 9.5, 2], "texture": "#0"},
				"down": {"uv": [9.25, 3.5, 7.5, 5.25], "texture": "#0"}
			}
		},
		{
			"from": [7.20556, -6.4, 0.41733],
			"to": [13.70556, 21.1, 0.41733],
			"rotation": {"angle": 45, "axis": "y", "origin": [17.95556, 25.1, 7.91733]},
			"faces": {
				"north": {"uv": [13.75, 0, 15.5, 7.5], "texture": "#0"},
				"east": {"uv": [0, 0, 0, 10], "texture": "#0"},
				"south": {"uv": [13.75, 0, 15.5, 7.5], "texture": "#0"},
				"west": {"uv": [0, 0, 0, 10], "texture": "#0"},
				"up": {"uv": [0, 0, 1.75, 0], "texture": "#0"},
				"down": {"uv": [0, 0, 1.75, 0], "texture": "#0"}
			}
		},
		{
			"from": [10.45556, -6.4, -2.83267],
			"to": [10.45556, 21.1, 3.66733],
			"rotation": {"angle": 45, "axis": "y", "origin": [17.95556, 25.1, 7.91733]},
			"faces": {
				"north": {"uv": [13.75, 0, 15.5, 10], "texture": "#0"},
				"east": {"uv": [13.75, 0, 15.5, 7.5], "texture": "#0"},
				"south": {"uv": [0, 0, 0, 10], "texture": "#0"},
				"west": {"uv": [13.75, 0, 15.5, 7.5], "texture": "#0"},
				"up": {"uv": [0, 0, 1.75, 0], "rotation": 90, "texture": "#0"},
				"down": {"uv": [0, 0, 1.75, 0], "rotation": 270, "texture": "#0"}
			}
		}
	],
	"display": {
		"thirdperson_righthand": {
			"rotation": [75, 45, 0],
			"translation": [0, 2.5, 0],
			"scale": [0.375, 0.375, 0.375]
		},
		"thirdperson_lefthand": {
			"rotation": [75, 45, 0],
			"translation": [0, 2.5, 0],
			"scale": [0.375, 0.375, 0.375]
		},
		"firstperson_righthand": {
			"rotation": [0, 45, 0],
			"scale": [0.4, 0.4, 0.4]
		},
		"firstperson_lefthand": {
			"rotation": [0, 225, 0],
			"scale": [0.4, 0.4, 0.4]
		},
		"ground": {
			"translation": [0, 3, 0],
			"scale": [0.25, 0.25, 0.25]
		},
		"gui": {
			"rotation": [30, 225, 0],
			"translation": [-0.25, -0.75, 0],
			"scale": [0.45, 0.45, 0.45]
		},
		"fixed": {
			"rotation": [-90, 90, 0],
			"translation": [13.31, 10.5, 51.6],
			"scale": [4, 4, 4]
		}
	},
	"groups": [
		{
			"name": "group",
			"origin": [8, 8, 8],
			"children": [0, 1, 2, 3, 4, 5, 6, 7]
		},
		{
			"name": "group",
			"origin": [8, 8, 8],
			"children": [8, 9, 10, 11, 12, 13, 14, 15, 16, 17]
		}
	]
}