{
	"credit": "Made with Blockbench",
	"texture_size": [32, 32],
	"textures": {
		"1": "item/chxx_mianbao",
		"particle": "item/chxx_mianbao"
	},
	"elements": [
		{
			"from": [2.5, 0, 5.5],
			"to": [13.5, 3, 10.5],
			"rotation": {"angle": 0, "axis": "y", "origin": [10.5, 8, 13.5]},
			"faces": {
				"north": {"uv": [0, 5, 5.5, 6.5], "texture": "#1"},
				"east": {"uv": [5.5, 0, 8, 1.5], "texture": "#1"},
				"south": {"uv": [5.5, 5.5, 11, 7], "texture": "#1"},
				"west": {"uv": [5.5, 1.5, 8, 3], "texture": "#1"},
				"up": {"uv": [5.5, 2.5, 0, 0], "texture": "#1"},
				"down": {"uv": [5.5, 2.5, 0, 5], "texture": "#1"}
			}
		}
	],
	"display": {
		"thirdperson_righthand": {
			"translation": [0, 6.75, 0],
			"scale": [0.8, 0.8, 0.8]
		},
		"thirdperson_lefthand": {
			"translation": [0, 6.75, 0],
			"scale": [0.8, 0.8, 0.8]
		},
		"firstperson_righthand": {
			"translation": [0, 7, 0],
			"scale": [0.8, 0.8, 0.8]
		},
		"firstperson_lefthand": {
			"translation": [0, 7, 0],
			"scale": [0.8, 0.8, 0.8]
		},
		"ground": {
			"translation": [0, 4, 0],
			"scale": [0.5, 0.5, 0.5]
		},
		"gui": {
			"rotation": [38, -138, 0],
			"translation": [0, 6.5, 0],
			"scale": [1.2, 1.2, 1.2]
		},
		"head": {
			"translation": [0, 17.5, 0],
			"scale": [1.9, 1.9, 1.9]
		},
		"fixed": {
			"rotation": [-90, 0, 0],
			"translation": [0, 0, -14.35],
			"scale": [1.8, 1.8, 1.8]
		}
	}
}