{
  "parent": "minecraft:item/handheld",
  "textures": {
    "layer0": "minecraft:item/diamond_pickaxe"
  },
  "overrides" :[
		{"predicate":{"custom_model_data":10001},"model":"item/zishuijing_pickaxe"},
    {"predicate":{"custom_model_data":10009},"model":"item/tong_pickaxe"},
    {"predicate":{"custom_model_data":10010},"model":"item/lieyan_pickaxe"},
    {"predicate":{"custom_model_data":10011},"model":"item/lanbing_pickaxe"},
    {"predicate":{"custom_model_data":10012},"model":"item/haijing_pickaxe"},
    {"predicate":{"custom_model_data":10013},"model":"item/moka_pickaxe"}
	]
}