{
	"credit": "Made with Blockbench",
	"parent": "block/block",
	"textures": {
		"1": "item/nvwumao"
	},
	"elements": [
		{
			"from": [0, 0, 0],
			"to": [16, 1, 16],
			"faces": {
				"north": {"uv": [0, 8.5, 4, 8.75], "texture": "#1"},
				"east": {"uv": [0, 8.5, 4, 8.75], "texture": "#1"},
				"south": {"uv": [0, 8.5, 4, 8.75], "texture": "#1"},
				"west": {"uv": [0, 8.5, 4, 8.75], "texture": "#1"},
				"up": {"uv": [0, 0, 4, 4], "texture": "#1"},
				"down": {"uv": [0, 4.25, 4, 8.25], "texture": "#1"}
			}
		},
		{
			"from": [3, 1, 3],
			"to": [13, 5, 13],
			"rotation": {"angle": 0, "axis": "y", "origin": [11, 9, 11]},
			"faces": {
				"north": {"uv": [4.25, 2.75, 6.75, 3.75], "texture": "#1"},
				"east": {"uv": [4.25, 6.5, 6.75, 7.5], "texture": "#1"},
				"south": {"uv": [4.25, 5.25, 6.75, 6.25], "texture": "#1"},
				"west": {"uv": [4.25, 4, 6.75, 5], "texture": "#1"},
				"up": {"uv": [4.25, 0, 6.75, 2.5], "texture": "#1"}
			}
		},
		{
			"from": [4, -3.9, 10],
			"to": [12, 3.1, 16],
			"rotation": {"angle": 45, "axis": "x", "origin": [11, 7.1, 17]},
			"faces": {
				"north": {"uv": [7, 0, 9, 1.75], "texture": "#1"},
				"east": {"uv": [7, 3.75, 8.5, 5.5], "texture": "#1"},
				"south": {"uv": [7, 0, 9, 1.75], "texture": "#1"},
				"west": {"uv": [7, 3.75, 8.5, 5.5], "texture": "#1"},
				"up": {"uv": [7, 2, 9, 3.5], "texture": "#1"}
			}
		},
		{
			"from": [5, 5, 9.1],
			"to": [11, 9, 16.1],
			"rotation": {"angle": 0, "axis": "y", "origin": [11, 13, 18.1]},
			"faces": {
				"east": {"uv": [9.25, 2, 11, 3], "texture": "#1"},
				"south": {"uv": [9.25, 3.25, 10.75, 4.25], "texture": "#1"},
				"west": {"uv": [9.25, 2, 11, 3], "texture": "#1"},
				"up": {"uv": [9.25, 0, 10.75, 1.75], "texture": "#1"},
				"down": {"uv": [9.25, 0, 10.75, 1.75], "texture": "#1"}
			}
		}
	],
	"display": {
		"thirdperson_righthand": {
			"rotation": [75, 45, 0],
			"translation": [0, 4.25, 2.5],
			"scale": [0.6, 0.6, 0.6]
		},
		"thirdperson_lefthand": {
			"rotation": [75, 45, 0],
			"translation": [0, 4.25, 2.5],
			"scale": [0.6, 0.6, 0.6]
		},
		"firstperson_righthand": {
			"rotation": [0, 123, 0],
			"translation": [0, 7, 0],
			"scale": [0.8, 0.8, 0.8]
		},
		"firstperson_lefthand": {
			"rotation": [0, 123, 0],
			"translation": [0, 7, 0],
			"scale": [0.8, 0.8, 0.8]
		},
		"ground": {
			"translation": [0, 4, 0],
			"scale": [0.5, 0.5, 0.5]
		},
		"gui": {
			"rotation": [38, 138, 0],
			"translation": [0, 2.25, 0],
			"scale": [0.68, 0.68, 0.68]
		},
		"head": {
			"translation": [0, 12.75, 0],
			"scale": [1.5, 1.5, 1.5]
		},
		"fixed": {
			"rotation": [-90, 0, 0],
			"translation": [0, 0, -14.6],
			"scale": [1.8, 1.8, 1.8]
		}
	}
}