{
    "parent": "n2u:jc_zuoxia",
    "display": {
        "icon": {
            "item": "minecraft:wandering_trader_spawn_egg",
            "nbt": "{CustomModelData:1}"
        },
        "title": {
            "text":"\u00a7l合成家具商人",
            "color": ""
        },
        "description": {
            "text":"\u00a7f\u00a7l合成家具商人：\n\u00a77将\u00A7b\n绿宝石\n鸡蛋\n木棍\n\u00A7f丢在\u00A76工作台方块上方\u00A7f即可合成家具商人蛋，\u00A7a右键\u00A7f可放置商人\n\u00A77(干掉商人可返还合成材料)\n\u00A7e⚠家具需放置在隐形展示框内显示！",
            "color": "white"
        },
        "frame": "task",
        "show_toast": false,
        "announce_to_chat": false
    },
    "criteria": {
        "tick":{
            "trigger": "minecraft:tick"
            }
        }
    }