{
    "parent": "n2u:jc_wuqishangren",
    "display": {
        "icon": {
            "item": "minecraft:wandering_trader_spawn_egg",
            "nbt": "{CustomModelData:1}"
        },
        "title": {
            "text":"\u00a7l合成图腾商人",
            "color": ""
        },
        "description": {
            "text":"\u00a7f\u00a7l合成图腾商人：\n\u00a77将\u00A7b绿宝石、鸡蛋、泥土\n\u00A7f丢在\u00A76工作台方块上方\u00A7f即可合成图腾商人蛋，\u00A7a右键\u00A7f可放置商人\n\u00A7e皮肤可以命名的空间为\u00A7f001~100\u00A77(比如001、002、003..),\u00A7e命名好的贴图放在此材质包的\u00A7f/assets/minecraft/textures/item/1pf\u00A7e目录下，重载材质包之后对应的玩偶即可显示你放入的皮肤",
            "color": "white"
        },
        "frame": "task",
        "show_toast": false,
        "announce_to_chat": false
    },
    "criteria": {
        "tick":{
            "trigger": "minecraft:tick"
            }
        }
    }