{
    "parent": "n2u:root",
    "display": {
        "icon": {
            "item": "minecraft:carved_pumpkin",
            "nbt": "{CustomModelData:20007}"
        },
        "title": {
            "text":"\u00a7l坐下的指令",
            "color": ""
        },
        "description": {
            "text":"\u00a7f\u00a7l坐下的指令：\u00a77\n若以下指令未生效，请按ESC > 对局域网开放 > 允许作弊：开\n\n\u00a7a席地而坐：\n\u00a7f/function _z1\n\u00a7a腾空半格：\n\u00a7f/function _z2\n\u00a7a腾空一格：\n\u00a7f/function _z3\n\n\u00a7a输入完指令\u00a7b空手右键脚下\u00a7a即可坐下",
            "color": "green"
        },
        "frame": "task",
        "show_toast": false,
        "announce_to_chat": false
    },
    "criteria": {
        "tick":{
            "trigger": "minecraft:tick"
            }
        }
    }