{
    "display": {
        "icon": {
            "item": "minecraft:carved_pumpkin",
            "nbt": "{CustomModelData:20007}"   
        },
        "title": {
            "text":"\u00a7l彩虹像素使用教程",
            "color": "green"
        },
        "description": {
            "text":"指针悬停在图标上查看教程\n\u00a7a若看不见内容请\u00a7f按ESC>选项>视频设置>界面尺寸\u00a7a,调整界面大小",
            "color": "yellow"
        },
        "frame": "task",
        "background": "minecraft:textures/gui/options_background_ui.png",
        "show_toast": false,
        "announce_to_chat": false
    },
    "criteria": {
        "tick":{
            "trigger": "minecraft:tick"
            }
        }
    }