{
    "functions": [
        {
            "function": "set_count",
            "count":1
        },
        {
            "function": "set_name",
            "name": ""
        },
        {
            "function": "set_nbt",
            "tag":"{Tags:[\"isButton\",\"imageUI\"]}"
        }
    ],
    "pools": [
        {
            "rolls":1,
            "entries": [
                {
                    "type": "item",
                    "name": "minecraft:paper"
                }
            ]
        }
    ]
}