{
	"credit": "Made by YSBB with Blockbench",
	"texture_size": [32, 32],
	"textures": {
		"0": "item/100",
		"particle": "item/100"
	},
	"elements": [
		{
			"from": [4.1105, 6.37584, 4],
			"to": [12.1105, 10.37584, 12],
			"rotation": {"angle": 0, "axis": "y", "origin": [8.1105, 6.50084, 8]},
			"faces": {
				"north": {"uv": [4, 4, 8, 6], "texture": "#0"},
				"east": {"uv": [0, 4, 4, 6], "texture": "#0"},
				"south": {"uv": [12, 4, 16, 6], "texture": "#0"},
				"west": {"uv": [8, 4, 12, 6], "texture": "#0"},
				"up": {"uv": [8, 4, 4, 0], "texture": "#0"}
			}
		},
		{
			"from": [3.7605, 6.37584, 3.65],
			"to": [12.4605, 7.37584, 12.35],
			"rotation": {"angle": 0, "axis": "z", "origin": [8.1105, 6.50084, 8]},
			"faces": {
				"north": {"uv": [4, 5.5, 8.5, 6], "texture": "#0"},
				"east": {"uv": [0, 5.5, 4.5, 6], "texture": "#0"},
				"south": {"uv": [12, 5.5, 16, 6], "texture": "#0"},
				"west": {"uv": [8, 5.5, 12.5, 6], "texture": "#0"},
				"up": {"uv": [8.5, 6, 4.5, 5.5], "texture": "#0"}
			}
		},
		{
			"from": [0, 6.35, 0],
			"to": [16, 6.35, 16],
			"faces": {
				"up": {"uv": [8, 8, 16, 16], "texture": "#0"},
				"down": {"uv": [8, 8, 16, 16], "texture": "#0"}
			}
		},
		{
			"from": [0, 6.4, 0],
			"to": [16, 6.4, 16],
			"faces": {
				"up": {"uv": [8, 8, 16, 16], "texture": "#0"},
				"down": {"uv": [8, 8, 16, 16], "texture": "#0"}
			}
		},
		{
			"from": [0, 6.3, 0],
			"to": [16, 6.3, 16],
			"faces": {
				"up": {"uv": [8, 8, 16, 16], "texture": "#0"},
				"down": {"uv": [8, 8, 16, 16], "texture": "#0"}
			}
		},
		{
			"from": [5, -1.3, 5],
			"to": [11, 4.7, 11],
			"rotation": {"angle": -22.5, "axis": "x", "origin": [8, 1.7, 8]},
			"faces": {
				"north": {"uv": [1.5, 13, 4.5, 16], "texture": "#0"},
				"east": {"uv": [1.5, 13, 4.5, 16], "texture": "#0"},
				"south": {"uv": [1.5, 13, 4.5, 16], "texture": "#0"},
				"west": {"uv": [1.5, 13, 4.5, 16], "texture": "#0"},
				"up": {"uv": [1.5, 13, 4.5, 16], "rotation": 180, "texture": "#0"},
				"down": {"uv": [1.5, 13, 4.5, 16], "texture": "#0"}
			}
		},
		{
			"from": [4.5, 5.2, 4.5],
			"to": [11.5, -1.8, 11.5],
			"rotation": {"angle": -22.5, "axis": "x", "origin": [8, 1.7, 8]},
			"faces": {
				"north": {"uv": [0, 14.5, 1.5, 16], "rotation": 180, "texture": "#0"},
				"east": {"uv": [0, 14.5, 1.5, 16], "rotation": 270, "texture": "#0"},
				"south": {"uv": [0, 14.5, 1.5, 16], "texture": "#0"},
				"west": {"uv": [0, 14.5, 1.5, 16], "rotation": 90, "texture": "#0"},
				"up": {"uv": [0, 14.5, 1.5, 16], "rotation": 180, "texture": "#0"},
				"down": {"uv": [0, 14.5, 1.5, 16], "texture": "#0"}
			}
		}
	],
	"display": {
		"thirdperson_righthand": {
			"rotation": [75, 45, 0],
			"translation": [0, 2.5, 0.5],
			"scale": [0.375, 0.375, 0.375]
		},
		"thirdperson_lefthand": {
			"rotation": [75, 45, 0],
			"translation": [0, 2.5, 0],
			"scale": [0.375, 0.375, 0.375]
		},
		"firstperson_righthand": {
			"rotation": [0, 45, 0],
			"translation": [0, 3, 0],
			"scale": [0.4, 0.4, 0.4]
		},
		"firstperson_lefthand": {
			"rotation": [0, 225, 0],
			"translation": [0, 3, 0],
			"scale": [0.4, 0.4, 0.4]
		},
		"ground": {
			"translation": [0, 2, 0],
			"scale": [0.5, 0.5, 0.5]
		},
		"gui": {
			"rotation": [30, 225, 0],
			"translation": [0, 2, 0],
			"scale": [0.8, 0.8, 0.8]
		},
		"head": {
			"rotation": [0, 55, 0],
			"translation": [0, 16.5, 0],
			"scale": [2.2, 2.2, 2.2]
		},
		"fixed": {
			"rotation": [-90, 0, 0],
			"translation": [0, 0, -16],
			"scale": [2, 2, 2]
		}
	},
	"groups": [
		{
			"name": "group",
			"origin": [8, 12.0625, 8],
			"color": 0,
			"children": [0, 1, 2, 3, 4]
		},
		5,
		6
	]
}