{
	"credit": "Made by YSBB with Blockbench",
	"texture_size": [32, 32],
	"textures": {
		"0": "item/105",
		"particle": "item/105"
	},
	"elements": [
		{
			"from": [5, 5, -2],
			"to": [11, 8, 4],
			"rotation": {"angle": -22.5, "axis": "x", "origin": [8, 3.75, 1]},
			"faces": {
				"north": {"uv": [12.5, 10.5, 15.5, 12], "texture": "#0"},
				"east": {"uv": [10.5, 8, 13.5, 9.5], "texture": "#0"},
				"south": {"uv": [13, 10.5, 16, 12], "texture": "#0"},
				"west": {"uv": [10.5, 8, 13.5, 9.5], "texture": "#0"},
				"up": {"uv": [10.5, 8, 13.5, 11], "texture": "#0"},
				"down": {"uv": [10.5, 8, 13.5, 11], "texture": "#0"}
			}
		},
		{
			"from": [4, 3, -3],
			"to": [12, 5, 5],
			"rotation": {"angle": -22.5, "axis": "x", "origin": [8, 3.75, 1]},
			"faces": {
				"north": {"uv": [11, 9.5, 15, 10.5], "texture": "#0"},
				"east": {"uv": [12, 13, 16, 14], "texture": "#0"},
				"south": {"uv": [11.5, 11, 15.5, 12], "texture": "#0"},
				"west": {"uv": [10.5, 10, 14.5, 11], "texture": "#0"},
				"up": {"uv": [11.5, 8.5, 15.5, 12.5], "texture": "#0"},
				"down": {"uv": [11.5, 15, 12.5, 16], "texture": "#0"}
			}
		},
		{
			"from": [7, -1, 0],
			"to": [9, 3, 2],
			"rotation": {"angle": -22.5, "axis": "x", "origin": [8, 3.75, 1]},
			"faces": {
				"north": {"uv": [11.5, 14, 12.5, 16], "texture": "#0"},
				"east": {"uv": [11.5, 14, 12.5, 16], "texture": "#0"},
				"south": {"uv": [11.5, 14, 12.5, 16], "texture": "#0"},
				"west": {"uv": [11.5, 14, 12.5, 16], "texture": "#0"},
				"up": {"uv": [11.5, 14, 12.5, 15], "texture": "#0"},
				"down": {"uv": [11.5, 14, 12.5, 15], "texture": "#0"}
			}
		},
		{
			"from": [5, 5, 12],
			"to": [11, 8, 18],
			"rotation": {"angle": 22.5, "axis": "x", "origin": [8, 3.75, 15]},
			"faces": {
				"north": {"uv": [12.5, 10.5, 15.5, 12], "texture": "#0"},
				"east": {"uv": [10.5, 8, 13.5, 9.5], "texture": "#0"},
				"south": {"uv": [13, 10.5, 16, 12], "texture": "#0"},
				"west": {"uv": [10.5, 8, 13.5, 9.5], "texture": "#0"},
				"up": {"uv": [10.5, 8, 13.5, 11], "texture": "#0"},
				"down": {"uv": [10.5, 8, 13.5, 11], "texture": "#0"}
			}
		},
		{
			"from": [4, 3, 11],
			"to": [12, 5, 19],
			"rotation": {"angle": 22.5, "axis": "x", "origin": [8, 3.75, 15]},
			"faces": {
				"north": {"uv": [11, 9.5, 15, 10.5], "texture": "#0"},
				"east": {"uv": [12, 13, 16, 14], "texture": "#0"},
				"south": {"uv": [11.5, 11, 15.5, 12], "texture": "#0"},
				"west": {"uv": [10.5, 10, 14.5, 11], "texture": "#0"},
				"up": {"uv": [11.5, 8.5, 15.5, 12.5], "texture": "#0"},
				"down": {"uv": [11.5, 15, 12.5, 16], "texture": "#0"}
			}
		},
		{
			"from": [7, -1, 14],
			"to": [9, 3, 16],
			"rotation": {"angle": 22.5, "axis": "x", "origin": [8, 3.75, 15]},
			"faces": {
				"north": {"uv": [11.5, 14, 12.5, 16], "texture": "#0"},
				"east": {"uv": [11.5, 14, 12.5, 16], "texture": "#0"},
				"south": {"uv": [11.5, 14, 12.5, 16], "texture": "#0"},
				"west": {"uv": [11.5, 14, 12.5, 16], "texture": "#0"},
				"up": {"uv": [11.5, 14, 12.5, 15], "texture": "#0"},
				"down": {"uv": [11.5, 14, 12.5, 15], "texture": "#0"}
			}
		}
	],
	"display": {
		"thirdperson_righthand": {
			"rotation": [75, 45, 0],
			"translation": [0, 2, 3],
			"scale": [0.75, 0.75, 0.75]
		},
		"thirdperson_lefthand": {
			"rotation": [75, 45, 0],
			"translation": [0, 2, 3],
			"scale": [0.75, 0.75, 0.75]
		},
		"firstperson_righthand": {
			"rotation": [0, -90, 25],
			"translation": [1.13, 4.5, 1.13],
			"scale": [0.5, 0.5, 0.5]
		},
		"firstperson_lefthand": {
			"rotation": [0, -90, 25],
			"translation": [1.13, 4.5, 1.13],
			"scale": [0.5, 0.5, 0.5]
		},
		"ground": {
			"translation": [0, 5, 0]
		},
		"gui": {
			"rotation": [30, 225, 0],
			"translation": [0, 2, 0],
			"scale": [0.84, 0.84, 0.84]
		},
		"head": {
			"rotation": [0, 90, 0],
			"translation": [0, 12, -0.5],
			"scale": [0.8, 0.8, 0.8]
		},
		"fixed": {
			"rotation": [-90, 170, 0],
			"translation": [0, 0, -13],
			"scale": [1.8, 1.8, 1.8]
		}
	},
	"groups": [
		{
			"name": "group",
			"origin": [0, 0, 0],
			"color": 0,
			"children": [0, 1, 2]
		},
		{
			"name": "group",
			"origin": [0, 0, 0],
			"color": 0,
			"children": [3, 4, 5]
		}
	]
}