{
	"credit": "Made by YSBB with Blockbench",
	"texture_size": [32, 32],
	"textures": {
		"0": "item/105"
	},
	"elements": [
		{
			"from": [7, 0, 1.5],
			"to": [9, 5, 3.5],
			"faces": {
				"north": {"uv": [2, 5, 3, 7.5], "texture": "#0"},
				"east": {"uv": [2, 5, 3, 7.5], "texture": "#0"},
				"south": {"uv": [2, 5, 3, 7.5], "texture": "#0"},
				"west": {"uv": [2, 5, 3, 7.5], "texture": "#0"},
				"down": {"uv": [2, 5, 3, 6], "texture": "#0"}
			}
		},
		{
			"from": [5, 8, -0.5],
			"to": [11, 12, 5.5],
			"faces": {
				"north": {"uv": [1, 0.5, 4, 2.5], "texture": "#0"},
				"east": {"uv": [1, 0.5, 4, 2.5], "texture": "#0"},
				"south": {"uv": [4, 0.5, 1, 2.5], "texture": "#0"},
				"west": {"uv": [1, 1.5, 4, 3.5], "texture": "#0"},
				"up": {"uv": [1, 0.5, 4, 3.5], "texture": "#0"}
			}
		},
		{
			"from": [4, 5, -1.5],
			"to": [12, 8, 6.5],
			"faces": {
				"north": {"uv": [0, 3.5, 4, 5], "texture": "#0"},
				"east": {"uv": [0, 3.5, 4, 5], "texture": "#0"},
				"south": {"uv": [0, 3.5, 4, 5], "texture": "#0"},
				"west": {"uv": [0, 3.5, 4, 5], "texture": "#0"},
				"up": {"uv": [4, 3.5, 8, 7.5], "texture": "#0"},
				"down": {"uv": [5, 3.5, 7, 5.5], "texture": "#0"}
			}
		},
		{
			"from": [5, 8, 10.5],
			"to": [11, 12, 16.5],
			"faces": {
				"north": {"uv": [1, 0.5, 4, 2.5], "texture": "#0"},
				"east": {"uv": [1, 0.5, 4, 2.5], "texture": "#0"},
				"south": {"uv": [4, 0.5, 1, 2.5], "texture": "#0"},
				"west": {"uv": [1, 1.5, 4, 3.5], "texture": "#0"},
				"up": {"uv": [1, 0.5, 4, 3.5], "texture": "#0"}
			}
		},
		{
			"from": [4, 5, 9.5],
			"to": [12, 8, 17.5],
			"faces": {
				"north": {"uv": [0, 3.5, 4, 5], "texture": "#0"},
				"east": {"uv": [0, 3.5, 4, 5], "texture": "#0"},
				"south": {"uv": [0, 3.5, 4, 5], "texture": "#0"},
				"west": {"uv": [0, 3.5, 4, 5], "texture": "#0"},
				"up": {"uv": [4, 3.5, 8, 7.5], "texture": "#0"},
				"down": {"uv": [5, 3.5, 7, 5.5], "texture": "#0"}
			}
		},
		{
			"from": [7, 0, 12.5],
			"to": [9, 5, 14.5],
			"faces": {
				"north": {"uv": [2, 5, 3, 7.5], "texture": "#0"},
				"east": {"uv": [2, 5, 3, 7.5], "texture": "#0"},
				"south": {"uv": [2, 5, 3, 7.5], "texture": "#0"},
				"west": {"uv": [2, 5, 3, 7.5], "texture": "#0"},
				"down": {"uv": [2, 5, 3, 6], "texture": "#0"}
			}
		}
	],
	"display": {
		"thirdperson_righthand": {
			"rotation": [75, 45, 0],
			"translation": [0, 2, 3],
			"scale": [0.75, 0.75, 0.75]
		},
		"thirdperson_lefthand": {
			"rotation": [75, 45, 0],
			"translation": [0, 2, 3],
			"scale": [0.75, 0.75, 0.75]
		},
		"firstperson_righthand": {
			"rotation": [0, -90, 25],
			"translation": [1.13, 4.5, 1.13],
			"scale": [0.5, 0.5, 0.5]
		},
		"firstperson_lefthand": {
			"rotation": [0, -90, 25],
			"translation": [1.13, 4.5, 1.13],
			"scale": [0.5, 0.5, 0.5]
		},
		"ground": {
			"translation": [0, 5, 0]
		},
		"gui": {
			"rotation": [30, 225, 0],
			"scale": [0.84, 0.84, 0.84]
		},
		"head": {
			"rotation": [-90, -90, 0],
			"translation": [0, 0.25, -10.5],
			"scale": [0.7, 0.7, 0.7]
		},
		"fixed": {
			"rotation": [-90, 170, 0],
			"translation": [0, 0, -13],
			"scale": [1.8, 1.8, 1.8]
		}
	}
}