{
	"credit": "Made by YSBB with Blockbench",
	"textures": {
		"0": "item/108",
		"particle": "item/108"
	},
	"elements": [
		{
			"from": [7, 3, -13],
			"to": [7, 19, 3],
			"rotation": {"angle": 0, "axis": "y", "origin": [0, 0, 3]},
			"faces": {
				"east": {"uv": [0, 8, 8, 16], "texture": "#0"},
				"west": {"uv": [8, 8, 0, 16], "texture": "#0"}
			}
		},
		{
			"from": [7, 3, 13],
			"to": [7, 19, 29],
			"rotation": {"angle": 0, "axis": "y", "origin": [0, 0, -3]},
			"faces": {
				"east": {"uv": [8, 8, 0, 16], "texture": "#0"},
				"west": {"uv": [0, 8, 8, 16], "texture": "#0"}
			}
		},
		{
			"from": [7, 6, 11],
			"to": [7, 22, 27],
			"rotation": {"angle": -22.5, "axis": "x", "origin": [7, 11, 21]},
			"faces": {
				"east": {"uv": [8, 0, 0, 8], "texture": "#0"},
				"west": {"uv": [0, 0, 8, 8], "texture": "#0"}
			}
		},
		{
			"from": [7, 6, -11],
			"to": [7, 22, 5],
			"rotation": {"angle": 22.5, "axis": "x", "origin": [7, 11, -5]},
			"faces": {
				"east": {"uv": [0, 0, 8, 8], "texture": "#0"},
				"west": {"uv": [8, 0, 0, 8], "texture": "#0"}
			}
		},
		{
			"from": [7, 1, 16],
			"to": [7, 17, 32],
			"rotation": {"angle": 22.5, "axis": "x", "origin": [7, 11, 21]},
			"faces": {
				"east": {"uv": [16, 8, 8, 16], "texture": "#0"},
				"west": {"uv": [8, 8, 16, 16], "texture": "#0"}
			}
		},
		{
			"from": [7, 1, -16],
			"to": [7, 17, 0],
			"rotation": {"angle": -22.5, "axis": "x", "origin": [7, 11, -5]},
			"faces": {
				"east": {"uv": [8, 8, 16, 16], "texture": "#0"},
				"west": {"uv": [16, 8, 8, 16], "texture": "#0"}
			}
		}
	],
	"gui_light": "front",
	"display": {
		"thirdperson_righthand": {
			"rotation": [75, 45, 0],
			"translation": [0, 2.5, 0],
			"scale": [0.375, 0.375, 0.375]
		},
		"thirdperson_lefthand": {
			"rotation": [75, 45, 0],
			"translation": [0, 2.5, 0],
			"scale": [0.375, 0.375, 0.375]
		},
		"firstperson_righthand": {
			"rotation": [0, -80, 25],
			"translation": [7, 3.2, 1.13],
			"scale": [0.68, 0.68, 0.68]
		},
		"firstperson_lefthand": {
			"rotation": [0, -80, 25],
			"translation": [7, 3.2, 1.13],
			"scale": [0.68, 0.68, 0.68]
		},
		"ground": {
			"translation": [0, 2, 0],
			"scale": [0.5, 0.5, 0.5]
		},
		"gui": {
			"rotation": [30, 225, 0],
			"translation": [-0.75, -0.25, 0],
			"scale": [0.75, 0.75, 0.75]
		},
		"head": {
			"rotation": [0, -90, 0],
			"translation": [0, 5.25, 0]
		},
		"fixed": {
			"rotation": [-90, 180, 0],
			"translation": [0, 0, -11.25],
			"scale": [1.8, 1.8, 1.8]
		}
	},
	"groups": [
		{
			"name": "group",
			"origin": [0, 0, 0],
			"color": 0,
			"children": [0, 1]
		},
		{
			"name": "group",
			"origin": [7, 11, -5],
			"color": 0,
			"children": [2, 3]
		},
		{
			"name": "group",
			"origin": [7, 11, -5],
			"color": 0,
			"children": [4, 5]
		}
	]
}