{
	"credit": "Made by YSBB with Blockbench",
	"ambientocclusion": false,
	"textures": {
		"2": "item/111",
		"3": "item/111_0",
		"particle": "item/111_0"
	},
	"elements": [
		{
			"name": "right_leg",
			"from": [11, 0.5, 9],
			"to": [14, 3.5, 13],
			"rotation": {"angle": -22.5, "axis": "y", "origin": [8.5, 3.995, 7.25]},
			"faces": {
				"north": {"uv": [1.33333, 9.66667, 2.33333, 10.66667], "texture": "#3"},
				"east": {"uv": [0, 9.66667, 1.33333, 10.66667], "texture": "#3"},
				"south": {"uv": [3.66667, 9.66667, 4.66667, 10.66667], "texture": "#3"},
				"west": {"uv": [2.33333, 9.66667, 3.66667, 10.66667], "texture": "#3"},
				"up": {"uv": [2.33333, 9.66667, 1.33333, 8.33333], "texture": "#3"},
				"down": {"uv": [3.33333, 8.33333, 2.33333, 9.66667], "texture": "#3"}
			}
		},
		{
			"name": "right_leg",
			"from": [10, 0.49, 7],
			"to": [18, 0.49, 15],
			"rotation": {"angle": -22.5, "axis": "y", "origin": [8.5, 3.995, 7.25]},
			"faces": {
				"north": {"uv": [8.66667, 13.33333, 11.33333, 13.33333], "texture": "#3"},
				"east": {"uv": [6, 13.33333, 8.66667, 13.33333], "texture": "#3"},
				"south": {"uv": [14, 13.33333, 16.66667, 13.33333], "texture": "#3"},
				"west": {"uv": [11.33333, 13.33333, 14, 13.33333], "texture": "#3"},
				"up": {"uv": [11.33333, 13.33333, 8.66667, 10.66667], "texture": "#3"},
				"down": {"uv": [14, 10.66667, 11.33333, 13.33333], "texture": "#3"}
			}
		},
		{
			"name": "left_leg",
			"from": [3, 0.5, 9],
			"to": [6, 3.5, 13],
			"rotation": {"angle": -22.5, "axis": "y", "origin": [8.5, 3.995, 7.25]},
			"faces": {
				"north": {"uv": [6, 9.66667, 7, 10.66667], "texture": "#3"},
				"east": {"uv": [4.66667, 9.66667, 6, 10.66667], "texture": "#3"},
				"south": {"uv": [8.33333, 9.66667, 9.33333, 10.66667], "texture": "#3"},
				"west": {"uv": [7, 9.66667, 8.33333, 10.66667], "texture": "#3"},
				"up": {"uv": [7, 9.66667, 6, 8.33333], "texture": "#3"},
				"down": {"uv": [8, 8.33333, 7, 9.66667], "texture": "#3"}
			}
		},
		{
			"name": "left_leg",
			"from": [-1, 0.49, 7],
			"to": [7, 0.49, 15],
			"rotation": {"angle": -22.5, "axis": "y", "origin": [8.5, 3.995, 7.25]},
			"faces": {
				"north": {"uv": [3.33333, 13.33333, 6, 13.33333], "texture": "#3"},
				"east": {"uv": [0.66667, 13.33333, 3.33333, 13.33333], "texture": "#3"},
				"south": {"uv": [8.66667, 13.33333, 11.33333, 13.33333], "texture": "#3"},
				"west": {"uv": [6, 13.33333, 8.66667, 13.33333], "texture": "#3"},
				"up": {"uv": [6, 13.33333, 3.33333, 10.66667], "texture": "#3"},
				"down": {"uv": [8.66667, 10.66667, 6, 13.33333], "texture": "#3"}
			}
		},
		{
			"name": "head",
			"from": [5, 5.5, 3],
			"to": [12, 5.5, 12],
			"rotation": {"angle": -22.5, "axis": "y", "origin": [8.5, 3.995, 7.25]},
			"faces": {
				"north": {"uv": [10.66667, 7.33333, 13, 7.33333], "texture": "#3"},
				"east": {"uv": [7.66667, 7.33333, 10.66667, 7.33333], "texture": "#3"},
				"south": {"uv": [16, 7.33333, 18.33333, 7.33333], "texture": "#3"},
				"west": {"uv": [13, 7.33333, 16, 7.33333], "texture": "#3"},
				"up": {"uv": [13, 7.33333, 10.66667, 4.33333], "texture": "#3"},
				"down": {"uv": [15.33333, 4.33333, 13, 7.33333], "texture": "#3"}
			}
		},
		{
			"name": "head",
			"from": [5, 3.5, 3],
			"to": [12, 6.5, 12],
			"rotation": {"angle": -22.5, "axis": "y", "origin": [8.5, 3.995, 7.25]},
			"faces": {
				"north": {"uv": [3, 7.33333, 5.33333, 8.33333], "texture": "#3"},
				"east": {"uv": [0, 7.33333, 3, 8.33333], "texture": "#3"},
				"south": {"uv": [8.33333, 7.33333, 10.66667, 8.33333], "texture": "#3"},
				"west": {"uv": [5.33333, 7.33333, 8.33333, 8.33333], "texture": "#3"},
				"up": {"uv": [5.33333, 7.33333, 3, 4.33333], "texture": "#3"},
				"down": {"uv": [7.66667, 4.33333, 5.33333, 7.33333], "texture": "#3"}
			}
		},
		{
			"name": "eyes",
			"from": [9, 6.5, 4],
			"to": [12, 8.5, 7],
			"rotation": {"angle": -22.5, "axis": "y", "origin": [8.5, 3.995, 7.25]},
			"faces": {
				"north": {"uv": [1, 1, 2, 1.66667], "texture": "#3"},
				"east": {"uv": [0, 1, 1, 1.66667], "texture": "#3"},
				"south": {"uv": [3, 1, 4, 1.66667], "texture": "#3"},
				"west": {"uv": [2, 1, 3, 1.66667], "texture": "#3"},
				"up": {"uv": [2, 1, 1, 0], "texture": "#3"},
				"down": {"uv": [3, 0, 2, 1], "texture": "#3"}
			}
		},
		{
			"name": "eyes",
			"from": [5, 6.5, 4],
			"to": [8, 8.5, 7],
			"rotation": {"angle": -22.5, "axis": "y", "origin": [8.5, 3.995, 7.25]},
			"faces": {
				"north": {"uv": [1, 2.66667, 2, 3.33333], "texture": "#3"},
				"east": {"uv": [0, 2.66667, 1, 3.33333], "texture": "#3"},
				"south": {"uv": [3, 2.66667, 4, 3.33333], "texture": "#3"},
				"west": {"uv": [2, 2.66667, 3, 3.33333], "texture": "#3"},
				"up": {"uv": [2, 2.66667, 1, 1.66667], "texture": "#3"},
				"down": {"uv": [3, 1.66667, 2, 2.66667], "texture": "#3"}
			}
		},
		{
			"name": "tongue",
			"from": [6.5, 3.6, 4.9],
			"to": [10.5, 3.6, 11.9],
			"rotation": {"angle": -22.5, "axis": "y", "origin": [8.5, 3.995, 7.25]},
			"faces": {
				"north": {"uv": [8, 6.66667, 9.33333, 6.66667], "texture": "#3"},
				"east": {"uv": [5.66667, 6.66667, 8, 6.66667], "texture": "#3"},
				"south": {"uv": [11.66667, 6.66667, 13, 6.66667], "texture": "#3"},
				"west": {"uv": [9.33333, 6.66667, 11.66667, 6.66667], "texture": "#3"},
				"up": {"uv": [9.33333, 6.66667, 8, 4.33333], "texture": "#3"},
				"down": {"uv": [10.66667, 4.33333, 9.33333, 6.66667], "texture": "#3"}
			}
		},
		{
			"name": "body",
			"from": [5, 1.5, 3],
			"to": [12, 4.5, 12],
			"rotation": {"angle": -22.5, "axis": "y", "origin": [8.5, 3.995, 7.25]},
			"faces": {
				"north": {"uv": [4, 3.33333, 6.33333, 4.33333], "texture": "#3"},
				"east": {"uv": [1, 3.33333, 4, 4.33333], "texture": "#3"},
				"south": {"uv": [9.33333, 3.33333, 11.66667, 4.33333], "texture": "#3"},
				"west": {"uv": [6.33333, 3.33333, 9.33333, 4.33333], "texture": "#3"},
				"up": {"uv": [6.33333, 3.33333, 4, 0.33333], "texture": "#3"},
				"down": {"uv": [8.66667, 0.33333, 6.33333, 3.33333], "texture": "#3"}
			}
		},
		{
			"name": "body",
			"from": [5, 3.5, 3],
			"to": [12, 3.5, 12],
			"rotation": {"angle": -22.5, "axis": "y", "origin": [8.5, 3.995, 7.25]},
			"faces": {
				"north": {"uv": [10.66667, 10.33333, 13, 10.33333], "texture": "#3"},
				"east": {"uv": [7.66667, 10.33333, 10.66667, 10.33333], "texture": "#3"},
				"south": {"uv": [16, 10.33333, 18.33333, 10.33333], "texture": "#3"},
				"west": {"uv": [13, 10.33333, 16, 10.33333], "texture": "#3"},
				"up": {"uv": [13, 10.33333, 10.66667, 7.33333], "texture": "#3"},
				"down": {"uv": [15.33333, 7.33333, 13, 10.33333], "texture": "#3"}
			}
		},
		{
			"name": "croaking_body",
			"from": [4.35, 0.7, 1.45],
			"to": [12.65, 4.5, 6],
			"rotation": {"angle": -22.5, "axis": "y", "origin": [8.5, 3.995, 7.25]},
			"faces": {
				"north": {"uv": [0.66667, 11.66667, 7, 14.33333], "texture": "#2"},
				"east": {"uv": [8.66667, 13.66667, 11.66667, 16], "texture": "#2"},
				"south": {"uv": [1, 11.66667, 6.33333, 14.33333], "texture": "#2"},
				"west": {"uv": [8, 13.66667, 11, 16], "texture": "#2"},
				"up": {"uv": [5.33333, 14.66667, 0, 11.66667], "texture": "#2"},
				"down": {"uv": [5.33333, 11.66667, 0, 14.66667], "texture": "#2"}
			}
		},
		{
			"name": "left_arm",
			"from": [3.5, 0.5, 3.5],
			"to": [5.5, 3.5, 6.5],
			"rotation": {"angle": -22.5, "axis": "y", "origin": [8.5, 3.995, 7.25]},
			"faces": {
				"north": {"uv": [1, 11.66667, 1.66667, 12.66667], "texture": "#3"},
				"east": {"uv": [0, 11.66667, 1, 12.66667], "texture": "#3"},
				"south": {"uv": [2.66667, 11.66667, 3.33333, 12.66667], "texture": "#3"},
				"west": {"uv": [1.66667, 11.66667, 2.66667, 12.66667], "texture": "#3"},
				"up": {"uv": [1.66667, 11.66667, 1, 10.66667], "texture": "#3"},
				"down": {"uv": [2.33333, 10.66667, 1.66667, 11.66667], "texture": "#3"}
			}
		},
		{
			"name": "left_arm",
			"from": [0.5, 0.49, -0.5],
			"to": [8.5, 0.49, 7.5],
			"rotation": {"angle": -22.5, "axis": "y", "origin": [8.5, 3.995, 7.25]},
			"faces": {
				"north": {"uv": [8.66667, 16, 11.33333, 16], "texture": "#3"},
				"east": {"uv": [6, 16, 8.66667, 16], "texture": "#3"},
				"south": {"uv": [14, 16, 16.66667, 16], "texture": "#3"},
				"west": {"uv": [11.33333, 16, 14, 16], "texture": "#3"},
				"up": {"uv": [11.33333, 16, 8.66667, 13.33333], "texture": "#3"},
				"down": {"uv": [14, 13.33333, 11.33333, 16], "texture": "#3"}
			}
		},
		{
			"name": "right_arm",
			"from": [11.5, 0.5, 3.5],
			"to": [13.5, 3.5, 6.5],
			"rotation": {"angle": -22.5, "axis": "y", "origin": [8.5, 3.995, 7.25]},
			"faces": {
				"north": {"uv": [1, 13.66667, 1.66667, 14.66667], "texture": "#3"},
				"east": {"uv": [0, 13.66667, 1, 14.66667], "texture": "#3"},
				"south": {"uv": [2.66667, 13.66667, 3.33333, 14.66667], "texture": "#3"},
				"west": {"uv": [1.66667, 13.66667, 2.66667, 14.66667], "texture": "#3"},
				"up": {"uv": [1.66667, 13.66667, 1, 12.66667], "texture": "#3"},
				"down": {"uv": [2.33333, 12.66667, 1.66667, 13.66667], "texture": "#3"}
			}
		},
		{
			"name": "right_arm",
			"from": [8.5, 0.49, -0.5],
			"to": [16.5, 0.49, 7.5],
			"rotation": {"angle": -22.5, "axis": "y", "origin": [8.5, 3.995, 7.25]},
			"faces": {
				"north": {"uv": [3.33333, 16, 6, 16], "texture": "#3"},
				"east": {"uv": [0.66667, 16, 3.33333, 16], "texture": "#3"},
				"south": {"uv": [8.66667, 16, 11.33333, 16], "texture": "#3"},
				"west": {"uv": [6, 16, 8.66667, 16], "texture": "#3"},
				"up": {"uv": [6, 16, 3.33333, 13.33333], "texture": "#3"},
				"down": {"uv": [8.66667, 13.33333, 6, 16], "texture": "#3"}
			}
		}
	],
	"gui_light": "front",
	"display": {
		"thirdperson_righthand": {
			"rotation": [90, 45, 0],
			"scale": [0.7, 0.7, 0.7]
		},
		"thirdperson_lefthand": {
			"rotation": [90, 45, 0],
			"scale": [0.7, 0.7, 0.7]
		},
		"firstperson_righthand": {
			"rotation": [0, 45, 0],
			"translation": [0, 4, 0],
			"scale": [0.4, 0.4, 0.4]
		},
		"firstperson_lefthand": {
			"translation": [0, 4, 0],
			"scale": [0.4, 0.4, 0.4]
		},
		"ground": {
			"translation": [0, 2, 0],
			"scale": [0.5, 0.5, 0.5]
		},
		"gui": {
			"rotation": [30, -135, 0],
			"translation": [0.75, 3.25, 0]
		},
		"head": {
			"rotation": [0, 22.5, 0],
			"translation": [0, 14.25, -0.5]
		},
		"fixed": {
			"rotation": [-90, 0, 0],
			"translation": [0, 0, -13],
			"scale": [1.72, 1.72, 1.72]
		}
	},
	"groups": [
		{
			"name": "right_leg",
			"origin": [3.5, 3, 4],
			"color": 0,
			"children": [0, 1]
		},
		{
			"name": "left_leg",
			"origin": [-3.5, 3, 4],
			"color": 0,
			"children": [2, 3]
		},
		{
			"name": "head",
			"origin": [0, 4, 3],
			"color": 0,
			"children": [4, 5]
		},
		{
			"name": "eyes",
			"origin": [0.5, 4, 5],
			"color": 0,
			"children": [6, 7]
		},
		{
			"name": "tongue",
			"origin": [0, 3.1, 5],
			"color": 0,
			"children": [8]
		},
		{
			"name": "body",
			"origin": [0, 2, 4],
			"color": 0,
			"children": [9, 10, 11]
		},
		{
			"name": "left_arm",
			"origin": [-4, 3, -2.5],
			"color": 0,
			"children": [12, 13]
		},
		{
			"name": "right_arm",
			"origin": [4, 3, -2.5],
			"color": 0,
			"children": [14, 15]
		}
	]
}