{
	"credit": "Made by YSBB with Blockbench",
	"texture_size": [32, 32],
	"textures": {
		"0": "item/112",
		"particle": "item/112"
	},
	"elements": [
		{
			"name": "left_antenna",
			"from": [5.5, 7, 0],
			"to": [6.5, 9, 3],
			"rotation": {"angle": 0, "axis": "y", "origin": [8, 0, 8]},
			"faces": {
				"north": {"uv": [2.5, 3, 3, 4], "texture": "#0"},
				"east": {"uv": [1, 1.5, 2.5, 2.5], "texture": "#0"},
				"south": {"uv": [4.5, 3, 5, 4], "texture": "#0"},
				"west": {"uv": [3, 3, 4.5, 4], "texture": "#0"},
				"up": {"uv": [3, 3, 2.5, 1.5], "texture": "#0"},
				"down": {"uv": [3.5, 1.5, 3, 3], "texture": "#0"}
			}
		},
		{
			"name": "torso",
			"from": [4.5, 2, 3],
			"to": [11.5, 9, 13],
			"rotation": {"angle": 0, "axis": "y", "origin": [8, 0, 8]},
			"faces": {
				"north": {"uv": [5, 5, 8.5, 8.5], "texture": "#0"},
				"east": {"uv": [0, 5, 5, 8.5], "texture": "#0"},
				"south": {"uv": [12.5, 5, 16, 8.5], "texture": "#0"},
				"west": {"uv": [8.5, 5, 13.5, 8.5], "texture": "#0"},
				"up": {"uv": [8.5, 5, 5, 0], "texture": "#0"},
				"down": {"uv": [12, 0, 8.5, 5], "texture": "#0"}
			}
		},
		{
			"name": "right_antenna",
			"from": [9.5, 7, 0],
			"to": [10.5, 9, 3],
			"rotation": {"angle": 0, "axis": "y", "origin": [8, 0, 8]},
			"faces": {
				"north": {"uv": [2.5, 1.5, 3, 2.5], "texture": "#0"},
				"east": {"uv": [1, 1.5, 2.5, 2.5], "texture": "#0"},
				"south": {"uv": [4.5, 1.5, 5, 2.5], "texture": "#0"},
				"west": {"uv": [3, 3, 4.5, 4], "texture": "#0"},
				"up": {"uv": [3, 1.5, 2.5, 0], "texture": "#0"},
				"down": {"uv": [3.5, 0, 3, 1.5], "texture": "#0"}
			}
		},
		{
			"name": "left_wing",
			"from": [-2.5, 9, 5],
			"to": [6.5, 9, 11],
			"rotation": {"angle": 0, "axis": "y", "origin": [6.5, 9, 8]},
			"faces": {
				"north": {"uv": [7.5, 12, 3, 12], "texture": "#0"},
				"east": {"uv": [10.5, 12, 7.5, 12], "texture": "#0"},
				"south": {"uv": [15, 12, 10.5, 12], "texture": "#0"},
				"west": {"uv": [3, 12, 0, 12], "texture": "#0"},
				"up": {"uv": [5.5, 12, 10, 9], "texture": "#0"},
				"down": {"uv": [5.5, 9, 10, 12], "texture": "#0"}
			}
		},
		{
			"name": "right_wing",
			"from": [9.5, 9, 5],
			"to": [18.5, 9, 11],
			"rotation": {"angle": 0, "axis": "y", "origin": [9.5, 9, 8]},
			"faces": {
				"north": {"uv": [3, 12, 7.5, 12], "texture": "#0"},
				"east": {"uv": [0, 12, 3, 12], "texture": "#0"},
				"south": {"uv": [10.5, 12, 15, 12], "texture": "#0"},
				"west": {"uv": [7.5, 12, 10.5, 12], "texture": "#0"},
				"up": {"uv": [10, 12, 5.5, 9], "texture": "#0"},
				"down": {"uv": [10, 9, 5.5, 12], "texture": "#0"}
			}
		},
		{
			"name": "right_wing",
			"from": [9.5, 9, 5],
			"to": [18.5, 9, 11],
			"rotation": {"angle": 22.5, "axis": "z", "origin": [9.5, 9, 8]},
			"faces": {
				"north": {"uv": [3, 12, 7.5, 12], "texture": "#0"},
				"east": {"uv": [0, 12, 3, 12], "texture": "#0"},
				"south": {"uv": [10.5, 12, 15, 12], "texture": "#0"},
				"west": {"uv": [7.5, 12, 10.5, 12], "texture": "#0"},
				"up": {"uv": [4.5, 12, 0, 9], "texture": "#0"},
				"down": {"uv": [4.5, 9, 0, 12], "texture": "#0"}
			}
		},
		{
			"name": "left_wing",
			"from": [-2.5, 9, 5],
			"to": [6.5, 9, 11],
			"rotation": {"angle": -22.5, "axis": "z", "origin": [6.5, 9, 8]},
			"faces": {
				"north": {"uv": [7.5, 12, 3, 12], "texture": "#0"},
				"east": {"uv": [10.5, 12, 7.5, 12], "texture": "#0"},
				"south": {"uv": [15, 12, 10.5, 12], "texture": "#0"},
				"west": {"uv": [3, 12, 0, 12], "texture": "#0"},
				"up": {"uv": [0, 12, 4.5, 9], "texture": "#0"},
				"down": {"uv": [0, 9, 4.5, 12], "texture": "#0"}
			}
		},
		{
			"name": "left_wing",
			"from": [-2.5, 9, 5],
			"to": [6.5, 9, 11],
			"rotation": {"angle": 22.5, "axis": "z", "origin": [6.5, 9, 8]},
			"faces": {
				"north": {"uv": [7.5, 12, 3, 12], "texture": "#0"},
				"east": {"uv": [10.5, 12, 7.5, 12], "texture": "#0"},
				"south": {"uv": [15, 12, 10.5, 12], "texture": "#0"},
				"west": {"uv": [3, 12, 0, 12], "texture": "#0"},
				"up": {"uv": [10.5, 12, 15, 9], "texture": "#0"},
				"down": {"uv": [10.5, 9, 15, 12], "texture": "#0"}
			}
		},
		{
			"name": "right_wing",
			"from": [9.5, 9, 5],
			"to": [18.5, 9, 11],
			"rotation": {"angle": -22.5, "axis": "z", "origin": [9.5, 9, 8]},
			"faces": {
				"north": {"uv": [3, 12, 7.5, 12], "texture": "#0"},
				"east": {"uv": [0, 12, 3, 12], "texture": "#0"},
				"south": {"uv": [10.5, 12, 15, 12], "texture": "#0"},
				"west": {"uv": [7.5, 12, 10.5, 12], "texture": "#0"},
				"up": {"uv": [15, 12, 10.5, 9], "texture": "#0"},
				"down": {"uv": [15, 9, 10.5, 12], "texture": "#0"}
			}
		}
	],
	"display": {
		"thirdperson_righthand": {
			"scale": [0.7, 0.7, 0.7]
		},
		"thirdperson_lefthand": {
			"scale": [0.7, 0.7, 0.7]
		},
		"firstperson_righthand": {
			"translation": [1.25, 4.5, 0],
			"scale": [0.5, 0.5, 0.5]
		},
		"firstperson_lefthand": {
			"translation": [1.25, 4.5, 0],
			"scale": [0.5, 0.5, 0.5]
		},
		"ground": {
			"translation": [0, 5.25, 0]
		},
		"gui": {
			"rotation": [30, 225, 0],
			"translation": [0, 2.25, 0],
			"scale": [0.97, 0.97, 0.97]
		},
		"head": {
			"rotation": [-15, 0, 0],
			"translation": [0, 18.25, -1]
		},
		"fixed": {
			"rotation": [-90, 0, 0],
			"translation": [0, 0, -31.25],
			"scale": [1.5, 1.5, 1.5]
		}
	},
	"groups": [
		{
			"name": "left_antenna",
			"origin": [8, 7, 3],
			"color": 0,
			"children": [0, 1, 2]
		},
		{
			"name": "group",
			"origin": [8, 0, 8],
			"color": 0,
			"children": [3, 4]
		},
		{
			"name": "group",
			"origin": [6.5, 9, 8],
			"color": 0,
			"children": [5, 6]
		},
		{
			"name": "group",
			"origin": [9.5, 9, 8],
			"color": 0,
			"children": [7, 8]
		}
	]
}