{
	"credit": "Made by YSBB with Blockbench",
	"texture_size": [32, 32],
	"textures": {
		"0": "item/113_0",
		"1": "item/113",
		"particle": "item/113"
	},
	"elements": [
		{
			"name": "head",
			"from": [5.5, 6.5, 6.5],
			"to": [10.5, 11.5, 11.5],
			"rotation": {"angle": 22.5, "axis": "x", "origin": [8, 8.5, 8]},
			"faces": {
				"north": {"uv": [2.5, 2.5, 5, 5], "texture": "#0"},
				"east": {"uv": [0, 2.5, 2.5, 5], "texture": "#0"},
				"south": {"uv": [7.5, 2.5, 10, 5], "texture": "#0"},
				"west": {"uv": [5, 2.5, 7.5, 5], "texture": "#0"},
				"up": {"uv": [5, 2.5, 2.5, 0], "texture": "#0"},
				"down": {"uv": [7.5, 0, 5, 2.5], "texture": "#0"}
			}
		},
		{
			"name": "body",
			"from": [6.7, 1.2, 7.2],
			"to": [9.3, 5.8, 8.8],
			"rotation": {"angle": 0, "axis": "y", "origin": [8, 0, 8]},
			"faces": {
				"north": {"uv": [1, 9, 2.5, 11.5], "texture": "#0"},
				"east": {"uv": [0, 9, 1, 11.5], "texture": "#0"},
				"south": {"uv": [3.5, 9, 5, 11.5], "texture": "#0"},
				"west": {"uv": [2.5, 9, 3.5, 11.5], "texture": "#0"},
				"up": {"uv": [2.5, 9, 1, 8], "texture": "#0"},
				"down": {"uv": [4, 8, 2.5, 9], "texture": "#0"}
			}
		},
		{
			"name": "body",
			"from": [6.5, 2, 7],
			"to": [9.5, 6, 9],
			"rotation": {"angle": 0, "axis": "y", "origin": [8, 0, 8]},
			"faces": {
				"north": {"uv": [1, 6, 2.5, 8], "texture": "#0"},
				"east": {"uv": [0, 6, 1, 8], "texture": "#0"},
				"south": {"uv": [3.5, 6, 5, 8], "texture": "#0"},
				"west": {"uv": [2.5, 6, 3.5, 8], "texture": "#0"},
				"up": {"uv": [2.5, 6, 1, 5], "texture": "#0"},
				"down": {"uv": [4, 5, 2.5, 6], "texture": "#0"}
			}
		},
		{
			"name": "left_arm",
			"from": [5.5, 2, 7],
			"to": [6.5, 6, 9],
			"rotation": {"angle": 0, "axis": "y", "origin": [8, 0, 8]},
			"faces": {
				"north": {"uv": [12.5, 4, 13, 6], "texture": "#0"},
				"east": {"uv": [11.5, 4, 12.5, 6], "texture": "#0"},
				"south": {"uv": [14, 4, 14.5, 6], "texture": "#0"},
				"west": {"uv": [13, 4, 14, 6], "texture": "#0"},
				"up": {"uv": [13, 4, 12.5, 3], "texture": "#0"},
				"down": {"uv": [13.5, 3, 13, 4], "texture": "#0"}
			}
		},
		{
			"name": "right_arm",
			"from": [9.5, 2, 7],
			"to": [10.5, 6, 9],
			"rotation": {"angle": 0, "axis": "y", "origin": [8, 0, 8]},
			"faces": {
				"north": {"uv": [12.5, 1, 13, 3], "texture": "#0"},
				"east": {"uv": [11.5, 1, 12.5, 3], "texture": "#0"},
				"south": {"uv": [14, 1, 14.5, 3], "texture": "#0"},
				"west": {"uv": [13, 1, 14, 3], "texture": "#0"},
				"up": {"uv": [13, 1, 12.5, 0], "texture": "#0"},
				"down": {"uv": [13.5, 0, 13, 1], "texture": "#0"}
			}
		},
		{
			"from": [11, 3, 9],
			"to": [19, 8, 9],
			"rotation": {"angle": 22.5, "axis": "z", "origin": [14, 3.5, 9]},
			"faces": {
				"north": {"uv": [0, 0, 8, 5], "texture": "#1"},
				"south": {"uv": [8, 0, 0, 5], "texture": "#1"}
			}
		},
		{
			"from": [-3, 3, 9],
			"to": [5, 8, 9],
			"rotation": {"angle": -22.5, "axis": "z", "origin": [2, 3.5, 9]},
			"faces": {
				"north": {"uv": [8, 0, 0, 5], "texture": "#1"},
				"south": {"uv": [0, 0, 8, 5], "texture": "#1"}
			}
		},
		{
			"from": [10.15851, 1.23044, 9],
			"to": [18.15851, 6.23044, 9],
			"rotation": {"angle": 0, "axis": "z", "origin": [14.15851, 5.73044, 9]},
			"faces": {
				"north": {"uv": [0, 5, 8, 10], "texture": "#1"},
				"south": {"uv": [8, 5, 0, 10], "texture": "#1"}
			}
		},
		{
			"from": [-2, 1, 9],
			"to": [6, 6, 9],
			"rotation": {"angle": 0, "axis": "z", "origin": [2, 3.5, 9]},
			"faces": {
				"north": {"uv": [8, 5, 0, 10], "texture": "#1"},
				"south": {"uv": [0, 5, 8, 10], "texture": "#1"}
			}
		},
		{
			"from": [10.15851, -0.76956, 9],
			"to": [18.15851, 4.23044, 9],
			"rotation": {"angle": -22.5, "axis": "z", "origin": [14.15851, 3.73044, 9]},
			"faces": {
				"north": {"uv": [0, 10, 8, 15], "texture": "#1"},
				"south": {"uv": [8, 10, 0, 15], "texture": "#1"}
			}
		},
		{
			"from": [-1, -1, 9],
			"to": [7, 4, 9],
			"rotation": {"angle": 22.5, "axis": "z", "origin": [2, 3.5, 9]},
			"faces": {
				"north": {"uv": [8, 10, 0, 15], "texture": "#1"},
				"south": {"uv": [0, 10, 8, 15], "texture": "#1"}
			}
		}
	],
	"display": {
		"thirdperson_righthand": {
			"rotation": [75, 45, 0],
			"translation": [0, 2.5, 0],
			"scale": [0.7, 0.7, 0.7]
		},
		"thirdperson_lefthand": {
			"rotation": [75, 45, 0],
			"translation": [0, 2.5, 0],
			"scale": [0.7, 0.7, 0.7]
		},
		"firstperson_righthand": {
			"rotation": [0, 90, -20],
			"translation": [1.13, 3.2, 1.13],
			"scale": [0.68, 0.68, 0.68]
		},
		"firstperson_lefthand": {
			"rotation": [0, 90, -20],
			"translation": [1.13, 3.2, 1.13],
			"scale": [0.68, 0.68, 0.68]
		},
		"ground": {
			"translation": [0, 4, 0]
		},
		"gui": {
			"rotation": [30, -129, 0],
			"translation": [1.25, 2.75, 0],
			"scale": [1.2, 1.2, 1.2]
		},
		"head": {
			"rotation": [-24, 0, 0],
			"translation": [0, 16.25, 0]
		},
		"fixed": {
			"rotation": [-70, 180, 0],
			"translation": [0, 3.75, -18.75],
			"scale": [1.72, 1.72, 1.72]
		}
	},
	"groups": [
		{
			"name": "right_arm",
			"origin": [9.75, 5.5, 8],
			"color": 0,
			"children": [0, 1, 2, 3, 4]
		},
		{
			"name": "group",
			"origin": [2, 3.5, 9],
			"color": 0,
			"children": [5, 6]
		},
		{
			"name": "group",
			"origin": [2, 3.5, 9],
			"color": 0,
			"children": [7, 8]
		},
		{
			"name": "group",
			"origin": [2, 3.5, 9],
			"color": 0,
			"children": [9, 10]
		}
	]
}