{
	"credit": "Made by YSBB with Blockbench",
	"texture_size": [32, 32],
	"textures": {
		"1": "item/114",
		"particle": "item/114"
	},
	"elements": [
		{
			"name": "tail",
			"from": [8, 5, 13],
			"to": [8, 9, 17],
			"rotation": {"angle": -22.5, "axis": "y", "origin": [8, 7, 13]},
			"faces": {
				"north": {"uv": [13, 14, 13, 16], "texture": "#1"},
				"east": {"uv": [15, 13.5, 13, 15.5], "texture": "#1"},
				"south": {"uv": [15, 14, 15, 16], "texture": "#1"},
				"west": {"uv": [13, 13.5, 15, 15.5], "texture": "#1"},
				"up": {"uv": [13, 14, 13, 12], "texture": "#1"},
				"down": {"uv": [13, 12, 13, 14], "texture": "#1"}
			}
		},
		{
			"name": "head",
			"from": [6.75, 5, 4],
			"to": [8.75, 9, 7],
			"rotation": {"angle": 22.5, "axis": "y", "origin": [8, 7.25, 6.5]},
			"faces": {
				"north": {"uv": [7, 12, 8, 14], "texture": "#1"},
				"east": {"uv": [5.5, 12, 7, 14], "texture": "#1"},
				"south": {"uv": [9.5, 12, 10.5, 14], "texture": "#1"},
				"west": {"uv": [8, 12, 9.5, 14], "texture": "#1"},
				"up": {"uv": [8, 12.5, 7, 11], "texture": "#1"},
				"down": {"uv": [9, 11, 8, 12], "texture": "#1"}
			}
		},
		{
			"name": "nose",
			"from": [6.75, 6, 3],
			"to": [8.75, 9, 4],
			"rotation": {"angle": 22.5, "axis": "y", "origin": [8, 7.25, 6.5]},
			"faces": {
				"north": {"uv": [0.5, 11.5, 1.5, 13], "texture": "#1"},
				"east": {"uv": [0, 11.5, 0.5, 13], "texture": "#1"},
				"south": {"uv": [2, 11.5, 3, 13], "texture": "#1"},
				"west": {"uv": [1.5, 11.5, 2, 13], "texture": "#1"},
				"up": {"uv": [1.5, 11.5, 0.5, 11], "texture": "#1"},
				"down": {"uv": [2.5, 11, 1.5, 11.5], "texture": "#1"}
			}
		},
		{
			"name": "tail",
			"from": [8, 5, 13],
			"to": [8, 9, 17],
			"rotation": {"angle": 22.5, "axis": "y", "origin": [8, 7, 13]},
			"faces": {
				"north": {"uv": [13, 8.5, 13, 10.5], "texture": "#1"},
				"east": {"uv": [15, 8, 13, 10], "texture": "#1"},
				"south": {"uv": [15, 8.5, 15, 10.5], "texture": "#1"},
				"west": {"uv": [13, 8, 15, 10], "texture": "#1"},
				"up": {"uv": [13, 8.5, 13, 6.5], "texture": "#1"},
				"down": {"uv": [13, 6.5, 13, 8.5], "texture": "#1"}
			}
		},
		{
			"name": "nose",
			"from": [7.25, 6, 3],
			"to": [9.25, 9, 4],
			"rotation": {"angle": -22.5, "axis": "y", "origin": [8, 7.25, 6.5]},
			"faces": {
				"north": {"uv": [0.5, 6, 1.5, 7.5], "texture": "#1"},
				"east": {"uv": [0, 6, 0.5, 7.5], "texture": "#1"},
				"south": {"uv": [2, 6, 3, 7.5], "texture": "#1"},
				"west": {"uv": [1.5, 6, 2, 7.5], "texture": "#1"},
				"up": {"uv": [1.5, 6, 0.5, 5.5], "texture": "#1"},
				"down": {"uv": [2.5, 5.5, 1.5, 6], "texture": "#1"}
			}
		},
		{
			"name": "head",
			"from": [7.25, 5, 4],
			"to": [9.25, 9, 7],
			"rotation": {"angle": -22.5, "axis": "y", "origin": [8, 7.25, 6.5]},
			"faces": {
				"north": {"uv": [7, 6.5, 8, 8.5], "texture": "#1"},
				"east": {"uv": [5.5, 6.5, 7, 8.5], "texture": "#1"},
				"south": {"uv": [9.5, 6.5, 10.5, 8.5], "texture": "#1"},
				"west": {"uv": [8, 6.5, 9.5, 8.5], "texture": "#1"},
				"up": {"uv": [8, 7, 7, 5.5], "texture": "#1"},
				"down": {"uv": [9, 5.5, 8, 6.5], "texture": "#1"}
			}
		},
		{
			"name": "body",
			"from": [7, 5, 7],
			"to": [9, 9, 13],
			"rotation": {"angle": 0, "axis": "y", "origin": [8, 8.25, 7.5]},
			"faces": {
				"north": {"uv": [3.5, 3, 4.5, 5], "texture": "#1"},
				"east": {"uv": [0, 3, 3.5, 5], "texture": "#1"},
				"south": {"uv": [8, 3, 9, 5], "texture": "#1"},
				"west": {"uv": [4.5, 3, 8, 5], "texture": "#1"},
				"up": {"uv": [4.5, 3, 3.5, 0], "texture": "#1"},
				"down": {"uv": [5.5, 0, 4.5, 3], "texture": "#1"}
			}
		},
		{
			"name": "head",
			"from": [7, 5, 4],
			"to": [9, 9, 7],
			"rotation": {"angle": 0, "axis": "y", "origin": [8, 7, 6.5]},
			"faces": {
				"north": {"uv": [7, 1, 8, 3], "texture": "#1"},
				"east": {"uv": [5.5, 1, 7, 3], "texture": "#1"},
				"south": {"uv": [9.5, 1, 10.5, 3], "texture": "#1"},
				"west": {"uv": [8, 1, 9.5, 3], "texture": "#1"},
				"up": {"uv": [8, 1.5, 7, 0], "texture": "#1"},
				"down": {"uv": [9, 0, 8, 1], "texture": "#1"}
			}
		},
		{
			"name": "nose",
			"from": [7, 6, 3],
			"to": [9, 9, 4],
			"rotation": {"angle": 0, "axis": "z", "origin": [8, 3.25, 8.75]},
			"faces": {
				"north": {"uv": [0.5, 0.5, 1.5, 2], "texture": "#1"},
				"east": {"uv": [0, 0.5, 0.5, 2], "texture": "#1"},
				"south": {"uv": [2, 0.5, 3, 2], "texture": "#1"},
				"west": {"uv": [1.5, 0.5, 2, 2], "texture": "#1"},
				"up": {"uv": [1.5, 0.5, 0.5, 0], "texture": "#1"},
				"down": {"uv": [2.5, 0, 1.5, 0.5], "texture": "#1"}
			}
		},
		{
			"name": "tail",
			"from": [8, 5, 13],
			"to": [8, 9, 17],
			"rotation": {"angle": 0, "axis": "y", "origin": [8, 7, 13]},
			"faces": {
				"north": {"uv": [13, 3, 13, 5], "texture": "#1"},
				"east": {"uv": [15, 2.5, 13, 4.5], "texture": "#1"},
				"south": {"uv": [15, 3, 15, 5], "texture": "#1"},
				"west": {"uv": [13, 2.5, 15, 4.5], "texture": "#1"},
				"up": {"uv": [13, 3, 13, 1], "texture": "#1"},
				"down": {"uv": [13, 1, 13, 3], "texture": "#1"}
			}
		}
	],
	"display": {
		"thirdperson_righthand": {
			"rotation": [75, 45, 0],
			"translation": [0, 2, 1],
			"scale": [0.5, 0.5, 0.5]
		},
		"thirdperson_lefthand": {
			"rotation": [75, 45, 0],
			"translation": [0, 2, 1],
			"scale": [0.5, 0.5, 0.5]
		},
		"firstperson_righthand": {
			"rotation": [0, 0, 25],
			"translation": [1.13, 4, 1.13],
			"scale": [0.4, 0.4, 0.4]
		},
		"firstperson_lefthand": {
			"rotation": [0, 0, 25],
			"translation": [1.13, 4, 1.13],
			"scale": [0.4, 0.4, 0.4]
		},
		"ground": {
			"translation": [0, 5, 0],
			"scale": [0.6, 0.6, 0.6]
		},
		"gui": {
			"rotation": [30, 225, 0],
			"translation": [1.5, -0.5, 0],
			"scale": [1.4, 1.4, 1.4]
		},
		"head": {
			"rotation": [0, 90, 34],
			"translation": [-1.5, -4, -7.5],
			"scale": [1.1, 1, 1]
		},
		"fixed": {
			"rotation": [-90, 170, 90],
			"translation": [2.5, 2.25, -2],
			"scale": [2, 2, 2]
		}
	},
	"groups": [
		{
			"name": "group",
			"origin": [8, 8, 8],
			"color": 0,
			"children": [
				{
					"name": "group",
					"origin": [8, 7, 13],
					"color": 0,
					"children": [0, 1, 2]
				},
				{
					"name": "group",
					"origin": [8, 7, 13],
					"color": 0,
					"children": [3, 4, 5]
				},
				{
					"name": "group",
					"origin": [8, 0, 8],
					"color": 0,
					"children": [6]
				},
				{
					"name": "group",
					"origin": [8, 8.25, 7.5],
					"color": 0,
					"children": [7, 8, 9]
				}
			]
		}
	]
}