{
	"credit": "Made by YSBB with Blockbench",
	"texture_size": [32, 32],
	"textures": {
		"1": "item/116"
	},
	"elements": [
		{
			"name": "body",
			"from": [6.5, 25, 7.5],
			"to": [9.5, 27, 8.5],
			"rotation": {"angle": 0, "axis": "y", "origin": [8, 0, 8]},
			"faces": {
				"north": {"uv": [2.5, 0.5, 4, 1.5], "texture": "#1"},
				"east": {"uv": [2, 0.5, 2.5, 1.5], "texture": "#1"},
				"south": {"uv": [4.5, 0.5, 6, 1.5], "texture": "#1"},
				"west": {"uv": [4, 0.5, 4.5, 1.5], "texture": "#1"},
				"up": {"uv": [4, 0.5, 2.5, 0], "texture": "#1"},
				"down": {"uv": [5.5, 0, 4, 0.5], "texture": "#1"}
			}
		},
		{
			"name": "body",
			"from": [7.5, 0, 7.5],
			"to": [8.5, 31, 8.5],
			"rotation": {"angle": 0, "axis": "y", "origin": [8, 0, 8]},
			"faces": {
				"north": {"uv": [0.5, 0.5, 1, 16], "texture": "#1"},
				"east": {"uv": [0, 0.5, 0.5, 16], "texture": "#1"},
				"south": {"uv": [1.5, 0.5, 2, 16], "texture": "#1"},
				"west": {"uv": [1, 0.5, 1.5, 16], "texture": "#1"},
				"up": {"uv": [1, 0.5, 0.5, 0], "texture": "#1"},
				"down": {"uv": [1.5, 0, 1, 0.5], "texture": "#1"}
			}
		},
		{
			"name": "body",
			"from": [9.5, 26, 7.5],
			"to": [10.5, 30, 8.5],
			"rotation": {"angle": 0, "axis": "y", "origin": [8, 0, 8]},
			"faces": {
				"north": {"uv": [2.5, 2, 3, 4], "texture": "#1"},
				"east": {"uv": [2, 2, 2.5, 4], "texture": "#1"},
				"south": {"uv": [3.5, 2, 4, 4], "texture": "#1"},
				"west": {"uv": [3, 2, 3.5, 4], "texture": "#1"},
				"up": {"uv": [3, 2, 2.5, 1.5], "texture": "#1"},
				"down": {"uv": [3.5, 1.5, 3, 2], "texture": "#1"}
			}
		},
		{
			"name": "body",
			"from": [5.5, 26, 7.5],
			"to": [6.5, 30, 8.5],
			"rotation": {"angle": 0, "axis": "y", "origin": [8, 0, 8]},
			"faces": {
				"north": {"uv": [2.5, 2, 3, 4], "texture": "#1"},
				"east": {"uv": [2, 2, 2.5, 4], "texture": "#1"},
				"south": {"uv": [3.5, 2, 4, 4], "texture": "#1"},
				"west": {"uv": [3, 2, 3.5, 4], "texture": "#1"},
				"up": {"uv": [3, 2, 2.5, 1.5], "texture": "#1"},
				"down": {"uv": [3.5, 1.5, 3, 2], "texture": "#1"}
			}
		}
	],
	"gui_light": "front",
	"display": {
		"firstperson_righthand": {
			"translation": [4.25, 0, 0],
			"scale": [0.59, 0.59, 0.59]
		},
		"firstperson_lefthand": {
			"translation": [4, 0, 0],
			"scale": [0.6, 0.6, 0.6]
		},
		"ground": {
			"translation": [0, 2, 0],
			"scale": [0.7, 0.7, 0.7]
		},
		"gui": {
			"rotation": [30, -35, -25],
			"translation": [-1.5, -3.75, 0],
			"scale": [0.72, 0.72, 0.72]
		},
		"head": {
			"rotation": [148, 2, 83],
			"translation": [12.75, 3.5, -1.25],
			"scale": [1.44, 1.44, 1.44]
		},
		"fixed": {
			"translation": [0, -16.25, 0],
			"scale": [2, 2, 2]
		}
	},
	"groups": [
		{
			"name": "body",
			"origin": [8, 27, 8],
			"color": 0,
			"children": [0, 1, 2, 3]
		}
	]
}