{
	"credit": "Made by YSBB with Blockbench",
	"texture_size": [64, 64],
	"textures": {
		"0": "item/118"
	},
	"elements": [
		{
			"name": "headwear",
			"from": [1, 0.25, 1],
			"to": [15, 1.25, 15],
			"rotation": {"angle": 0, "axis": "y", "origin": [8, -21.75, 8]},
			"faces": {
				"north": {"uv": [2.5, 2.5, 5, 2.75], "texture": "#0"},
				"east": {"uv": [0, 2.5, 2.5, 2.75], "texture": "#0"},
				"south": {"uv": [7.5, 2.5, 10, 2.75], "texture": "#0"},
				"west": {"uv": [5, 2.5, 7.5, 2.75], "texture": "#0"},
				"up": {"uv": [5, 2.5, 2.5, 0], "texture": "#0"},
				"down": {"uv": [7.5, 0, 5, 2.5], "texture": "#0"}
			}
		},
		{
			"name": "hat4",
			"from": [7, 8, 9.25],
			"to": [9, 10.75, 11.25],
			"rotation": {"angle": 45, "axis": "x", "origin": [8, 9, 9.77515]},
			"faces": {
				"north": {"uv": [0.25, 8, 0.5, 8.5], "texture": "#0"},
				"east": {"uv": [0, 8, 0.25, 8.5], "texture": "#0"},
				"south": {"uv": [0.75, 8, 1, 8.5], "texture": "#0"},
				"west": {"uv": [0.5, 8, 0.75, 8.5], "texture": "#0"},
				"up": {"uv": [0.5, 8, 0.25, 7.75], "texture": "#0"}
			}
		},
		{
			"name": "hat2",
			"from": [4.5, 1.25, 3.75],
			"to": [11.5, 5.25, 11.75],
			"rotation": {"angle": 0, "axis": "y", "origin": [8, -21.75, 8.25]},
			"faces": {
				"north": {"uv": [1.75, 4.75, 3.5, 5.75], "texture": "#0"},
				"east": {"uv": [0, 4.75, 1.75, 5.75], "texture": "#0"},
				"south": {"uv": [5.25, 4.75, 7, 5.75], "texture": "#0"},
				"west": {"uv": [3.5, 4.75, 5.25, 5.75], "texture": "#0"},
				"up": {"uv": [3.5, 4.75, 1.75, 3], "texture": "#0"}
			}
		},
		{
			"name": "hat3",
			"from": [5.75, 4, 7],
			"to": [10.25, 8.5, 11.25],
			"rotation": {"angle": 22.5, "axis": "x", "origin": [8, 7.5, 9.25]},
			"faces": {
				"north": {"uv": [1, 6.75, 2, 7.75], "texture": "#0"},
				"east": {"uv": [0, 6.75, 1, 7.75], "texture": "#0"},
				"south": {"uv": [3, 6.75, 4, 7.75], "texture": "#0"},
				"west": {"uv": [2, 6.75, 3, 7.75], "texture": "#0"},
				"up": {"uv": [2, 6.75, 1, 5.75], "texture": "#0"}
			}
		}
	],
	"display": {
		"thirdperson_righthand": {
			"rotation": [75, 45, 0],
			"translation": [0, 2, 3],
			"scale": [0.75, 0.75, 0.75]
		},
		"thirdperson_lefthand": {
			"rotation": [75, 45, 0],
			"translation": [0, 2, 3],
			"scale": [0.75, 0.75, 0.75]
		},
		"firstperson_righthand": {
			"rotation": [0, -90, 25],
			"translation": [1.13, 7, 0],
			"scale": [0.68, 0.68, 0.68]
		},
		"firstperson_lefthand": {
			"rotation": [0, -90, 25],
			"translation": [1.13, 7, 0],
			"scale": [0.68, 0.68, 0.68]
		},
		"ground": {
			"translation": [0, 5, 0]
		},
		"gui": {
			"rotation": [30, 225, 0],
			"translation": [0, 2.25, 0],
			"scale": [0.8, 0.8, 0.8]
		},
		"head": {
			"rotation": [5, 0, 0],
			"translation": [0, 16, 1.5],
			"scale": [2.1, 2, 2]
		},
		"fixed": {
			"rotation": [-90, 170, 0],
			"translation": [0, 0, -16],
			"scale": [2, 2, 2]
		}
	},
	"groups": [
		{
			"name": "headwear",
			"origin": [13, 34.05, 3],
			"color": 0,
			"children": [0, 1, 2, 3]
		}
	]
}