{
	"credit": "Made with Blockbench",
	"texture_size": [32, 32],
	"textures": {
		"1": "item/119"
	},
	"elements": [
		{
			"from": [4, 1, 4],
			"to": [12, 5, 5],
			"faces": {
				"north": {"uv": [4, 4, 8, 6], "texture": "#1"},
				"east": {"uv": [3.5, 4, 4, 6.5], "texture": "#1"},
				"south": {"uv": [4, 4, 8, 6], "texture": "#1"},
				"west": {"uv": [8, 4, 8.5, 6.5], "texture": "#1"},
				"up": {"uv": [4, 3.5, 8, 4], "texture": "#1"},
				"down": {"uv": [4, 3.5, 8, 4], "texture": "#1"}
			}
		},
		{
			"from": [11, 2, 4],
			"to": [9, 3, 5],
			"faces": {
				"north": {"uv": [1.5, 7, 2, 8], "texture": "#1"},
				"east": {"uv": [3.5, 5, 4, 5.5], "texture": "#1"},
				"south": {"uv": [2.5, 7.5, 1.5, 8], "texture": "#1"},
				"west": {"uv": [3.5, 5, 4, 5.5], "texture": "#1"},
				"up": {"uv": [3.5, 5, 3.5, 5.5], "texture": "#1"},
				"down": {"uv": [3.5, 5, 3.5, 5.5], "texture": "#1"}
			}
		},
		{
			"from": [7, 2, 4],
			"to": [5, 3, 5],
			"faces": {
				"north": {"uv": [1.5, 7, 2, 8], "texture": "#1"},
				"east": {"uv": [3.5, 5, 4, 5.5], "texture": "#1"},
				"south": {"uv": [2.5, 7.5, 1.5, 8], "texture": "#1"},
				"west": {"uv": [3.5, 5, 4, 5.5], "texture": "#1"},
				"up": {"uv": [3.5, 5, 3.5, 5.5], "texture": "#1"},
				"down": {"uv": [3.5, 5, 3.5, 5.5], "texture": "#1"}
			}
		},
		{
			"from": [9, 0, 4],
			"to": [12, 1, 5],
			"faces": {
				"north": {"uv": [4, 6, 5.5, 6.5], "texture": "#1"},
				"east": {"uv": [4, 6, 4.5, 6.5], "texture": "#1"},
				"south": {"uv": [4, 6, 5.5, 6.5], "texture": "#1"},
				"west": {"uv": [4, 6, 4.5, 6.5], "texture": "#1"},
				"up": {"uv": [4, 6, 5.5, 6.5], "texture": "#1"},
				"down": {"uv": [4, 6, 5.5, 6.5], "texture": "#1"}
			}
		},
		{
			"from": [4, 0, 4],
			"to": [7, 1, 5],
			"faces": {
				"north": {"uv": [4, 6, 5.5, 6.5], "texture": "#1"},
				"east": {"uv": [4, 6, 4.5, 6.5], "texture": "#1"},
				"south": {"uv": [4, 6, 5.5, 6.5], "texture": "#1"},
				"west": {"uv": [4, 6, 4.5, 6.5], "texture": "#1"},
				"up": {"uv": [4, 6, 5.5, 6.5], "texture": "#1"},
				"down": {"uv": [4, 6, 5.5, 6.5], "texture": "#1"}
			}
		},
		{
			"from": [4, -1, 4],
			"to": [12, 4, 12],
			"faces": {
				"north": {"uv": [4, 10.5, 8, 13], "texture": "#1"},
				"east": {"uv": [0, 10.5, 4, 13], "texture": "#1"},
				"south": {"uv": [12, 10.5, 16, 13], "texture": "#1"},
				"west": {"uv": [8, 10.5, 12, 13], "texture": "#1"},
				"up": {"uv": [4, 10.5, 8, 6.5], "texture": "#1"},
				"down": {"uv": [8, 6.5, 12, 10.5], "texture": "#1"}
			}
		},
		{
			"from": [4, -1, 12],
			"to": [12, 4, 4],
			"rotation": {"angle": 0, "axis": "y", "origin": [8, 1.5, 9]},
			"faces": {
				"north": {"uv": [12, 10.5, 16, 13], "texture": "#1"},
				"east": {"uv": [8, 10.5, 12, 13], "texture": "#1"},
				"south": {"uv": [4, 10.5, 8, 13], "texture": "#1"},
				"west": {"uv": [0, 10.5, 4, 13], "texture": "#1"},
				"up": {"uv": [4, 10.5, 8, 6.5], "rotation": 180, "texture": "#1"},
				"down": {"uv": [8, 6.5, 12, 10.5], "rotation": 180, "texture": "#1"}
			}
		}
	],
	"display": {
		"thirdperson_righthand": {
			"rotation": [75, 45, 0],
			"translation": [0, 2, 3],
			"scale": [0.75, 0.75, 0.75]
		},
		"thirdperson_lefthand": {
			"rotation": [75, 45, 0],
			"translation": [0, 2, 3],
			"scale": [0.75, 0.75, 0.75]
		},
		"firstperson_righthand": {
			"rotation": [0, -90, 25],
			"translation": [1.13, 7, 1.13],
			"scale": [0.68, 0.68, 0.68]
		},
		"firstperson_lefthand": {
			"rotation": [0, -90, 25],
			"translation": [1.13, 7, 1.13],
			"scale": [0.68, 0.68, 0.68]
		},
		"ground": {
			"translation": [0, 5, 0]
		},
		"gui": {
			"rotation": [30, 225, 0],
			"translation": [0, 6.25, 0],
			"scale": [1.3, 1.3, 1.3]
		},
		"head": {
			"translation": [0, 14.25, 0],
			"scale": [1.85, 1.85, 1.85]
		},
		"fixed": {
			"rotation": [-100, 162, 0],
			"translation": [0, -1, -15.25],
			"scale": [2, 2, 2]
		}
	},
	"groups": [
		{
			"name": "group",
			"origin": [0, 0, 0],
			"color": 0,
			"children": [0, 1, 2, 3, 4, 5, 6]
		}
	]
}