{
	"credit": "Made with Blockbench",
	"texture_size": [32, 32],
	"textures": {
		"1": "item/120"
	},
	"elements": [
		{
			"from": [3.75, -0.25, 3.75],
			"to": [12.25, 5.25, 12.25],
			"rotation": {"angle": 0, "axis": "y", "origin": [4, -1, 4]},
			"faces": {
				"north": {"uv": [4, 13.5, 8, 16], "texture": "#1"},
				"east": {"uv": [0, 13.5, 4, 16], "texture": "#1"},
				"south": {"uv": [12, 13.5, 16, 16], "texture": "#1"},
				"west": {"uv": [8, 13.5, 12, 16], "texture": "#1"},
				"up": {"uv": [0, 4, 4, 0], "texture": "#1"},
				"down": {"uv": [0, 0, 4, 4], "texture": "#1"}
			}
		},
		{
			"from": [4, 0, 4],
			"to": [12, 5, 12],
			"rotation": {"angle": 0, "axis": "y", "origin": [4, -1, 4]},
			"faces": {
				"north": {"uv": [4, 4, 8, 6.5], "texture": "#1"},
				"east": {"uv": [0, 4, 4, 6.5], "texture": "#1"},
				"south": {"uv": [12, 4, 16, 6.5], "texture": "#1"},
				"west": {"uv": [8, 4, 12, 6.5], "texture": "#1"},
				"up": {"uv": [4, 4, 8, 0], "texture": "#1"},
				"down": {"uv": [4, 0, 8, 4], "texture": "#1"}
			}
		}
	],
	"display": {
		"thirdperson_righthand": {
			"rotation": [75, 45, 0],
			"translation": [0, 2, 3],
			"scale": [0.75, 0.75, 0.75]
		},
		"thirdperson_lefthand": {
			"rotation": [75, 45, 0],
			"translation": [0, 2, 3],
			"scale": [0.75, 0.75, 0.75]
		},
		"firstperson_righthand": {
			"rotation": [0, -90, 25],
			"translation": [1.13, 7, 1.13],
			"scale": [0.68, 0.68, 0.68]
		},
		"firstperson_lefthand": {
			"rotation": [0, -90, 25],
			"translation": [1.13, 7, 1.13],
			"scale": [0.68, 0.68, 0.68]
		},
		"ground": {
			"translation": [0, 5, 0]
		},
		"gui": {
			"rotation": [30, 225, 0],
			"translation": [0, 5.5, 0],
			"scale": [1.15, 1.15, 1.15]
		},
		"head": {
			"translation": [0, 14, 0],
			"scale": [1.82, 1.5, 1.81]
		},
		"fixed": {
			"rotation": [-90, 170, 0],
			"translation": [0, 0, -16.5],
			"scale": [2, 2, 2]
		}
	}
}