{
	"credit": "Made by YSBB with Blockbench",
	"textures": {
		"0": "item/99",
		"particle": "item/99"
	},
	"elements": [
		{
			"from": [6, 0, 8],
			"to": [9, 3, 9],
			"faces": {
				"north": {"uv": [6, 13, 9, 16], "texture": "#0"},
				"east": {"uv": [6, 13, 7, 16], "texture": "#0"},
				"south": {"uv": [9, 13, 6, 16], "texture": "#0"},
				"west": {"uv": [8, 13, 9, 16], "texture": "#0"},
				"up": {"uv": [6, 13, 9, 14], "rotation": 180, "texture": "#0"},
				"down": {"uv": [6, 13, 9, 14], "texture": "#0"}
			}
		},
		{
			"from": [4, 7, 8],
			"to": [7, 10, 9],
			"faces": {
				"north": {"uv": [6, 13, 9, 16], "texture": "#0"},
				"east": {"uv": [6, 13, 7, 16], "texture": "#0"},
				"south": {"uv": [9, 13, 6, 16], "texture": "#0"},
				"west": {"uv": [8, 13, 9, 16], "texture": "#0"},
				"up": {"uv": [6, 13, 9, 14], "rotation": 180, "texture": "#0"},
				"down": {"uv": [6, 13, 9, 14], "texture": "#0"}
			}
		},
		{
			"from": [6, 4, 8],
			"to": [9, 8, 9],
			"faces": {
				"north": {"uv": [6, 8, 9, 12], "texture": "#0"},
				"east": {"uv": [6, 8, 7, 12], "texture": "#0"},
				"south": {"uv": [9, 8, 6, 12], "texture": "#0"},
				"west": {"uv": [8, 8, 9, 12], "texture": "#0"},
				"up": {"uv": [6, 9, 9, 10], "rotation": 180, "texture": "#0"},
				"down": {"uv": [6, 9, 9, 10], "texture": "#0"}
			}
		},
		{
			"from": [2, 9, 8],
			"to": [5, 14, 9],
			"faces": {
				"north": {"uv": [10, 2, 13, 7], "texture": "#0"},
				"east": {"uv": [10, 2, 11, 7], "texture": "#0"},
				"south": {"uv": [13, 2, 10, 7], "texture": "#0"},
				"west": {"uv": [12, 2, 13, 7], "texture": "#0"},
				"up": {"uv": [10, 3, 13, 4], "rotation": 180, "texture": "#0"},
				"down": {"uv": [10, 3, 13, 4], "texture": "#0"}
			}
		},
		{
			"from": [10, 9, 8],
			"to": [13, 14, 9],
			"faces": {
				"north": {"uv": [10, 2, 13, 7], "texture": "#0"},
				"east": {"uv": [10, 2, 11, 7], "texture": "#0"},
				"south": {"uv": [13, 2, 10, 7], "texture": "#0"},
				"west": {"uv": [12, 2, 13, 7], "texture": "#0"},
				"up": {"uv": [10, 3, 13, 4], "rotation": 180, "texture": "#0"},
				"down": {"uv": [10, 3, 13, 4], "texture": "#0"}
			}
		},
		{
			"from": [4, 13, 8],
			"to": [11, 16, 9],
			"faces": {
				"north": {"uv": [4, 0, 11, 3], "texture": "#0"},
				"east": {"uv": [4, 0, 5, 3], "texture": "#0"},
				"south": {"uv": [11, 0, 4, 3], "texture": "#0"},
				"west": {"uv": [10, 0, 11, 3], "texture": "#0"},
				"up": {"uv": [4, 1, 11, 2], "rotation": 180, "texture": "#0"},
				"down": {"uv": [4, 1, 11, 2], "texture": "#0"}
			}
		}
	],
	"gui_light": "front",
	"display": {
		"thirdperson_righthand": {
			"rotation": [75, 45, 0],
			"translation": [0, 2.5, 0.5],
			"scale": [0.375, 0.375, 0.375]
		},
		"thirdperson_lefthand": {
			"rotation": [75, 45, 0],
			"translation": [0, 2.5, 0],
			"scale": [0.375, 0.375, 0.375]
		},
		"firstperson_righthand": {
			"rotation": [0, 45, 0],
			"translation": [0, 3, 0],
			"scale": [0.4, 0.4, 0.4]
		},
		"firstperson_lefthand": {
			"rotation": [0, 225, 0],
			"translation": [0, 3, 0],
			"scale": [0.4, 0.4, 0.4]
		},
		"ground": {
			"translation": [0, 2, 0],
			"scale": [0.5, 0.5, 0.5]
		},
		"gui": {
			"rotation": [0, 180, 0],
			"scale": [0.85, 0.85, 0.85]
		},
		"head": {
			"translation": [0, 13.75, -9.75],
			"scale": [0.64, 0.64, 0.64]
		},
		"fixed": {
			"translation": [-0.25, 0, -3.25]
		}
	},
	"groups": [
		{
			"name": "group",
			"origin": [8, 12.0625, 8],
			"color": 0,
			"children": []
		},
		0,
		1,
		2,
		3,
		4,
		5
	]
}