{
  "parent": "minecraft:block/carved_pumpkin",
  "textures": {
    "layer0": "minecraft:item/carved_pumpkin"
  },
  "overrides" :[
    {"predicate":{"custom_model_data":99},"model":"item/99"},
    {"predicate":{"custom_model_data":100},"model":"item/100"},

    {"predicate":{"custom_model_data":101},"model":"item/101"},
    {"predicate":{"custom_model_data":102},"model":"item/102"},
    {"predicate":{"custom_model_data":103},"model":"item/103"},
    {"predicate":{"custom_model_data":104},"model":"item/104"},
    {"predicate":{"custom_model_data":105},"model":"item/105"},
    {"predicate":{"custom_model_data":106},"model":"item/106"},
    {"predicate":{"custom_model_data":107},"model":"item/107"},
    {"predicate":{"custom_model_data":108},"model":"item/108"},
    {"predicate":{"custom_model_data":109},"model":"item/109"},
    {"predicate":{"custom_model_data":110},"model":"item/110"},
    {"predicate":{"custom_model_data":111},"model":"item/111"},
    {"predicate":{"custom_model_data":112},"model":"item/112"},
    {"predicate":{"custom_model_data":113},"model":"item/113"},
    {"predicate":{"custom_model_data":114},"model":"item/114"},
    {"predicate":{"custom_model_data":115},"model":"item/115"},
    {"predicate":{"custom_model_data":116},"model":"item/116"},
    {"predicate":{"custom_model_data":117},"model":"item/117"},
    {"predicate":{"custom_model_data":118},"model":"item/118"},
    {"predicate":{"custom_model_data":119},"model":"item/119"},
    {"predicate":{"custom_model_data":120},"model":"item/120"},
    {"predicate":{"custom_model_data":121},"model":"item/121"},
    {"predicate":{"custom_model_data":122},"model":"item/122"},
    {"predicate":{"custom_model_data":123},"model":"item/123"},
    {"predicate":{"custom_model_data":124},"model":"item/124"},
    {"predicate":{"custom_model_data":125},"model":"item/125"},
    {"predicate":{"custom_model_data":126},"model":"item/126"},
    {"predicate":{"custom_model_data":20001},"model":"item/ngt_caomao"},
    {"predicate":{"custom_model_data":20002},"model":"item/ngt_caomao"},
    {"predicate":{"custom_model_data":20003},"model":"item/ngt_nvwumao"},
    {"predicate":{"custom_model_data":20004},"model":"item/ngt_nvwumao_bai"},
    {"predicate":{"custom_model_data":20005},"model":"item/ngt_kuanggongmao"},
    {"predicate":{"custom_model_data":20006},"model":"item/ngt_kuanggongmao_hong"},
    {"predicate":{"custom_model_data":20007},"model":"item/ngt_nan2uu"},
    {"predicate":{"custom_model_data":20008},"model":"item/ngt_rongyuan_fen"},
    {"predicate":{"custom_model_data":20009},"model":"item/ngt_rongyuan_huang"},
    {"predicate":{"custom_model_data":20010},"model":"item/ngt_rongyuan_bai"},
    {"predicate":{"custom_model_data":20011},"model":"item/ngt_rongyuan_lan"},
    {"predicate":{"custom_model_data":20012},"model":"item/ngt_rongyuan_zong"},
    {"predicate":{"custom_model_data":20013},"model":"item/ngt_hope_99"},
    {"predicate":{"custom_model_data":20014},"model":"item/ngt_nekkiowo"}
	]
}