{
	"credit": "Made with Blockbench",
	"parent": "minecraft:block/cube_all",
	"texture_size": [64, 64],
	"textures": {
		"1": "item/chxs_jj_yunshan_liantizhuo_2x2_zhuobu1"
	},
	"elements": [
		{
			"from": [-2.0099, 13.8999, -8.10995],
			"to": [18.01, 17.0298, 24.10995],
			"rotation": {"angle": 0, "axis": "y", "origin": [-8.00995, 22.1999, -8.00995]},
			"faces": {
				"north": {"uv": [15.75, 7.25, 10.75, 8], "texture": "#1"},
				"east": {"uv": [10.75, 8, 10, 0], "rotation": 90, "texture": "#1"},
				"south": {"uv": [16, 12, 11, 12.75], "texture": "#1"},
				"west": {"uv": [10, 0, 10.75, 8], "rotation": 270, "texture": "#1"},
				"up": {"uv": [16, 0, 11, 8], "texture": "#1"},
				"down": {"uv": [16, 0, 11, 8], "texture": "#1"}
			}
		},
		{
			"from": [-8, 4, -5.9],
			"to": [24, 7, -5.1],
			"rotation": {"angle": 0, "axis": "y", "origin": [16, 14, 2]},
			"faces": {
				"north": {"uv": [15.25, 0, 16, 8], "rotation": 90, "texture": "#1"},
				"east": {"uv": [11.25, 9.5, 11.5, 10.25], "texture": "#1"},
				"south": {"uv": [11.25, 0, 12, 8], "rotation": 90, "texture": "#1"},
				"west": {"uv": [11.25, 9.5, 11.5, 10.25], "texture": "#1"},
				"up": {"uv": [11.25, 0, 11.45, 8], "rotation": 90, "texture": "#1"},
				"down": {"uv": [15.75, 0, 15.94975, 8], "rotation": 90, "texture": "#1"}
			}
		},
		{
			"from": [-8, 4, 21.1],
			"to": [24, 7, 21.9],
			"rotation": {"angle": 0, "axis": "y", "origin": [16, 14, 14]},
			"faces": {
				"north": {"uv": [11.25, 8, 12, 0], "rotation": 90, "texture": "#1"},
				"east": {"uv": [11.5, 9.5, 11.25, 10.25], "texture": "#1"},
				"south": {"uv": [15.25, 8, 16, 0], "rotation": 90, "texture": "#1"},
				"west": {"uv": [11.5, 9.5, 11.25, 10.25], "texture": "#1"},
				"up": {"uv": [11.45, 0, 11.25, 8], "rotation": 90, "texture": "#1"},
				"down": {"uv": [15.94975, 0, 15.75, 8], "rotation": 90, "texture": "#1"}
			}
		},
		{
			"from": [-11, 7, -7],
			"to": [-3, 9, 23],
			"rotation": {"angle": 0, "axis": "y", "origin": [-15, 16, 8]},
			"faces": {
				"north": {"uv": [14, 0.25, 12, 0.75], "texture": "#1"},
				"east": {"uv": [10.5, 7.5, 11, 0], "rotation": 90, "texture": "#1"},
				"south": {"uv": [13.75, 0.25, 11.75, 0.75], "texture": "#1"},
				"west": {"uv": [13, 7.5, 13.5, 0], "rotation": 90, "texture": "#1"},
				"up": {"uv": [15.75, 0, 13.75, 7.5], "texture": "#1"},
				"down": {"uv": [15.75, 0, 13.75, 7.5], "texture": "#1"}
			}
		},
		{
			"from": [19, 7, -7],
			"to": [27, 9, 23],
			"rotation": {"angle": 0, "axis": "y", "origin": [31, 16, 8]},
			"faces": {
				"north": {"uv": [12, 0.25, 14, 0.75], "texture": "#1"},
				"east": {"uv": [13, 0, 13.5, 7.5], "rotation": 90, "texture": "#1"},
				"south": {"uv": [11.75, 0.25, 13.75, 0.75], "texture": "#1"},
				"west": {"uv": [10.5, 0, 11, 7.5], "rotation": 90, "texture": "#1"},
				"up": {"uv": [13.75, 0, 15.75, 7.5], "texture": "#1"},
				"down": {"uv": [13.75, 0, 15.75, 7.5], "texture": "#1"}
			}
		},
		{
			"from": [-5.68479, -8.14214, 21],
			"to": [-1.68479, 11.85786, 22],
			"rotation": {"angle": -45, "axis": "z", "origin": [5.31521, 1.85786, 28]},
			"faces": {
				"north": {"uv": [10.75, 0, 11.75, 4.75], "texture": "#1"},
				"east": {"uv": [11.75, 0, 12, 4.75], "texture": "#1"},
				"south": {"uv": [11, 0, 12, 5], "texture": "#1"},
				"west": {"uv": [11.25, 0, 11.5, 4.75], "texture": "#1"},
				"up": {"uv": [11, 0, 12, 0.25], "texture": "#1"},
				"down": {"uv": [11, 0, 12, 0.25], "texture": "#1"}
			}
		},
		{
			"from": [17.68479, -8.14214, 21],
			"to": [21.68479, 11.85786, 22],
			"rotation": {"angle": 45, "axis": "z", "origin": [10.68479, 1.85786, 28]},
			"faces": {
				"north": {"uv": [11.75, 0, 10.75, 4.75], "texture": "#1"},
				"east": {"uv": [11.5, 0, 11.25, 4.75], "texture": "#1"},
				"south": {"uv": [12, 0, 11, 5], "texture": "#1"},
				"west": {"uv": [12, 0, 11.75, 4.75], "texture": "#1"},
				"up": {"uv": [12, 0, 11, 0.25], "texture": "#1"},
				"down": {"uv": [12, 0, 11, 0.25], "texture": "#1"}
			}
		},
		{
			"from": [-5.68479, -8.14214, -6],
			"to": [-1.68479, 11.85786, -5],
			"rotation": {"angle": -45, "axis": "z", "origin": [5.31521, 1.85786, -12]},
			"faces": {
				"north": {"uv": [12, 0, 11, 5], "texture": "#1"},
				"east": {"uv": [12, 0, 11.75, 4.75], "texture": "#1"},
				"south": {"uv": [11.75, 0, 10.75, 4.75], "texture": "#1"},
				"west": {"uv": [11.5, 0, 11.25, 4.75], "texture": "#1"},
				"up": {"uv": [11, 0.25, 12, 0], "texture": "#1"},
				"down": {"uv": [11, 0.25, 12, 0], "texture": "#1"}
			}
		},
		{
			"from": [17.68479, -8.14214, -6],
			"to": [21.68479, 11.85786, -5],
			"rotation": {"angle": 45, "axis": "z", "origin": [10.68479, 1.85786, -12]},
			"faces": {
				"north": {"uv": [11, 0, 12, 5], "texture": "#1"},
				"east": {"uv": [11.25, 0, 11.5, 4.75], "texture": "#1"},
				"south": {"uv": [10.75, 0, 11.75, 4.75], "texture": "#1"},
				"west": {"uv": [11.75, 0, 12, 4.75], "texture": "#1"},
				"up": {"uv": [12, 0.25, 11, 0], "texture": "#1"},
				"down": {"uv": [12, 0.25, 11, 0], "texture": "#1"}
			}
		},
		{
			"from": [-2.1, 8, -8.1],
			"to": [18.1, 17.2, 24.1],
			"rotation": {"angle": 0, "axis": "y", "origin": [8, 25.1, 8]},
			"faces": {
				"east": {"uv": [0, 5.25, 8, 7.5], "texture": "#1", "tintindex": 0},
				"west": {"uv": [0, 5.25, 8, 7.5], "texture": "#1", "tintindex": 0},
				"up": {"uv": [0, 0, 8, 5], "rotation": 90, "texture": "#1", "tintindex": 0},
				"down": {"uv": [0, 0, 0, 0], "texture": "#1"}
			}
		},
		{
			"from": [18.1, 8, -8.1],
			"to": [-2.1, 17.2, 24.1],
			"rotation": {"angle": 0, "axis": "y", "origin": [28.2, 25.1, 8]},
			"faces": {
				"east": {"uv": [0, 5.25, 8, 7.5], "texture": "#1", "tintindex": 0},
				"west": {"uv": [0, 5.25, 8, 7.5], "texture": "#1", "tintindex": 0},
				"up": {"uv": [0, 0, 8, 5], "rotation": 90, "texture": "#1", "tintindex": 0},
				"down": {"uv": [0, 0, 0, 0], "texture": "#1"}
			}
		}
	],
	"display": {
		"gui": {
			"rotation": [30, 225, 0],
			"scale": [0.4, 0.4, 0.4]
		},
		"fixed": {
			"rotation": [-90, -90, 0],
			"translation": [-8, 56, 0.5],
			"scale": [2.666, 2.666, 2.666]
		}
	},
	"groups": [
		{
			"name": "group",
			"origin": [8, 8, 28],
			"children": [0, 1, 2, 3, 4, 5, 6, 7, 8]
		}, 9, 10]
}