{
	"credit": "Made with Blockbench",
	"parent": "minecraft:block/cube_all",
	"texture_size": [64, 64],
	"textures": {
		"0": "item/chxs_jj_denglong7",
		"particle": "item/chxs_jj_denglong7"
	},
	"elements": [
		{
			"from": [2.5, 3, 2.5],
			"to": [13.5, 15, 13.5],
			"rotation": {"angle": 0, "axis": "y", "origin": [7.5, 8, 7.5]},
			"faces": {
				"north": {"uv": [4.25, 3.75, 7, 6.75], "texture": "#0"},
				"east": {"uv": [4.25, 0, 7, 3], "texture": "#0"},
				"south": {"uv": [4.25, 6.75, 7, 9.75], "texture": "#0"},
				"west": {"uv": [0.5, 7.5, 3.25, 10.5], "texture": "#0"},
				"up": {"uv": [3.25, 3.25, 0.5, 0.5], "texture": "#0"},
				"down": {"uv": [3.25, 4.25, 0.5, 7], "texture": "#0"}
			}
		},
		{
			"from": [13.5, 3, 2.5],
			"to": [2.5, 15, 13.5],
			"rotation": {"angle": 0, "axis": "y", "origin": [18.5, 8, 7.5]},
			"faces": {
				"north": {"uv": [4.25, 3.75, 7, 6.75], "texture": "#0"},
				"east": {"uv": [4.25, 0, 7, 3], "texture": "#0"},
				"south": {"uv": [4.25, 6.75, 7, 9.75], "texture": "#0"},
				"west": {"uv": [0.5, 7.5, 3.25, 10.5], "texture": "#0"},
				"up": {"uv": [3.25, 3.25, 0.5, 0.5], "texture": "#0"},
				"down": {"uv": [3.25, 4.25, 0.5, 7], "texture": "#0"}
			}
		},
		{
			"from": [4.5, 15, 4.5],
			"to": [11.5, 17, 11.5],
			"rotation": {"angle": 0, "axis": "y", "origin": [12.5, 23, 12.5]},
			"faces": {
				"north": {"uv": [0, 10.75, 1.75, 11.25], "texture": "#0"},
				"east": {"uv": [5.25, 10.75, 7, 11.25], "texture": "#0"},
				"south": {"uv": [3.5, 10.75, 5.25, 11.25], "texture": "#0"},
				"west": {"uv": [1.75, 10.75, 3.5, 11.25], "texture": "#0"},
				"down": {"uv": [7.75, 0.25, 9.5, 2], "texture": "#0"}
			}
		},
		{
			"from": [11.5, 15, 4.5],
			"to": [4.5, 17, 11.5],
			"rotation": {"angle": 0, "axis": "y", "origin": [19.5, 23, 12.5]},
			"faces": {
				"north": {"uv": [0, 10.75, 1.75, 11.25], "texture": "#0"},
				"east": {"uv": [5.25, 10.75, 7, 11.25], "texture": "#0"},
				"south": {"uv": [3.5, 10.75, 5.25, 11.25], "texture": "#0"},
				"west": {"uv": [1.75, 10.75, 3.5, 11.25], "texture": "#0"},
				"down": {"uv": [7.75, 0.25, 9.5, 2], "texture": "#0"}
			}
		},
		{
			"from": [4.5, 1, 4.5],
			"to": [11.5, 3, 11.5],
			"rotation": {"angle": 0, "axis": "y", "origin": [12.5, 9, 12.5]},
			"faces": {
				"north": {"uv": [0, 11.5, 1.75, 12], "texture": "#0"},
				"east": {"uv": [5.25, 11.5, 7, 12], "texture": "#0"},
				"south": {"uv": [3.5, 11.5, 5.25, 12], "texture": "#0"},
				"west": {"uv": [1.75, 11.5, 3.5, 12], "texture": "#0"},
				"down": {"uv": [10, 0.25, 11.75, 2], "texture": "#0"}
			}
		},
		{
			"from": [11.5, 1, 4.5],
			"to": [4.5, 3, 11.5],
			"rotation": {"angle": 0, "axis": "y", "origin": [19.5, 9, 12.5]},
			"faces": {
				"north": {"uv": [0, 11.5, 1.75, 12], "texture": "#0"},
				"east": {"uv": [5.25, 11.5, 7, 12], "texture": "#0"},
				"south": {"uv": [3.5, 11.5, 5.25, 12], "texture": "#0"},
				"west": {"uv": [1.75, 11.5, 3.5, 12], "texture": "#0"},
				"down": {"uv": [10, 0.25, 11.75, 2], "texture": "#0"}
			}
		},
		{
			"from": [5.5, -5, 5.5],
			"to": [10.5, 2, 10.5],
			"rotation": {"angle": 0, "axis": "y", "origin": [7.5, 5, 7.5]},
			"faces": {
				"north": {"uv": [1.75, 14, 3, 15.75], "texture": "#0"},
				"east": {"uv": [0, 14, 1.25, 15.75], "texture": "#0"},
				"south": {"uv": [5.25, 14, 6.5, 15.75], "texture": "#0"},
				"west": {"uv": [3.5, 14, 4.75, 15.75], "texture": "#0"},
				"up": {"uv": [8, 0.5, 9.25, 1.75], "texture": "#0"},
				"down": {"uv": [9.25, 3.5, 7.5, 5.25], "texture": "#0"}
			}
		},
		{
			"from": [10.5, -5, 5.5],
			"to": [5.5, 2, 10.5],
			"rotation": {"angle": 0, "axis": "y", "origin": [12.5, 5, 7.5]},
			"faces": {
				"north": {"uv": [1.75, 14, 3, 15.75], "texture": "#0"},
				"east": {"uv": [0, 14, 1.25, 15.75], "texture": "#0"},
				"south": {"uv": [5.25, 14, 6.5, 15.75], "texture": "#0"},
				"west": {"uv": [3.5, 14, 4.75, 15.75], "texture": "#0"},
				"up": {"uv": [8, 0.5, 9.25, 1.75], "texture": "#0"},
				"down": {"uv": [9.25, 3.5, 7.5, 5.25], "texture": "#0"}
			}
		},
		{
			"from": [6.35, -15, 0.5],
			"to": [15.85, 26, 0.5],
			"rotation": {"angle": 45, "axis": "y", "origin": [18.6, 25, 8]},
			"faces": {
				"north": {"uv": [13.75, 0, 15.5, 7.5], "texture": "#0"},
				"east": {"uv": [0, 0, 0, 10], "texture": "#0"},
				"south": {"uv": [13.75, 0, 15.5, 7.5], "texture": "#0"},
				"west": {"uv": [0, 0, 0, 10], "texture": "#0"},
				"up": {"uv": [0, 0, 1.75, 0], "texture": "#0"},
				"down": {"uv": [0, 0, 1.75, 0], "texture": "#0"}
			}
		},
		{
			"from": [11.1, -15, -4],
			"to": [11.1, 26, 5],
			"rotation": {"angle": 45, "axis": "y", "origin": [18.6, 25, 8]},
			"faces": {
				"north": {"uv": [13.75, 0, 15.5, 10], "texture": "#0"},
				"east": {"uv": [13.75, 0, 15.5, 7.5], "texture": "#0"},
				"south": {"uv": [0, 0, 0, 10], "texture": "#0"},
				"west": {"uv": [13.75, 0, 15.5, 7.5], "texture": "#0"},
				"up": {"uv": [0, 0, 1.75, 0], "rotation": 90, "texture": "#0"},
				"down": {"uv": [0, 0, 1.75, 0], "rotation": 270, "texture": "#0"}
			}
		}
	],
	"display": {
		"thirdperson_righthand": {
			"rotation": [75, 45, 0],
			"translation": [0, 2.5, 0],
			"scale": [0.375, 0.375, 0.375]
		},
		"thirdperson_lefthand": {
			"rotation": [75, 45, 0],
			"translation": [0, 2.5, 0],
			"scale": [0.375, 0.375, 0.375]
		},
		"firstperson_righthand": {
			"rotation": [0, 45, 0],
			"scale": [0.4, 0.4, 0.4]
		},
		"firstperson_lefthand": {
			"rotation": [0, 225, 0],
			"scale": [0.4, 0.4, 0.4]
		},
		"ground": {
			"translation": [0, 3, 0],
			"scale": [0.25, 0.25, 0.25]
		},
		"gui": {
			"rotation": [30, 225, 0],
			"scale": [0.625, 0.625, 0.625]
		},
		"fixed": {
			"rotation": [90, 0, 0],
			"translation": [0, 0, -22],
			"scale": [2, 2, 2]
		}
	}
}