{
	"credit": "Made with Blockbench",
	"parent": "minecraft:block/cube_all",
	"texture_size": [64, 64],
	"textures": {
		"1": "item/chxs_jj_denglong7"
	},
	"elements": [
		{
			"from": [3.65485, 5.45, -11.66538],
			"to": [10.95485, 13.45, -4.36538],
			"rotation": {"angle": 0, "axis": "y", "origin": [7.05485, 7.95, -7.26538]},
			"faces": {
				"north": {"uv": [7, 6.75, 4.25, 9.75], "texture": "#1"},
				"east": {"uv": [7, 0, 4.25, 3], "texture": "#1"},
				"south": {"uv": [7, 3.75, 4.25, 6.75], "texture": "#1"},
				"west": {"uv": [3.25, 7.5, 0.5, 10.5], "texture": "#1"},
				"up": {"uv": [3.25, 0.5, 0.5, 3.25], "texture": "#1"},
				"down": {"uv": [3.25, 7, 0.5, 4.25], "texture": "#1"}
			}
		},
		{
			"from": [10.95485, 5.45, -11.66538],
			"to": [3.65485, 13.45, -4.36538],
			"rotation": {"angle": 0, "axis": "y", "origin": [14.35485, 7.95, -7.26538]},
			"faces": {
				"north": {"uv": [7, 6.75, 4.25, 9.75], "texture": "#1"},
				"east": {"uv": [7, 0, 4.25, 3], "texture": "#1"},
				"south": {"uv": [7, 3.75, 4.25, 6.75], "texture": "#1"},
				"west": {"uv": [3.25, 7.5, 0.5, 10.5], "texture": "#1"},
				"up": {"uv": [3.25, 0.5, 0.5, 3.25], "texture": "#1"},
				"down": {"uv": [3.25, 7, 0.5, 4.25], "texture": "#1"}
			}
		},
		{
			"from": [5.00485, 13.45, -10.31538],
			"to": [9.60485, 14.7, -5.71538],
			"rotation": {"angle": 0, "axis": "y", "origin": [11.65485, 20.2, -11.76538]},
			"faces": {
				"north": {"uv": [7, 10.75, 5.25, 11.25], "texture": "#1"},
				"east": {"uv": [5.25, 10.75, 3.5, 11.25], "texture": "#1"},
				"south": {"uv": [3.5, 10.75, 1.75, 11.25], "texture": "#1"},
				"west": {"uv": [1.75, 10.75, 0, 11.25], "texture": "#1"},
				"down": {"uv": [7.5, 2.25, 9.75, 0], "texture": "#1"}
			}
		},
		{
			"from": [9.60485, 13.45, -10.31538],
			"to": [5.00485, 14.7, -5.71538],
			"rotation": {"angle": 0, "axis": "y", "origin": [16.25485, 20.2, -11.76538]},
			"faces": {
				"north": {"uv": [7, 10.75, 5.25, 11.25], "texture": "#1"},
				"east": {"uv": [5.25, 10.75, 3.5, 11.25], "texture": "#1"},
				"south": {"uv": [3.5, 10.75, 1.75, 11.25], "texture": "#1"},
				"west": {"uv": [1.75, 10.75, 0, 11.25], "texture": "#1"},
				"down": {"uv": [7.5, 2.25, 9.75, 0], "texture": "#1"}
			}
		},
		{
			"from": [4.95485, 4.2, -10.36538],
			"to": [9.65485, 5.45, -5.66538],
			"rotation": {"angle": 0, "axis": "y", "origin": [12.15485, -1.3, -12.26538]},
			"faces": {
				"north": {"uv": [1.75, 12, 0, 11.5], "rotation": 180, "texture": "#1"},
				"east": {"uv": [7, 12, 5.25, 11.5], "rotation": 180, "texture": "#1"},
				"south": {"uv": [5.25, 12, 3.5, 11.5], "rotation": 180, "texture": "#1"},
				"west": {"uv": [3.5, 12, 1.75, 11.5], "rotation": 180, "texture": "#1"},
				"down": {"uv": [10, 2, 11.75, 0.25], "texture": "#1"}
			}
		},
		{
			"from": [9.65485, 4.2, -10.36538],
			"to": [4.95485, 5.45, -5.66538],
			"rotation": {"angle": 0, "axis": "y", "origin": [16.85485, -1.3, -12.26538]},
			"faces": {
				"north": {"uv": [1.75, 12, 0, 11.5], "rotation": 180, "texture": "#1"},
				"east": {"uv": [7, 12, 5.25, 11.5], "rotation": 180, "texture": "#1"},
				"south": {"uv": [5.25, 12, 3.5, 11.5], "rotation": 180, "texture": "#1"},
				"west": {"uv": [3.5, 12, 1.75, 11.5], "rotation": 180, "texture": "#1"},
				"down": {"uv": [10, 2, 11.75, 0.25], "texture": "#1"}
			}
		},
		{
			"from": [5.65485, 0.45, -9.71538],
			"to": [9.05485, 4.95, -6.31538],
			"rotation": {"angle": 0, "axis": "y", "origin": [6.05485, 10.45, -7.11538]},
			"faces": {
				"north": {"uv": [6.5, 14, 5.25, 15.75], "texture": "#1"},
				"east": {"uv": [1.25, 14, 0, 15.75], "texture": "#1"},
				"south": {"uv": [3, 14, 1.75, 15.75], "texture": "#1"},
				"west": {"uv": [4.75, 14, 3.5, 15.75], "texture": "#1"},
				"up": {"uv": [8, 1.75, 9.25, 0.5], "texture": "#1"},
				"down": {"uv": [9.25, 5.25, 7.5, 3.5], "texture": "#1"}
			}
		},
		{
			"from": [9.05485, 0.45, -9.71538],
			"to": [5.65485, 4.95, -6.31538],
			"rotation": {"angle": 0, "axis": "y", "origin": [9.45485, 10.45, -7.11538]},
			"faces": {
				"north": {"uv": [6.5, 14, 5.25, 15.75], "texture": "#1"},
				"east": {"uv": [1.25, 14, 0, 15.75], "texture": "#1"},
				"south": {"uv": [3, 14, 1.75, 15.75], "texture": "#1"},
				"west": {"uv": [4.75, 14, 3.5, 15.75], "texture": "#1"},
				"up": {"uv": [8, 1.75, 9.25, 0.5], "texture": "#1"},
				"down": {"uv": [9.25, 5.25, 7.5, 3.5], "texture": "#1"}
			}
		},
		{
			"from": [7.20485, -6.55, -0.46538],
			"to": [13.70485, 20.95, -0.46538],
			"rotation": {"angle": -45, "axis": "y", "origin": [17.95485, 24.95, -7.96538]},
			"faces": {
				"north": {"uv": [15.5, 0, 13.75, 7.5], "texture": "#1"},
				"east": {"uv": [0, 0, 0, 10], "texture": "#1"},
				"south": {"uv": [15.5, 0, 13.75, 7.5], "texture": "#1"},
				"west": {"uv": [0, 0, 0, 10], "texture": "#1"},
				"up": {"uv": [0, 0, 1.75, 0], "texture": "#1"},
				"down": {"uv": [0, 0, 1.75, 0], "texture": "#1"}
			}
		},
		{
			"from": [10.45485, -6.55, -3.71538],
			"to": [10.45485, 20.95, 2.78462],
			"rotation": {"angle": -45, "axis": "y", "origin": [17.95485, 24.95, -7.96538]},
			"faces": {
				"north": {"uv": [0, 0, 0, 10], "texture": "#1"},
				"east": {"uv": [15.5, 0, 13.75, 7.5], "texture": "#1"},
				"south": {"uv": [15.5, 0, 13.75, 10], "texture": "#1"},
				"west": {"uv": [15.5, 0, 13.75, 7.5], "texture": "#1"},
				"up": {"uv": [1.75, 0, 0, 0], "rotation": 90, "texture": "#1"},
				"down": {"uv": [1.75, 0, 0, 0], "rotation": 270, "texture": "#1"}
			}
		},
		{
			"from": [3.65627, 5.45, -0.99796],
			"to": [10.95627, 13.45, 6.30204],
			"rotation": {"angle": 0, "axis": "y", "origin": [7.05627, 7.95, 3.40204]},
			"faces": {
				"north": {"uv": [7, 6.75, 4.25, 9.75], "texture": "#1"},
				"east": {"uv": [7, 0, 4.25, 3], "texture": "#1"},
				"south": {"uv": [7, 3.75, 4.25, 6.75], "texture": "#1"},
				"west": {"uv": [3.25, 7.5, 0.5, 10.5], "texture": "#1"},
				"up": {"uv": [3.25, 0.5, 0.5, 3.25], "texture": "#1"},
				"down": {"uv": [3.25, 7, 0.5, 4.25], "texture": "#1"}
			}
		},
		{
			"from": [10.95627, 5.45, -0.99796],
			"to": [3.65627, 13.45, 6.30204],
			"rotation": {"angle": 0, "axis": "y", "origin": [14.35627, 7.95, 3.40204]},
			"faces": {
				"north": {"uv": [7, 6.75, 4.25, 9.75], "texture": "#1"},
				"east": {"uv": [7, 0, 4.25, 3], "texture": "#1"},
				"south": {"uv": [7, 3.75, 4.25, 6.75], "texture": "#1"},
				"west": {"uv": [3.25, 7.5, 0.5, 10.5], "texture": "#1"},
				"up": {"uv": [3.25, 0.5, 0.5, 3.25], "texture": "#1"},
				"down": {"uv": [3.25, 7, 0.5, 4.25], "texture": "#1"}
			}
		},
		{
			"from": [5.00627, 13.45, 0.35204],
			"to": [9.60627, 14.7, 4.95204],
			"rotation": {"angle": 0, "axis": "y", "origin": [11.65627, 20.2, -1.09796]},
			"faces": {
				"north": {"uv": [7, 10.75, 5.25, 11.25], "texture": "#1"},
				"east": {"uv": [5.25, 10.75, 3.5, 11.25], "texture": "#1"},
				"south": {"uv": [3.5, 10.75, 1.75, 11.25], "texture": "#1"},
				"west": {"uv": [1.75, 10.75, 0, 11.25], "texture": "#1"},
				"down": {"uv": [7.5, 2.25, 9.75, 0], "texture": "#1"}
			}
		},
		{
			"from": [9.60627, 13.45, 0.35204],
			"to": [5.00627, 14.7, 4.95204],
			"rotation": {"angle": 0, "axis": "y", "origin": [16.25627, 20.2, -1.09796]},
			"faces": {
				"north": {"uv": [7, 10.75, 5.25, 11.25], "texture": "#1"},
				"east": {"uv": [5.25, 10.75, 3.5, 11.25], "texture": "#1"},
				"south": {"uv": [3.5, 10.75, 1.75, 11.25], "texture": "#1"},
				"west": {"uv": [1.75, 10.75, 0, 11.25], "texture": "#1"},
				"down": {"uv": [7.5, 2.25, 9.75, 0], "texture": "#1"}
			}
		},
		{
			"from": [4.95627, 4.2, 0.30204],
			"to": [9.65627, 5.45, 5.00204],
			"rotation": {"angle": 0, "axis": "y", "origin": [12.15627, -1.3, -1.59796]},
			"faces": {
				"north": {"uv": [1.75, 12, 0, 11.5], "rotation": 180, "texture": "#1"},
				"east": {"uv": [7, 12, 5.25, 11.5], "rotation": 180, "texture": "#1"},
				"south": {"uv": [5.25, 12, 3.5, 11.5], "rotation": 180, "texture": "#1"},
				"west": {"uv": [3.5, 12, 1.75, 11.5], "rotation": 180, "texture": "#1"},
				"down": {"uv": [10, 2, 11.75, 0.25], "texture": "#1"}
			}
		},
		{
			"from": [9.65627, 4.2, 0.30204],
			"to": [4.95627, 5.45, 5.00204],
			"rotation": {"angle": 0, "axis": "y", "origin": [16.85627, -1.3, -1.59796]},
			"faces": {
				"north": {"uv": [1.75, 12, 0, 11.5], "rotation": 180, "texture": "#1"},
				"east": {"uv": [7, 12, 5.25, 11.5], "rotation": 180, "texture": "#1"},
				"south": {"uv": [5.25, 12, 3.5, 11.5], "rotation": 180, "texture": "#1"},
				"west": {"uv": [3.5, 12, 1.75, 11.5], "rotation": 180, "texture": "#1"},
				"down": {"uv": [10, 2, 11.75, 0.25], "texture": "#1"}
			}
		},
		{
			"from": [5.65627, 0.45, 0.95204],
			"to": [9.05627, 4.95, 4.35204],
			"rotation": {"angle": 0, "axis": "y", "origin": [6.05627, 10.45, 3.55204]},
			"faces": {
				"north": {"uv": [6.5, 14, 5.25, 15.75], "texture": "#1"},
				"east": {"uv": [1.25, 14, 0, 15.75], "texture": "#1"},
				"south": {"uv": [3, 14, 1.75, 15.75], "texture": "#1"},
				"west": {"uv": [4.75, 14, 3.5, 15.75], "texture": "#1"},
				"up": {"uv": [8, 1.75, 9.25, 0.5], "texture": "#1"},
				"down": {"uv": [9.25, 5.25, 7.5, 3.5], "texture": "#1"}
			}
		},
		{
			"from": [9.05627, 0.45, 0.95204],
			"to": [5.65627, 4.95, 4.35204],
			"rotation": {"angle": 0, "axis": "y", "origin": [9.45627, 10.45, 3.55204]},
			"faces": {
				"north": {"uv": [6.5, 14, 5.25, 15.75], "texture": "#1"},
				"east": {"uv": [1.25, 14, 0, 15.75], "texture": "#1"},
				"south": {"uv": [3, 14, 1.75, 15.75], "texture": "#1"},
				"west": {"uv": [4.75, 14, 3.5, 15.75], "texture": "#1"},
				"up": {"uv": [8, 1.75, 9.25, 0.5], "texture": "#1"},
				"down": {"uv": [9.25, 5.25, 7.5, 3.5], "texture": "#1"}
			}
		},
		{
			"from": [7.20627, -6.55, 10.20204],
			"to": [13.70627, 20.95, 10.20204],
			"rotation": {"angle": -45, "axis": "y", "origin": [17.95627, 24.95, 2.70204]},
			"faces": {
				"north": {"uv": [15.5, 0, 13.75, 7.5], "texture": "#1"},
				"east": {"uv": [0, 0, 0, 10], "texture": "#1"},
				"south": {"uv": [15.5, 0, 13.75, 7.5], "texture": "#1"},
				"west": {"uv": [0, 0, 0, 10], "texture": "#1"},
				"up": {"uv": [0, 0, 1.75, 0], "texture": "#1"},
				"down": {"uv": [0, 0, 1.75, 0], "texture": "#1"}
			}
		},
		{
			"from": [10.45627, -6.55, 6.95204],
			"to": [10.45627, 20.95, 13.45204],
			"rotation": {"angle": -45, "axis": "y", "origin": [17.95627, 24.95, 2.70204]},
			"faces": {
				"north": {"uv": [0, 0, 0, 10], "texture": "#1"},
				"east": {"uv": [15.5, 0, 13.75, 7.5], "texture": "#1"},
				"south": {"uv": [15.5, 0, 13.75, 10], "texture": "#1"},
				"west": {"uv": [15.5, 0, 13.75, 7.5], "texture": "#1"},
				"up": {"uv": [1.75, 0, 0, 0], "rotation": 90, "texture": "#1"},
				"down": {"uv": [1.75, 0, 0, 0], "rotation": 270, "texture": "#1"}
			}
		},
		{
			"from": [3.65556, 5.45, 9.66733],
			"to": [10.95556, 13.45, 16.96733],
			"rotation": {"angle": 0, "axis": "y", "origin": [7.05556, 7.95, 14.06733]},
			"faces": {
				"north": {"uv": [7, 6.75, 4.25, 9.75], "texture": "#1"},
				"east": {"uv": [7, 0, 4.25, 3], "texture": "#1"},
				"south": {"uv": [7, 3.75, 4.25, 6.75], "texture": "#1"},
				"west": {"uv": [3.25, 7.5, 0.5, 10.5], "texture": "#1"},
				"up": {"uv": [3.25, 0.5, 0.5, 3.25], "texture": "#1"},
				"down": {"uv": [3.25, 7, 0.5, 4.25], "texture": "#1"}
			}
		},
		{
			"from": [10.95556, 5.45, 9.66733],
			"to": [3.65556, 13.45, 16.96733],
			"rotation": {"angle": 0, "axis": "y", "origin": [14.35556, 7.95, 14.06733]},
			"faces": {
				"north": {"uv": [7, 6.75, 4.25, 9.75], "texture": "#1"},
				"east": {"uv": [7, 0, 4.25, 3], "texture": "#1"},
				"south": {"uv": [7, 3.75, 4.25, 6.75], "texture": "#1"},
				"west": {"uv": [3.25, 7.5, 0.5, 10.5], "texture": "#1"},
				"up": {"uv": [3.25, 0.5, 0.5, 3.25], "texture": "#1"},
				"down": {"uv": [3.25, 7, 0.5, 4.25], "texture": "#1"}
			}
		},
		{
			"from": [5.00556, 13.45, 11.01733],
			"to": [9.60556, 14.7, 15.61733],
			"rotation": {"angle": 0, "axis": "y", "origin": [11.65556, 20.2, 9.56733]},
			"faces": {
				"north": {"uv": [7, 10.75, 5.25, 11.25], "texture": "#1"},
				"east": {"uv": [5.25, 10.75, 3.5, 11.25], "texture": "#1"},
				"south": {"uv": [3.5, 10.75, 1.75, 11.25], "texture": "#1"},
				"west": {"uv": [1.75, 10.75, 0, 11.25], "texture": "#1"},
				"down": {"uv": [7.5, 2.25, 9.75, 0], "texture": "#1"}
			}
		},
		{
			"from": [9.60556, 13.45, 11.01733],
			"to": [5.00556, 14.7, 15.61733],
			"rotation": {"angle": 0, "axis": "y", "origin": [16.25556, 20.2, 9.56733]},
			"faces": {
				"north": {"uv": [7, 10.75, 5.25, 11.25], "texture": "#1"},
				"east": {"uv": [5.25, 10.75, 3.5, 11.25], "texture": "#1"},
				"south": {"uv": [3.5, 10.75, 1.75, 11.25], "texture": "#1"},
				"west": {"uv": [1.75, 10.75, 0, 11.25], "texture": "#1"},
				"down": {"uv": [7.5, 2.25, 9.75, 0], "texture": "#1"}
			}
		},
		{
			"from": [4.95556, 4.2, 10.96733],
			"to": [9.65556, 5.45, 15.66733],
			"rotation": {"angle": 0, "axis": "y", "origin": [12.15556, -1.3, 9.06733]},
			"faces": {
				"north": {"uv": [1.75, 12, 0, 11.5], "rotation": 180, "texture": "#1"},
				"east": {"uv": [7, 12, 5.25, 11.5], "rotation": 180, "texture": "#1"},
				"south": {"uv": [5.25, 12, 3.5, 11.5], "rotation": 180, "texture": "#1"},
				"west": {"uv": [3.5, 12, 1.75, 11.5], "rotation": 180, "texture": "#1"},
				"down": {"uv": [10, 2, 11.75, 0.25], "texture": "#1"}
			}
		},
		{
			"from": [9.65556, 4.2, 10.96733],
			"to": [4.95556, 5.45, 15.66733],
			"rotation": {"angle": 0, "axis": "y", "origin": [16.85556, -1.3, 9.06733]},
			"faces": {
				"north": {"uv": [1.75, 12, 0, 11.5], "rotation": 180, "texture": "#1"},
				"east": {"uv": [7, 12, 5.25, 11.5], "rotation": 180, "texture": "#1"},
				"south": {"uv": [5.25, 12, 3.5, 11.5], "rotation": 180, "texture": "#1"},
				"west": {"uv": [3.5, 12, 1.75, 11.5], "rotation": 180, "texture": "#1"},
				"down": {"uv": [10, 2, 11.75, 0.25], "texture": "#1"}
			}
		},
		{
			"from": [5.65556, 0.45, 11.61733],
			"to": [9.05556, 4.95, 15.01733],
			"rotation": {"angle": 0, "axis": "y", "origin": [6.05556, 10.45, 14.21733]},
			"faces": {
				"north": {"uv": [6.5, 14, 5.25, 15.75], "texture": "#1"},
				"east": {"uv": [1.25, 14, 0, 15.75], "texture": "#1"},
				"south": {"uv": [3, 14, 1.75, 15.75], "texture": "#1"},
				"west": {"uv": [4.75, 14, 3.5, 15.75], "texture": "#1"},
				"up": {"uv": [8, 1.75, 9.25, 0.5], "texture": "#1"},
				"down": {"uv": [9.25, 5.25, 7.5, 3.5], "texture": "#1"}
			}
		},
		{
			"from": [9.05556, 0.45, 11.61733],
			"to": [5.65556, 4.95, 15.01733],
			"rotation": {"angle": 0, "axis": "y", "origin": [9.45556, 10.45, 14.21733]},
			"faces": {
				"north": {"uv": [6.5, 14, 5.25, 15.75], "texture": "#1"},
				"east": {"uv": [1.25, 14, 0, 15.75], "texture": "#1"},
				"south": {"uv": [3, 14, 1.75, 15.75], "texture": "#1"},
				"west": {"uv": [4.75, 14, 3.5, 15.75], "texture": "#1"},
				"up": {"uv": [8, 1.75, 9.25, 0.5], "texture": "#1"},
				"down": {"uv": [9.25, 5.25, 7.5, 3.5], "texture": "#1"}
			}
		},
		{
			"from": [7.20556, -6.55, 20.86733],
			"to": [13.70556, 20.95, 20.86733],
			"rotation": {"angle": -45, "axis": "y", "origin": [17.95556, 24.95, 13.36733]},
			"faces": {
				"north": {"uv": [15.5, 0, 13.75, 7.5], "texture": "#1"},
				"east": {"uv": [0, 0, 0, 10], "texture": "#1"},
				"south": {"uv": [15.5, 0, 13.75, 7.5], "texture": "#1"},
				"west": {"uv": [0, 0, 0, 10], "texture": "#1"},
				"up": {"uv": [0, 0, 1.75, 0], "texture": "#1"},
				"down": {"uv": [0, 0, 1.75, 0], "texture": "#1"}
			}
		},
		{
			"from": [10.45556, -6.55, 17.61733],
			"to": [10.45556, 20.95, 24.11733],
			"rotation": {"angle": -45, "axis": "y", "origin": [17.95556, 24.95, 13.36733]},
			"faces": {
				"north": {"uv": [0, 0, 0, 10], "texture": "#1"},
				"east": {"uv": [15.5, 0, 13.75, 7.5], "texture": "#1"},
				"south": {"uv": [15.5, 0, 13.75, 10], "texture": "#1"},
				"west": {"uv": [15.5, 0, 13.75, 7.5], "texture": "#1"},
				"up": {"uv": [1.75, 0, 0, 0], "rotation": 90, "texture": "#1"},
				"down": {"uv": [1.75, 0, 0, 0], "rotation": 270, "texture": "#1"}
			}
		},
		{
			"from": [3.65485, 5.45, 20.33262],
			"to": [10.95485, 13.45, 27.63262],
			"rotation": {"angle": 0, "axis": "y", "origin": [7.05485, 7.95, 23.23262]},
			"faces": {
				"north": {"uv": [4.25, 3.75, 7, 6.75], "texture": "#1"},
				"east": {"uv": [4.25, 0, 7, 3], "texture": "#1"},
				"south": {"uv": [4.25, 6.75, 7, 9.75], "texture": "#1"},
				"west": {"uv": [0.5, 7.5, 3.25, 10.5], "texture": "#1"},
				"up": {"uv": [3.25, 3.25, 0.5, 0.5], "texture": "#1"},
				"down": {"uv": [3.25, 4.25, 0.5, 7], "texture": "#1"}
			}
		},
		{
			"from": [10.95485, 5.45, 20.33262],
			"to": [3.65485, 13.45, 27.63262],
			"rotation": {"angle": 0, "axis": "y", "origin": [14.35485, 7.95, 23.23262]},
			"faces": {
				"north": {"uv": [4.25, 3.75, 7, 6.75], "texture": "#1"},
				"east": {"uv": [4.25, 0, 7, 3], "texture": "#1"},
				"south": {"uv": [4.25, 6.75, 7, 9.75], "texture": "#1"},
				"west": {"uv": [0.5, 7.5, 3.25, 10.5], "texture": "#1"},
				"up": {"uv": [3.25, 3.25, 0.5, 0.5], "texture": "#1"},
				"down": {"uv": [3.25, 4.25, 0.5, 7], "texture": "#1"}
			}
		},
		{
			"from": [5.00485, 13.45, 21.68262],
			"to": [9.60485, 14.7, 26.28262],
			"rotation": {"angle": 0, "axis": "y", "origin": [11.65485, 20.2, 27.73262]},
			"faces": {
				"north": {"uv": [1.75, 10.75, 3.5, 11.25], "texture": "#1"},
				"east": {"uv": [3.5, 10.75, 5.25, 11.25], "texture": "#1"},
				"south": {"uv": [5.25, 10.75, 7, 11.25], "texture": "#1"},
				"west": {"uv": [0, 10.75, 1.75, 11.25], "texture": "#1"},
				"down": {"uv": [7.5, 0, 9.75, 2.25], "texture": "#1"}
			}
		},
		{
			"from": [9.60485, 13.45, 21.68262],
			"to": [5.00485, 14.7, 26.28262],
			"rotation": {"angle": 0, "axis": "y", "origin": [16.25485, 20.2, 27.73262]},
			"faces": {
				"north": {"uv": [1.75, 10.75, 3.5, 11.25], "texture": "#1"},
				"east": {"uv": [3.5, 10.75, 5.25, 11.25], "texture": "#1"},
				"south": {"uv": [5.25, 10.75, 7, 11.25], "texture": "#1"},
				"west": {"uv": [0, 10.75, 1.75, 11.25], "texture": "#1"},
				"down": {"uv": [7.5, 0, 9.75, 2.25], "texture": "#1"}
			}
		},
		{
			"from": [4.95485, 4.2, 21.63262],
			"to": [9.65485, 5.45, 26.33262],
			"rotation": {"angle": 0, "axis": "y", "origin": [12.15485, -1.3, 28.23262]},
			"faces": {
				"north": {"uv": [3.5, 12, 5.25, 11.5], "rotation": 180, "texture": "#1"},
				"east": {"uv": [5.25, 12, 7, 11.5], "rotation": 180, "texture": "#1"},
				"south": {"uv": [0, 12, 1.75, 11.5], "rotation": 180, "texture": "#1"},
				"west": {"uv": [1.75, 12, 3.5, 11.5], "rotation": 180, "texture": "#1"},
				"down": {"uv": [10, 0.25, 11.75, 2], "texture": "#1"}
			}
		},
		{
			"from": [9.65485, 4.2, 21.63262],
			"to": [4.95485, 5.45, 26.33262],
			"rotation": {"angle": 0, "axis": "y", "origin": [16.85485, -1.3, 28.23262]},
			"faces": {
				"north": {"uv": [3.5, 12, 5.25, 11.5], "rotation": 180, "texture": "#1"},
				"east": {"uv": [5.25, 12, 7, 11.5], "rotation": 180, "texture": "#1"},
				"south": {"uv": [0, 12, 1.75, 11.5], "rotation": 180, "texture": "#1"},
				"west": {"uv": [1.75, 12, 3.5, 11.5], "rotation": 180, "texture": "#1"},
				"down": {"uv": [10, 0.25, 11.75, 2], "texture": "#1"}
			}
		},
		{
			"from": [5.65485, 0.45, 22.28262],
			"to": [9.05485, 4.95, 25.68262],
			"rotation": {"angle": 0, "axis": "y", "origin": [6.05485, 10.45, 23.08262]},
			"faces": {
				"north": {"uv": [1.75, 14, 3, 15.75], "texture": "#1"},
				"east": {"uv": [0, 14, 1.25, 15.75], "texture": "#1"},
				"south": {"uv": [5.25, 14, 6.5, 15.75], "texture": "#1"},
				"west": {"uv": [3.5, 14, 4.75, 15.75], "texture": "#1"},
				"up": {"uv": [8, 0.5, 9.25, 1.75], "texture": "#1"},
				"down": {"uv": [9.25, 3.5, 7.5, 5.25], "texture": "#1"}
			}
		},
		{
			"from": [9.05485, 0.45, 22.28262],
			"to": [5.65485, 4.95, 25.68262],
			"rotation": {"angle": 0, "axis": "y", "origin": [9.45485, 10.45, 23.08262]},
			"faces": {
				"north": {"uv": [1.75, 14, 3, 15.75], "texture": "#1"},
				"east": {"uv": [0, 14, 1.25, 15.75], "texture": "#1"},
				"south": {"uv": [5.25, 14, 6.5, 15.75], "texture": "#1"},
				"west": {"uv": [3.5, 14, 4.75, 15.75], "texture": "#1"},
				"up": {"uv": [8, 0.5, 9.25, 1.75], "texture": "#1"},
				"down": {"uv": [9.25, 3.5, 7.5, 5.25], "texture": "#1"}
			}
		},
		{
			"from": [7.20485, -6.55, 16.43262],
			"to": [13.70485, 20.95, 16.43262],
			"rotation": {"angle": 45, "axis": "y", "origin": [17.95485, 24.95, 23.93262]},
			"faces": {
				"north": {"uv": [13.75, 0, 15.5, 7.5], "texture": "#1"},
				"east": {"uv": [0, 0, 0, 10], "texture": "#1"},
				"south": {"uv": [13.75, 0, 15.5, 7.5], "texture": "#1"},
				"west": {"uv": [0, 0, 0, 10], "texture": "#1"},
				"up": {"uv": [0, 0, 1.75, 0], "texture": "#1"},
				"down": {"uv": [0, 0, 1.75, 0], "texture": "#1"}
			}
		},
		{
			"from": [10.45485, -6.55, 13.18262],
			"to": [10.45485, 20.95, 19.68262],
			"rotation": {"angle": 45, "axis": "y", "origin": [17.95485, 24.95, 23.93262]},
			"faces": {
				"north": {"uv": [13.75, 0, 15.5, 10], "texture": "#1"},
				"east": {"uv": [13.75, 0, 15.5, 7.5], "texture": "#1"},
				"south": {"uv": [0, 0, 0, 10], "texture": "#1"},
				"west": {"uv": [13.75, 0, 15.5, 7.5], "texture": "#1"},
				"up": {"uv": [0, 0, 1.75, 0], "rotation": 90, "texture": "#1"},
				"down": {"uv": [0, 0, 1.75, 0], "rotation": 270, "texture": "#1"}
			}
		},
		{
			"from": [-0.683, 23.667, -16],
			"to": [-0.017, 24.333, 32],
			"rotation": {"angle": 45, "axis": "z", "origin": [7.317, 31.667, 33.667]},
			"faces": {
				"north": {"uv": [13, 0, 13.25, 0.25], "texture": "#1"},
				"east": {"uv": [13, 0, 13.25, 15.75], "rotation": 90, "texture": "#1"},
				"south": {"uv": [13, 0, 13.25, 0.25], "texture": "#1"},
				"west": {"uv": [12.75, 0, 13, 15.75], "rotation": 90, "texture": "#1"},
				"up": {"uv": [12.5, 0, 12.75, 15.75], "texture": "#1"},
				"down": {"uv": [13.25, 0.25, 13.5, 16], "texture": "#1"}
			}
		}
	],
	"display": {
		"thirdperson_righthand": {
			"rotation": [75, 45, 0],
			"translation": [0, 2.5, 0],
			"scale": [0.375, 0.375, 0.375]
		},
		"thirdperson_lefthand": {
			"rotation": [75, 45, 0],
			"translation": [0, 2.5, 0],
			"scale": [0.375, 0.375, 0.375]
		},
		"firstperson_righthand": {
			"rotation": [0, 45, 0],
			"scale": [0.4, 0.4, 0.4]
		},
		"firstperson_lefthand": {
			"rotation": [0, 225, 0],
			"scale": [0.4, 0.4, 0.4]
		},
		"ground": {
			"translation": [0, 3, 0],
			"scale": [0.25, 0.25, 0.25]
		},
		"gui": {
			"rotation": [30, 225, 0],
			"translation": [0, -0.5, 0],
			"scale": [0.4, 0.4, 0.4]
		},
		"fixed": {
			"rotation": [-90, 90, 0],
			"translation": [-8, 10.5, 51.6],
			"scale": [4, 4, 4]
		}
	},
	"groups": [
		{
			"name": "group",
			"origin": [8, 8, 8],
			"children": [0, 1, 2, 3, 4, 5, 6, 7, 8, 9]
		},
		{
			"name": "group",
			"origin": [8, 8, 8],
			"children": [10, 11, 12, 13, 14, 15, 16, 17, 18, 19]
		},
		{
			"name": "group",
			"origin": [8, 8, 8],
			"children": [20, 21, 22, 23, 24, 25, 26, 27, 28, 29]
		},
		{
			"name": "group",
			"origin": [8, 8, 8],
			"children": [30, 31, 32, 33, 34, 35, 36, 37, 38, 39]
		}, 40]
}