{
	"credit": "Made with Blockbench",
	"parent": "minecraft:block/cube_all",
	"texture_size": [64, 64],
	"textures": {
		"0": "item/chxs_jj_denglong4",
		"particle": "item/chxs_jj_denglong4"
	},
	"elements": [
		{
			"from": [2.30556, 5.45, 8.31733],
			"to": [12.30556, 13.45, 18.31733],
			"rotation": {"angle": 0, "axis": "y", "origin": [7.05556, 7.95, 12.56733]},
			"faces": {
				"north": {"uv": [3.75, 3.75, 7.5, 6.75], "texture": "#0"},
				"east": {"uv": [3.75, 0, 7.5, 3], "texture": "#0"},
				"south": {"uv": [3.75, 6.75, 7.5, 9.75], "texture": "#0"},
				"west": {"uv": [0, 7.5, 3.75, 10.5], "texture": "#0"},
				"up": {"uv": [3.75, 3.75, 0, 0], "texture": "#0"},
				"down": {"uv": [3.75, 3.75, 0, 7.5], "texture": "#0"}
			}
		},
		{
			"from": [12.30556, 5.45, 8.31733],
			"to": [2.30556, 13.45, 18.31733],
			"rotation": {"angle": 0, "axis": "y", "origin": [17.05556, 7.95, 12.56733]},
			"faces": {
				"north": {"uv": [3.75, 3.75, 7.5, 6.75], "texture": "#0"},
				"east": {"uv": [3.75, 0, 7.5, 3], "texture": "#0"},
				"south": {"uv": [3.75, 6.75, 7.5, 9.75], "texture": "#0"},
				"west": {"uv": [0, 7.5, 3.75, 10.5], "texture": "#0"},
				"up": {"uv": [3.75, 3.75, 0, 0], "texture": "#0"},
				"down": {"uv": [3.75, 3.75, 0, 7.5], "texture": "#0"}
			}
		},
		{
			"from": [4.30556, 13.45, 10.31733],
			"to": [10.30556, 14.7, 16.31733],
			"rotation": {"angle": 0, "axis": "y", "origin": [12.15556, 20.2, 17.56733]},
			"faces": {
				"north": {"uv": [0, 10.75, 2.25, 11.25], "texture": "#0"},
				"east": {"uv": [6.75, 10.75, 9, 11.25], "texture": "#0"},
				"south": {"uv": [4.5, 10.75, 6.75, 11.25], "texture": "#0"},
				"west": {"uv": [2.25, 10.75, 4.5, 11.25], "texture": "#0"},
				"down": {"uv": [7.5, 0, 9.75, 2.25], "texture": "#0"}
			}
		},
		{
			"from": [10.30556, 13.45, 10.31733],
			"to": [4.30556, 14.7, 16.31733],
			"rotation": {"angle": 0, "axis": "y", "origin": [18.15556, 20.2, 17.56733]},
			"faces": {
				"north": {"uv": [0, 10.75, 2.25, 11.25], "texture": "#0"},
				"east": {"uv": [6.75, 10.75, 9, 11.25], "texture": "#0"},
				"south": {"uv": [4.5, 10.75, 6.75, 11.25], "texture": "#0"},
				"west": {"uv": [2.25, 10.75, 4.5, 11.25], "texture": "#0"},
				"down": {"uv": [7.5, 0, 9.75, 2.25], "texture": "#0"}
			}
		},
		{
			"from": [4.30556, 4.2, 10.31733],
			"to": [10.30556, 5.45, 16.31733],
			"rotation": {"angle": 0, "axis": "y", "origin": [12.15556, -1.3, 17.56733]},
			"faces": {
				"north": {"uv": [0, 11.25, 2.25, 10.75], "texture": "#0"},
				"east": {"uv": [6.75, 11.25, 9, 10.75], "texture": "#0"},
				"south": {"uv": [4.5, 11.25, 6.75, 10.75], "texture": "#0"},
				"west": {"uv": [2.25, 11.25, 4.5, 10.75], "texture": "#0"},
				"down": {"uv": [9.75, 0, 12, 2.25], "texture": "#0"}
			}
		},
		{
			"from": [10.30556, 4.2, 10.31733],
			"to": [4.30556, 5.45, 16.31733],
			"rotation": {"angle": 0, "axis": "y", "origin": [18.15556, -1.3, 17.56733]},
			"faces": {
				"north": {"uv": [0, 11.25, 2.25, 10.75], "texture": "#0"},
				"east": {"uv": [6.75, 11.25, 9, 10.75], "texture": "#0"},
				"south": {"uv": [4.5, 11.25, 6.75, 10.75], "texture": "#0"},
				"west": {"uv": [2.25, 11.25, 4.5, 10.75], "texture": "#0"},
				"down": {"uv": [9.75, 0, 12, 2.25], "texture": "#0"}
			}
		},
		{
			"from": [4.90556, 0.45, 10.91733],
			"to": [9.60556, 4.95, 15.61733],
			"rotation": {"angle": 0, "axis": "y", "origin": [5.50556, 10.45, 12.91733]},
			"faces": {
				"north": {"uv": [1.75, 14, 3.5, 15.75], "texture": "#0"},
				"east": {"uv": [0, 14, 1.75, 15.75], "texture": "#0"},
				"south": {"uv": [5.25, 14, 7, 15.75], "texture": "#0"},
				"west": {"uv": [3.5, 14, 5.25, 15.75], "texture": "#0"},
				"up": {"uv": [7.75, 0.25, 9.5, 2], "texture": "#0"},
				"down": {"uv": [9.25, 3.5, 7.5, 5.25], "texture": "#0"}
			}
		},
		{
			"from": [9.60556, 0.45, 10.91733],
			"to": [4.90556, 4.95, 15.61733],
			"rotation": {"angle": 0, "axis": "y", "origin": [10.20556, 10.45, 12.91733]},
			"faces": {
				"north": {"uv": [1.75, 14, 3.5, 15.75], "texture": "#0"},
				"east": {"uv": [0, 14, 1.75, 15.75], "texture": "#0"},
				"south": {"uv": [5.25, 14, 7, 15.75], "texture": "#0"},
				"west": {"uv": [3.5, 14, 5.25, 15.75], "texture": "#0"},
				"up": {"uv": [7.75, 0.25, 9.5, 2], "texture": "#0"},
				"down": {"uv": [9.25, 3.5, 7.5, 5.25], "texture": "#0"}
			}
		},
		{
			"from": [7.20556, -6.55, 5.76733],
			"to": [13.70556, 20.95, 5.76733],
			"rotation": {"angle": 45, "axis": "y", "origin": [17.95556, 24.95, 13.26733]},
			"faces": {
				"north": {"uv": [13.75, 0, 15.5, 7.5], "texture": "#0"},
				"east": {"uv": [0, 0, 0, 10], "texture": "#0"},
				"south": {"uv": [13.75, 0, 15.5, 7.5], "texture": "#0"},
				"west": {"uv": [0, 0, 0, 10], "texture": "#0"},
				"up": {"uv": [0, 0, 1.75, 0], "texture": "#0"},
				"down": {"uv": [0, 0, 1.75, 0], "texture": "#0"}
			}
		},
		{
			"from": [10.45556, -6.55, 2.51733],
			"to": [10.45556, 20.95, 9.01733],
			"rotation": {"angle": 45, "axis": "y", "origin": [17.95556, 24.95, 13.26733]},
			"faces": {
				"north": {"uv": [13.75, 0, 15.5, 10], "texture": "#0"},
				"east": {"uv": [13.75, 0, 15.5, 7.5], "texture": "#0"},
				"south": {"uv": [0, 0, 0, 10], "texture": "#0"},
				"west": {"uv": [13.75, 0, 15.5, 7.5], "texture": "#0"},
				"up": {"uv": [0, 0, 1.75, 0], "rotation": 90, "texture": "#0"},
				"down": {"uv": [0, 0, 1.75, 0], "rotation": 270, "texture": "#0"}
			}
		},
		{
			"from": [2.30556, 5.45, 18.98333],
			"to": [12.30556, 13.45, 28.98333],
			"rotation": {"angle": 0, "axis": "y", "origin": [7.05556, 7.95, 23.23333]},
			"faces": {
				"north": {"uv": [3.75, 3.75, 7.5, 6.75], "texture": "#0"},
				"east": {"uv": [3.75, 0, 7.5, 3], "texture": "#0"},
				"south": {"uv": [3.75, 6.75, 7.5, 9.75], "texture": "#0"},
				"west": {"uv": [0, 7.5, 3.75, 10.5], "texture": "#0"},
				"up": {"uv": [3.75, 3.75, 0, 0], "texture": "#0"},
				"down": {"uv": [3.75, 3.75, 0, 7.5], "texture": "#0"}
			}
		},
		{
			"from": [12.30556, 5.45, 18.98333],
			"to": [2.30556, 13.45, 28.98333],
			"rotation": {"angle": 0, "axis": "y", "origin": [17.05556, 7.95, 23.23333]},
			"faces": {
				"north": {"uv": [3.75, 3.75, 7.5, 6.75], "texture": "#0"},
				"east": {"uv": [3.75, 0, 7.5, 3], "texture": "#0"},
				"south": {"uv": [3.75, 6.75, 7.5, 9.75], "texture": "#0"},
				"west": {"uv": [0, 7.5, 3.75, 10.5], "texture": "#0"},
				"up": {"uv": [3.75, 3.75, 0, 0], "texture": "#0"},
				"down": {"uv": [3.75, 3.75, 0, 7.5], "texture": "#0"}
			}
		},
		{
			"from": [4.30556, 13.45, 20.98333],
			"to": [10.30556, 14.7, 26.98333],
			"rotation": {"angle": 0, "axis": "y", "origin": [12.15556, 20.2, 28.23333]},
			"faces": {
				"north": {"uv": [0, 10.75, 2.25, 11.25], "texture": "#0"},
				"east": {"uv": [6.75, 10.75, 9, 11.25], "texture": "#0"},
				"south": {"uv": [4.5, 10.75, 6.75, 11.25], "texture": "#0"},
				"west": {"uv": [2.25, 10.75, 4.5, 11.25], "texture": "#0"},
				"down": {"uv": [7.5, 0, 9.75, 2.25], "texture": "#0"}
			}
		},
		{
			"from": [10.30556, 13.45, 20.98333],
			"to": [4.30556, 14.7, 26.98333],
			"rotation": {"angle": 0, "axis": "y", "origin": [18.15556, 20.2, 28.23333]},
			"faces": {
				"north": {"uv": [0, 10.75, 2.25, 11.25], "texture": "#0"},
				"east": {"uv": [6.75, 10.75, 9, 11.25], "texture": "#0"},
				"south": {"uv": [4.5, 10.75, 6.75, 11.25], "texture": "#0"},
				"west": {"uv": [2.25, 10.75, 4.5, 11.25], "texture": "#0"},
				"down": {"uv": [7.5, 0, 9.75, 2.25], "texture": "#0"}
			}
		},
		{
			"from": [4.30556, 4.2, 20.98333],
			"to": [10.30556, 5.45, 26.98333],
			"rotation": {"angle": 0, "axis": "y", "origin": [12.15556, -1.3, 28.23333]},
			"faces": {
				"north": {"uv": [0, 11.25, 2.25, 10.75], "texture": "#0"},
				"east": {"uv": [6.75, 11.25, 9, 10.75], "texture": "#0"},
				"south": {"uv": [4.5, 11.25, 6.75, 10.75], "texture": "#0"},
				"west": {"uv": [2.25, 11.25, 4.5, 10.75], "texture": "#0"},
				"down": {"uv": [9.75, 0, 12, 2.25], "texture": "#0"}
			}
		},
		{
			"from": [10.30556, 4.2, 20.98333],
			"to": [4.30556, 5.45, 26.98333],
			"rotation": {"angle": 0, "axis": "y", "origin": [18.15556, -1.3, 28.23333]},
			"faces": {
				"north": {"uv": [0, 11.25, 2.25, 10.75], "texture": "#0"},
				"east": {"uv": [6.75, 11.25, 9, 10.75], "texture": "#0"},
				"south": {"uv": [4.5, 11.25, 6.75, 10.75], "texture": "#0"},
				"west": {"uv": [2.25, 11.25, 4.5, 10.75], "texture": "#0"},
				"down": {"uv": [9.75, 0, 12, 2.25], "texture": "#0"}
			}
		},
		{
			"from": [4.90556, 0.45, 21.58333],
			"to": [9.60556, 4.95, 26.28333],
			"rotation": {"angle": 0, "axis": "y", "origin": [5.50556, 10.45, 23.58333]},
			"faces": {
				"north": {"uv": [1.75, 14, 3.5, 15.75], "texture": "#0"},
				"east": {"uv": [0, 14, 1.75, 15.75], "texture": "#0"},
				"south": {"uv": [5.25, 14, 7, 15.75], "texture": "#0"},
				"west": {"uv": [3.5, 14, 5.25, 15.75], "texture": "#0"},
				"up": {"uv": [7.75, 0.25, 9.5, 2], "texture": "#0"},
				"down": {"uv": [9.25, 3.5, 7.5, 5.25], "texture": "#0"}
			}
		},
		{
			"from": [9.60556, 0.45, 21.58333],
			"to": [4.90556, 4.95, 26.28333],
			"rotation": {"angle": 0, "axis": "y", "origin": [10.20556, 10.45, 23.58333]},
			"faces": {
				"north": {"uv": [1.75, 14, 3.5, 15.75], "texture": "#0"},
				"east": {"uv": [0, 14, 1.75, 15.75], "texture": "#0"},
				"south": {"uv": [5.25, 14, 7, 15.75], "texture": "#0"},
				"west": {"uv": [3.5, 14, 5.25, 15.75], "texture": "#0"},
				"up": {"uv": [7.75, 0.25, 9.5, 2], "texture": "#0"},
				"down": {"uv": [9.25, 3.5, 7.5, 5.25], "texture": "#0"}
			}
		},
		{
			"from": [7.20556, -6.55, 16.43333],
			"to": [13.70556, 20.95, 16.43333],
			"rotation": {"angle": 45, "axis": "y", "origin": [17.95556, 24.95, 23.93333]},
			"faces": {
				"north": {"uv": [13.75, 0, 15.5, 7.5], "texture": "#0"},
				"east": {"uv": [0, 0, 0, 10], "texture": "#0"},
				"south": {"uv": [13.75, 0, 15.5, 7.5], "texture": "#0"},
				"west": {"uv": [0, 0, 0, 10], "texture": "#0"},
				"up": {"uv": [0, 0, 1.75, 0], "texture": "#0"},
				"down": {"uv": [0, 0, 1.75, 0], "texture": "#0"}
			}
		},
		{
			"from": [10.45556, -6.55, 13.18333],
			"to": [10.45556, 20.95, 19.68333],
			"rotation": {"angle": 45, "axis": "y", "origin": [17.95556, 24.95, 23.93333]},
			"faces": {
				"north": {"uv": [13.75, 0, 15.5, 10], "texture": "#0"},
				"east": {"uv": [13.75, 0, 15.5, 7.5], "texture": "#0"},
				"south": {"uv": [0, 0, 0, 10], "texture": "#0"},
				"west": {"uv": [13.75, 0, 15.5, 7.5], "texture": "#0"},
				"up": {"uv": [0, 0, 1.75, 0], "rotation": 90, "texture": "#0"},
				"down": {"uv": [0, 0, 1.75, 0], "rotation": 270, "texture": "#0"}
			}
		},
		{
			"from": [2.30556, 5.45, -2.34867],
			"to": [12.30556, 13.45, 7.65133],
			"rotation": {"angle": 0, "axis": "y", "origin": [7.05556, 7.95, 1.90133]},
			"faces": {
				"north": {"uv": [3.75, 3.75, 7.5, 6.75], "texture": "#0"},
				"east": {"uv": [3.75, 0, 7.5, 3], "texture": "#0"},
				"south": {"uv": [3.75, 6.75, 7.5, 9.75], "texture": "#0"},
				"west": {"uv": [0, 7.5, 3.75, 10.5], "texture": "#0"},
				"up": {"uv": [3.75, 3.75, 0, 0], "texture": "#0"},
				"down": {"uv": [3.75, 3.75, 0, 7.5], "texture": "#0"}
			}
		},
		{
			"from": [12.30556, 5.45, -2.34867],
			"to": [2.30556, 13.45, 7.65133],
			"rotation": {"angle": 0, "axis": "y", "origin": [17.05556, 7.95, 1.90133]},
			"faces": {
				"north": {"uv": [3.75, 3.75, 7.5, 6.75], "texture": "#0"},
				"east": {"uv": [3.75, 0, 7.5, 3], "texture": "#0"},
				"south": {"uv": [3.75, 6.75, 7.5, 9.75], "texture": "#0"},
				"west": {"uv": [0, 7.5, 3.75, 10.5], "texture": "#0"},
				"up": {"uv": [3.75, 3.75, 0, 0], "texture": "#0"},
				"down": {"uv": [3.75, 3.75, 0, 7.5], "texture": "#0"}
			}
		},
		{
			"from": [4.30556, 13.45, -0.34867],
			"to": [10.30556, 14.7, 5.65133],
			"rotation": {"angle": 0, "axis": "y", "origin": [12.15556, 20.2, 6.90133]},
			"faces": {
				"north": {"uv": [0, 10.75, 2.25, 11.25], "texture": "#0"},
				"east": {"uv": [6.75, 10.75, 9, 11.25], "texture": "#0"},
				"south": {"uv": [4.5, 10.75, 6.75, 11.25], "texture": "#0"},
				"west": {"uv": [2.25, 10.75, 4.5, 11.25], "texture": "#0"},
				"down": {"uv": [7.5, 0, 9.75, 2.25], "texture": "#0"}
			}
		},
		{
			"from": [10.30556, 13.45, -0.34867],
			"to": [4.30556, 14.7, 5.65133],
			"rotation": {"angle": 0, "axis": "y", "origin": [18.15556, 20.2, 6.90133]},
			"faces": {
				"north": {"uv": [0, 10.75, 2.25, 11.25], "texture": "#0"},
				"east": {"uv": [6.75, 10.75, 9, 11.25], "texture": "#0"},
				"south": {"uv": [4.5, 10.75, 6.75, 11.25], "texture": "#0"},
				"west": {"uv": [2.25, 10.75, 4.5, 11.25], "texture": "#0"},
				"down": {"uv": [7.5, 0, 9.75, 2.25], "texture": "#0"}
			}
		},
		{
			"from": [4.30556, 4.2, -0.34867],
			"to": [10.30556, 5.45, 5.65133],
			"rotation": {"angle": 0, "axis": "y", "origin": [12.15556, -1.3, 6.90133]},
			"faces": {
				"north": {"uv": [0, 11.25, 2.25, 10.75], "texture": "#0"},
				"east": {"uv": [6.75, 11.25, 9, 10.75], "texture": "#0"},
				"south": {"uv": [4.5, 11.25, 6.75, 10.75], "texture": "#0"},
				"west": {"uv": [2.25, 11.25, 4.5, 10.75], "texture": "#0"},
				"down": {"uv": [9.75, 0, 12, 2.25], "texture": "#0"}
			}
		},
		{
			"from": [10.30556, 4.2, -0.34867],
			"to": [4.30556, 5.45, 5.65133],
			"rotation": {"angle": 0, "axis": "y", "origin": [18.15556, -1.3, 6.90133]},
			"faces": {
				"north": {"uv": [0, 11.25, 2.25, 10.75], "texture": "#0"},
				"east": {"uv": [6.75, 11.25, 9, 10.75], "texture": "#0"},
				"south": {"uv": [4.5, 11.25, 6.75, 10.75], "texture": "#0"},
				"west": {"uv": [2.25, 11.25, 4.5, 10.75], "texture": "#0"},
				"down": {"uv": [9.75, 0, 12, 2.25], "texture": "#0"}
			}
		},
		{
			"from": [4.90556, 0.45, 0.25133],
			"to": [9.60556, 4.95, 4.95133],
			"rotation": {"angle": 0, "axis": "y", "origin": [5.50556, 10.45, 2.25133]},
			"faces": {
				"north": {"uv": [1.75, 14, 3.5, 15.75], "texture": "#0"},
				"east": {"uv": [0, 14, 1.75, 15.75], "texture": "#0"},
				"south": {"uv": [5.25, 14, 7, 15.75], "texture": "#0"},
				"west": {"uv": [3.5, 14, 5.25, 15.75], "texture": "#0"},
				"up": {"uv": [7.75, 0.25, 9.5, 2], "texture": "#0"},
				"down": {"uv": [9.25, 3.5, 7.5, 5.25], "texture": "#0"}
			}
		},
		{
			"from": [9.60556, 0.45, 0.25133],
			"to": [4.90556, 4.95, 4.95133],
			"rotation": {"angle": 0, "axis": "y", "origin": [10.20556, 10.45, 2.25133]},
			"faces": {
				"north": {"uv": [1.75, 14, 3.5, 15.75], "texture": "#0"},
				"east": {"uv": [0, 14, 1.75, 15.75], "texture": "#0"},
				"south": {"uv": [5.25, 14, 7, 15.75], "texture": "#0"},
				"west": {"uv": [3.5, 14, 5.25, 15.75], "texture": "#0"},
				"up": {"uv": [7.75, 0.25, 9.5, 2], "texture": "#0"},
				"down": {"uv": [9.25, 3.5, 7.5, 5.25], "texture": "#0"}
			}
		},
		{
			"from": [7.20556, -6.55, -4.89867],
			"to": [13.70556, 20.95, -4.89867],
			"rotation": {"angle": 45, "axis": "y", "origin": [17.95556, 24.95, 2.60133]},
			"faces": {
				"north": {"uv": [13.75, 0, 15.5, 7.5], "texture": "#0"},
				"east": {"uv": [0, 0, 0, 10], "texture": "#0"},
				"south": {"uv": [13.75, 0, 15.5, 7.5], "texture": "#0"},
				"west": {"uv": [0, 0, 0, 10], "texture": "#0"},
				"up": {"uv": [0, 0, 1.75, 0], "texture": "#0"},
				"down": {"uv": [0, 0, 1.75, 0], "texture": "#0"}
			}
		},
		{
			"from": [10.45556, -6.55, -8.14867],
			"to": [10.45556, 20.95, -1.64867],
			"rotation": {"angle": 45, "axis": "y", "origin": [17.95556, 24.95, 2.60133]},
			"faces": {
				"north": {"uv": [13.75, 0, 15.5, 10], "texture": "#0"},
				"east": {"uv": [13.75, 0, 15.5, 7.5], "texture": "#0"},
				"south": {"uv": [0, 0, 0, 10], "texture": "#0"},
				"west": {"uv": [13.75, 0, 15.5, 7.5], "texture": "#0"},
				"up": {"uv": [0, 0, 1.75, 0], "rotation": 90, "texture": "#0"},
				"down": {"uv": [0, 0, 1.75, 0], "rotation": 270, "texture": "#0"}
			}
		},
		{
			"from": [2.30556, 5.45, -13.01467],
			"to": [12.30556, 13.45, -3.01467],
			"rotation": {"angle": 0, "axis": "y", "origin": [7.05556, 7.95, -7.26467]},
			"faces": {
				"north": {"uv": [7.5, 6.75, 3.75, 9.75], "texture": "#0"},
				"east": {"uv": [7.5, 0, 3.75, 3], "texture": "#0"},
				"south": {"uv": [7.5, 3.75, 3.75, 6.75], "texture": "#0"},
				"west": {"uv": [3.75, 7.5, 0, 10.5], "texture": "#0"},
				"up": {"uv": [3.75, 0, 0, 3.75], "texture": "#0"},
				"down": {"uv": [3.75, 7.5, 0, 3.75], "texture": "#0"}
			}
		},
		{
			"from": [12.30556, 5.45, -13.01467],
			"to": [2.30556, 13.45, -3.01467],
			"rotation": {"angle": 0, "axis": "y", "origin": [17.05556, 7.95, -7.26467]},
			"faces": {
				"north": {"uv": [7.5, 6.75, 3.75, 9.75], "texture": "#0"},
				"east": {"uv": [7.5, 0, 3.75, 3], "texture": "#0"},
				"south": {"uv": [7.5, 3.75, 3.75, 6.75], "texture": "#0"},
				"west": {"uv": [3.75, 7.5, 0, 10.5], "texture": "#0"},
				"up": {"uv": [3.75, 0, 0, 3.75], "texture": "#0"},
				"down": {"uv": [3.75, 7.5, 0, 3.75], "texture": "#0"}
			}
		},
		{
			"from": [4.30556, 13.45, -11.01467],
			"to": [10.30556, 14.7, -5.01467],
			"rotation": {"angle": 0, "axis": "y", "origin": [12.15556, 20.2, -12.26467]},
			"faces": {
				"north": {"uv": [6.75, 10.75, 4.5, 11.25], "texture": "#0"},
				"east": {"uv": [9, 10.75, 6.75, 11.25], "texture": "#0"},
				"south": {"uv": [2.25, 10.75, 0, 11.25], "texture": "#0"},
				"west": {"uv": [4.5, 10.75, 2.25, 11.25], "texture": "#0"},
				"down": {"uv": [7.5, 2.25, 9.75, 0], "texture": "#0"}
			}
		},
		{
			"from": [10.30556, 13.45, -11.01467],
			"to": [4.30556, 14.7, -5.01467],
			"rotation": {"angle": 0, "axis": "y", "origin": [18.15556, 20.2, -12.26467]},
			"faces": {
				"north": {"uv": [6.75, 10.75, 4.5, 11.25], "texture": "#0"},
				"east": {"uv": [9, 10.75, 6.75, 11.25], "texture": "#0"},
				"south": {"uv": [2.25, 10.75, 0, 11.25], "texture": "#0"},
				"west": {"uv": [4.5, 10.75, 2.25, 11.25], "texture": "#0"},
				"down": {"uv": [7.5, 2.25, 9.75, 0], "texture": "#0"}
			}
		},
		{
			"from": [4.30556, 4.2, -11.01467],
			"to": [10.30556, 5.45, -5.01467],
			"rotation": {"angle": 0, "axis": "y", "origin": [12.15556, -1.3, -12.26467]},
			"faces": {
				"north": {"uv": [6.75, 11.25, 4.5, 10.75], "texture": "#0"},
				"east": {"uv": [9, 11.25, 6.75, 10.75], "texture": "#0"},
				"south": {"uv": [2.25, 11.25, 0, 10.75], "texture": "#0"},
				"west": {"uv": [4.5, 11.25, 2.25, 10.75], "texture": "#0"},
				"down": {"uv": [9.75, 2.25, 12, 0], "texture": "#0"}
			}
		},
		{
			"from": [10.30556, 4.2, -11.01467],
			"to": [4.30556, 5.45, -5.01467],
			"rotation": {"angle": 0, "axis": "y", "origin": [18.15556, -1.3, -12.26467]},
			"faces": {
				"north": {"uv": [6.75, 11.25, 4.5, 10.75], "texture": "#0"},
				"east": {"uv": [9, 11.25, 6.75, 10.75], "texture": "#0"},
				"south": {"uv": [2.25, 11.25, 0, 10.75], "texture": "#0"},
				"west": {"uv": [4.5, 11.25, 2.25, 10.75], "texture": "#0"},
				"down": {"uv": [9.75, 2.25, 12, 0], "texture": "#0"}
			}
		},
		{
			"from": [4.90556, 0.45, -10.31467],
			"to": [9.60556, 4.95, -5.61467],
			"rotation": {"angle": 0, "axis": "y", "origin": [5.50556, 10.45, -7.61467]},
			"faces": {
				"north": {"uv": [7, 14, 5.25, 15.75], "texture": "#0"},
				"east": {"uv": [1.75, 14, 0, 15.75], "texture": "#0"},
				"south": {"uv": [3.5, 14, 1.75, 15.75], "texture": "#0"},
				"west": {"uv": [5.25, 14, 3.5, 15.75], "texture": "#0"},
				"up": {"uv": [7.75, 2, 9.5, 0.25], "texture": "#0"},
				"down": {"uv": [9.25, 5.25, 7.5, 3.5], "texture": "#0"}
			}
		},
		{
			"from": [9.60556, 0.45, -10.31467],
			"to": [4.90556, 4.95, -5.61467],
			"rotation": {"angle": 0, "axis": "y", "origin": [10.20556, 10.45, -7.61467]},
			"faces": {
				"north": {"uv": [7, 14, 5.25, 15.75], "texture": "#0"},
				"east": {"uv": [1.75, 14, 0, 15.75], "texture": "#0"},
				"south": {"uv": [3.5, 14, 1.75, 15.75], "texture": "#0"},
				"west": {"uv": [5.25, 14, 3.5, 15.75], "texture": "#0"},
				"up": {"uv": [7.75, 2, 9.5, 0.25], "texture": "#0"},
				"down": {"uv": [9.25, 5.25, 7.5, 3.5], "texture": "#0"}
			}
		},
		{
			"from": [7.20556, -6.55, -0.46467],
			"to": [13.70556, 20.95, -0.46467],
			"rotation": {"angle": -45, "axis": "y", "origin": [17.95556, 24.95, -7.96467]},
			"faces": {
				"north": {"uv": [15.5, 0, 13.75, 7.5], "texture": "#0"},
				"east": {"uv": [0, 0, 0, 10], "texture": "#0"},
				"south": {"uv": [15.5, 0, 13.75, 7.5], "texture": "#0"},
				"west": {"uv": [0, 0, 0, 10], "texture": "#0"},
				"up": {"uv": [0, 0, 1.75, 0], "texture": "#0"},
				"down": {"uv": [0, 0, 1.75, 0], "texture": "#0"}
			}
		},
		{
			"from": [10.45556, -6.55, -3.71467],
			"to": [10.45556, 20.95, 2.78533],
			"rotation": {"angle": -45, "axis": "y", "origin": [17.95556, 24.95, -7.96467]},
			"faces": {
				"north": {"uv": [0, 0, 0, 10], "texture": "#0"},
				"east": {"uv": [15.5, 0, 13.75, 7.5], "texture": "#0"},
				"south": {"uv": [15.5, 0, 13.75, 10], "texture": "#0"},
				"west": {"uv": [15.5, 0, 13.75, 7.5], "texture": "#0"},
				"up": {"uv": [1.75, 0, 0, 0], "rotation": 90, "texture": "#0"},
				"down": {"uv": [1.75, 0, 0, 0], "rotation": 270, "texture": "#0"}
			}
		},
		{
			"from": [-0.683, 23.667, -16],
			"to": [-0.017, 24.333, 32],
			"rotation": {"angle": 45, "axis": "z", "origin": [7.317, 31.667, 33.667]},
			"faces": {
				"north": {"uv": [13, 0, 13.25, 0.25], "texture": "#0"},
				"east": {"uv": [13, 0, 13.25, 15.75], "rotation": 90, "texture": "#0"},
				"south": {"uv": [13, 0, 13.25, 0.25], "texture": "#0"},
				"west": {"uv": [12.75, 0, 13, 15.75], "rotation": 90, "texture": "#0"},
				"up": {"uv": [12.5, 0, 12.75, 15.75], "texture": "#0"},
				"down": {"uv": [13.25, 0.25, 13.5, 16], "texture": "#0"}
			}
		}
	],
	"display": {
		"thirdperson_righthand": {
			"rotation": [75, 45, 0],
			"translation": [0, 2.5, 0],
			"scale": [0.375, 0.375, 0.375]
		},
		"thirdperson_lefthand": {
			"rotation": [75, 45, 0],
			"translation": [0, 2.5, 0],
			"scale": [0.375, 0.375, 0.375]
		},
		"firstperson_righthand": {
			"rotation": [0, 45, 0],
			"scale": [0.4, 0.4, 0.4]
		},
		"firstperson_lefthand": {
			"rotation": [0, 225, 0],
			"scale": [0.4, 0.4, 0.4]
		},
		"ground": {
			"translation": [0, 3, 0],
			"scale": [0.25, 0.25, 0.25]
		},
		"gui": {
			"rotation": [30, 225, 0],
			"translation": [0, -0.5, 0],
			"scale": [0.4, 0.4, 0.4]
		},
		"fixed": {
			"rotation": [-90, 90, 0],
			"translation": [-8, 10.5, 51.6],
			"scale": [4, 4, 4]
		}
	},
	"groups": [
		{
			"name": "group",
			"origin": [8, 8, 8],
			"children": [0, 1, 2, 3, 4, 5, 6, 7, 8, 9]
		},
		{
			"name": "group",
			"origin": [8, 8, 8],
			"children": [10, 11, 12, 13, 14, 15, 16, 17, 18, 19]
		},
		{
			"name": "group",
			"origin": [8, 8, 8],
			"children": [20, 21, 22, 23, 24, 25, 26, 27, 28, 29]
		},
		{
			"name": "group",
			"origin": [8, 8, 8],
			"children": [30, 31, 32, 33, 34, 35, 36, 37, 38, 39]
		}, 40]
}