{
	"credit": "Made with Blockbench",
	"texture_size": [128, 128],
	"textures": {
		"0": "item/chxs_jj_daxiongwawa",
		"particle": "item/chxs_jj_daxiongwawa"
	},
	"elements": [
		{
			"from": [-6.82267, -14, -16],
			"to": [3.17733, -4, 8.78213],
			"rotation": {"angle": 22.5, "axis": "y", "origin": [2.17733, -6, 0.78213]},
			"faces": {
				"north": {"uv": [12.125, 10.75, 13.375, 12], "texture": "#0"},
				"east": {"uv": [8.5, 2.875, 11.625, 4.125], "texture": "#0"},
				"south": {"uv": [12.625, 8.25, 13.875, 9.5], "texture": "#0"},
				"west": {"uv": [9.5, 7, 12.625, 8.25], "texture": "#0"},
				"up": {"uv": [1.25, 12.875, 0, 9.75], "texture": "#0"},
				"down": {"uv": [2.5, 9.75, 1.25, 12.875], "texture": "#0"}
			}
		},
		{
			"from": [-2, -14, 0],
			"to": [18, 8, 16],
			"rotation": {"angle": 0, "axis": "y", "origin": [8, -6, 8]},
			"faces": {
				"north": {"uv": [0, 5, 2.5, 7.75], "texture": "#0"},
				"east": {"uv": [6.5, 2.25, 8.5, 5], "texture": "#0"},
				"south": {"uv": [2.5, 5.5, 5, 8.25], "texture": "#0"},
				"west": {"uv": [7.5, 7.5, 9.5, 10.25], "texture": "#0"},
				"up": {"uv": [10, 7, 7.5, 5], "texture": "#0"},
				"down": {"uv": [2.5, 7.75, 0, 9.75], "texture": "#0"}
			}
		},
		{
			"from": [-5, 8, -1],
			"to": [20, 26, 19],
			"rotation": {"angle": -22.5, "axis": "x", "origin": [8, 4, 8]},
			"faces": {
				"north": {"uv": [3.375, 3.25, 6.5, 5.5], "texture": "#0"},
				"east": {"uv": [5, 5.5, 7.5, 7.75], "texture": "#0"},
				"south": {"uv": [3.375, 0, 6.5, 2.25], "texture": "#0"},
				"west": {"uv": [6.5, 0, 9, 2.25], "texture": "#0"},
				"up": {"uv": [3.25, 2.5, 0, 0], "texture": "#0"},
				"down": {"uv": [3.25, 2.5, 0, 5], "texture": "#0"}
			}
		},
		{
			"from": [0, 1, -6],
			"to": [15, 11, 4],
			"rotation": {"angle": -22.5, "axis": "x", "origin": [8, 3, -7]},
			"faces": {
				"north": {"uv": [10, 5.375, 11.875, 6.625], "texture": "#0"},
				"east": {"uv": [1.125, 12.875, 2.375, 14.125], "texture": "#0"},
				"south": {"uv": [11, 9.5, 12.875, 10.75], "texture": "#0"},
				"west": {"uv": [12.875, 9.5, 14.125, 10.75], "texture": "#0"},
				"up": {"uv": [13.5, 1.25, 11.625, 0], "texture": "#0"},
				"down": {"uv": [13.5, 1.25, 11.625, 2.5], "texture": "#0"}
			}
		},
		{
			"from": [-11, 21, 5],
			"to": [0, 32, 12],
			"rotation": {"angle": -22.5, "axis": "x", "origin": [9, 9, 9]},
			"faces": {
				"north": {"uv": [2.5, 11.125, 3.875, 12.5], "texture": "#0"},
				"east": {"uv": [6.5, 7.75, 7.375, 9.125], "texture": "#0"},
				"south": {"uv": [11.625, 2.5, 13, 3.875], "texture": "#0"},
				"west": {"uv": [4, 8.25, 4.875, 9.625], "texture": "#0"},
				"up": {"uv": [4.625, 3.125, 3.25, 2.25], "texture": "#0"},
				"down": {"uv": [6, 2.25, 4.625, 3.125], "texture": "#0"}
			}
		},
		{
			"from": [15, 21, 5],
			"to": [26, 32, 12],
			"rotation": {"angle": -22.5, "axis": "x", "origin": [6, 9, 9]},
			"faces": {
				"north": {"uv": [11.875, 5.375, 13.25, 6.75], "texture": "#0"},
				"east": {"uv": [10.125, 12.375, 11, 13.75], "texture": "#0"},
				"south": {"uv": [12.125, 12.125, 13.5, 13.5], "texture": "#0"},
				"west": {"uv": [13.25, 5, 14.125, 6.375], "texture": "#0"},
				"up": {"uv": [9.875, 5, 8.5, 4.125], "texture": "#0"},
				"down": {"uv": [7.625, 13.375, 6.25, 14.25], "texture": "#0"}
			}
		},
		{
			"from": [12.82267, -14, -16],
			"to": [22.82267, -4, 8.78213],
			"rotation": {"angle": -22.5, "axis": "y", "origin": [13.82267, -6, 0.78213]},
			"faces": {
				"north": {"uv": [13, 2.5, 14.25, 3.75], "texture": "#0"},
				"east": {"uv": [9.5, 8.25, 12.625, 9.5], "texture": "#0"},
				"south": {"uv": [13.125, 3.75, 14.375, 5], "texture": "#0"},
				"west": {"uv": [10, 4.125, 13.125, 5.375], "texture": "#0"},
				"up": {"uv": [7.75, 13.375, 6.5, 10.25], "texture": "#0"},
				"down": {"uv": [9, 10.25, 7.75, 13.375], "texture": "#0"}
			}
		},
		{
			"from": [15.82267, -15.21787, 2],
			"to": [24.82267, 7.78213, 14],
			"rotation": {"angle": 22.5, "axis": "z", "origin": [14.82267, 5.78213, 5]},
			"faces": {
				"north": {"uv": [5.125, 10.625, 6.25, 13.5], "texture": "#0"},
				"east": {"uv": [9, 0, 10.5, 2.875], "texture": "#0"},
				"south": {"uv": [11, 11, 12.125, 13.875], "texture": "#0"},
				"west": {"uv": [9.5, 9.5, 11, 12.375], "texture": "#0"},
				"up": {"uv": [13.75, 8.25, 12.625, 6.75], "texture": "#0"},
				"down": {"uv": [1.125, 12.875, 0, 14.375], "texture": "#0"}
			}
		},
		{
			"from": [-8.82267, -15.21787, 2],
			"to": [0.17733, 7.78213, 14],
			"rotation": {"angle": -22.5, "axis": "z", "origin": [1.17733, 5.78213, 5]},
			"faces": {
				"north": {"uv": [10.5, 0, 11.625, 2.875], "texture": "#0"},
				"east": {"uv": [5, 7.75, 6.5, 10.625], "texture": "#0"},
				"south": {"uv": [4, 10.625, 5.125, 13.5], "texture": "#0"},
				"west": {"uv": [2.5, 8.25, 4, 11.125], "texture": "#0"},
				"up": {"uv": [10.125, 13.875, 9, 12.375], "texture": "#0"},
				"down": {"uv": [3.625, 12.5, 2.5, 14], "texture": "#0"}
			}
		}
	],
	"display": {
		"thirdperson_righthand": {
			"rotation": [75, 45, 0],
			"translation": [0, 2.5, 0],
			"scale": [0.375, 0.375, 0.375]
		},
		"thirdperson_lefthand": {
			"rotation": [75, 45, 0],
			"translation": [0, 2.5, 0],
			"scale": [0.375, 0.375, 0.375]
		},
		"firstperson_righthand": {
			"rotation": [0, 45, 0],
			"scale": [0.4, 0.4, 0.4]
		},
		"firstperson_lefthand": {
			"rotation": [0, 225, 0],
			"scale": [0.4, 0.4, 0.4]
		},
		"ground": {
			"translation": [0, 4, 0],
			"scale": [0.5, 0.5, 0.5]
		},
		"gui": {
			"rotation": [30, 135, 0],
			"translation": [0, -0.75, 0],
			"scale": [0.5, 0.5, 0.5]
		},
		"head": {
			"translation": [0, 13, 0]
		},
		"fixed": {
			"rotation": [-90, 0, 0],
			"translation": [0, 0, -45],
			"scale": [2, 2, 2]
		}
	},
	"groups": [
		{
			"name": "group",
			"origin": [8, 8, 8],
			"children": [0, 1, 2, 3, 4, 5, 6, 7, 8]
		}
	]
}