{
	"credit": "Made with Blockbench",
	"parent": "minecraft:block/cube_all",
	"texture_size": [64, 64],
	"textures": {
		"1": "item/chxs_jj_denglong7"
	},
	"elements": [
		{
			"from": [3.75627, 5.55, -6.24938],
			"to": [10.85627, 13.35, 0.85062],
			"rotation": {"angle": 0, "axis": "y", "origin": [7.05627, 7.95, -1.94938]},
			"faces": {
				"north": {"uv": [7, 6.75, 4.25, 9.75], "texture": "#1"},
				"east": {"uv": [7, 0, 4.25, 3], "texture": "#1"},
				"south": {"uv": [7, 3.75, 4.25, 6.75], "texture": "#1"},
				"west": {"uv": [3.25, 7.5, 0.5, 10.5], "texture": "#1"},
				"up": {"uv": [3.25, 0.5, 0.5, 3.25], "texture": "#1"},
				"down": {"uv": [3.25, 7, 0.5, 4.25], "texture": "#1"}
			}
		},
		{
			"from": [10.85627, 5.55, -6.24938],
			"to": [3.75627, 13.35, 0.85062],
			"rotation": {"angle": 0, "axis": "y", "origin": [14.15627, 7.95, -1.94938]},
			"faces": {
				"north": {"uv": [7, 6.75, 4.25, 9.75], "texture": "#1"},
				"east": {"uv": [7, 0, 4.25, 3], "texture": "#1"},
				"south": {"uv": [7, 3.75, 4.25, 6.75], "texture": "#1"},
				"west": {"uv": [3.25, 7.5, 0.5, 10.5], "texture": "#1"},
				"up": {"uv": [3.25, 0.5, 0.5, 3.25], "texture": "#1"},
				"down": {"uv": [3.25, 7, 0.5, 4.25], "texture": "#1"}
			}
		},
		{
			"from": [5.04627, 13.35, -4.95938],
			"to": [9.56627, 14.6, -0.43971],
			"rotation": {"angle": 0, "axis": "y", "origin": [11.65627, 20.1, -6.44938]},
			"faces": {
				"north": {"uv": [7, 10.75, 5.25, 11.25], "texture": "#1"},
				"east": {"uv": [5.25, 10.75, 3.5, 11.25], "texture": "#1"},
				"south": {"uv": [3.5, 10.75, 1.75, 11.25], "texture": "#1"},
				"west": {"uv": [1.75, 10.75, 0, 11.25], "texture": "#1"},
				"down": {"uv": [7.5, 2.25, 9.75, 0], "texture": "#1"}
			}
		},
		{
			"from": [9.56627, 13.35, -4.95938],
			"to": [5.04627, 14.6, -0.43971],
			"rotation": {"angle": 0, "axis": "y", "origin": [16.17627, 20.1, -6.44938]},
			"faces": {
				"north": {"uv": [7, 10.75, 5.25, 11.25], "texture": "#1"},
				"east": {"uv": [5.25, 10.75, 3.5, 11.25], "texture": "#1"},
				"south": {"uv": [3.5, 10.75, 1.75, 11.25], "texture": "#1"},
				"west": {"uv": [1.75, 10.75, 0, 11.25], "texture": "#1"},
				"down": {"uv": [7.5, 2.25, 9.75, 0], "texture": "#1"}
			}
		},
		{
			"from": [5.04627, 4.3, -4.95938],
			"to": [9.56627, 5.55, -0.43971],
			"rotation": {"angle": 0, "axis": "y", "origin": [12.15627, -1.2, -6.94938]},
			"faces": {
				"north": {"uv": [1.75, 12, 0, 11.5], "rotation": 180, "texture": "#1"},
				"east": {"uv": [7, 12, 5.25, 11.5], "rotation": 180, "texture": "#1"},
				"south": {"uv": [5.25, 12, 3.5, 11.5], "rotation": 180, "texture": "#1"},
				"west": {"uv": [3.5, 12, 1.75, 11.5], "rotation": 180, "texture": "#1"},
				"down": {"uv": [10, 2, 11.75, 0.25], "texture": "#1"}
			}
		},
		{
			"from": [9.56627, 4.3, -4.95938],
			"to": [5.04627, 5.55, -0.43971],
			"rotation": {"angle": 0, "axis": "y", "origin": [16.67627, -1.2, -6.94938]},
			"faces": {
				"north": {"uv": [1.75, 12, 0, 11.5], "rotation": 180, "texture": "#1"},
				"east": {"uv": [7, 12, 5.25, 11.5], "rotation": 180, "texture": "#1"},
				"south": {"uv": [5.25, 12, 3.5, 11.5], "rotation": 180, "texture": "#1"},
				"west": {"uv": [3.5, 12, 1.75, 11.5], "rotation": 180, "texture": "#1"},
				"down": {"uv": [10, 2, 11.75, 0.25], "texture": "#1"}
			}
		},
		{
			"from": [5.69627, 0.55, -4.30938],
			"to": [8.91627, 5.05, -1.08971],
			"rotation": {"angle": 0, "axis": "y", "origin": [6.05627, 10.55, -1.79938]},
			"faces": {
				"north": {"uv": [6.5, 14, 5.25, 15.75], "texture": "#1"},
				"east": {"uv": [1.25, 14, 0, 15.75], "texture": "#1"},
				"south": {"uv": [3, 14, 1.75, 15.75], "texture": "#1"},
				"west": {"uv": [4.75, 14, 3.5, 15.75], "texture": "#1"},
				"up": {"uv": [8, 1.75, 9.25, 0.5], "texture": "#1"},
				"down": {"uv": [9.25, 5.25, 7.5, 3.5], "texture": "#1"}
			}
		},
		{
			"from": [8.91627, 0.55, -4.30938],
			"to": [5.69627, 5.05, -1.08971],
			"rotation": {"angle": 0, "axis": "y", "origin": [9.27627, 10.55, -1.79938]},
			"faces": {
				"north": {"uv": [6.5, 14, 5.25, 15.75], "texture": "#1"},
				"east": {"uv": [1.25, 14, 0, 15.75], "texture": "#1"},
				"south": {"uv": [3, 14, 1.75, 15.75], "texture": "#1"},
				"west": {"uv": [4.75, 14, 3.5, 15.75], "texture": "#1"},
				"up": {"uv": [8, 1.75, 9.25, 0.5], "texture": "#1"},
				"down": {"uv": [9.25, 5.25, 7.5, 3.5], "texture": "#1"}
			}
		},
		{
			"from": [7.20627, -6.55, 4.85062],
			"to": [13.70627, 20.95, 4.85062],
			"rotation": {"angle": -45, "axis": "y", "origin": [17.95627, 24.95, -2.64938]},
			"faces": {
				"north": {"uv": [15.5, 0, 13.75, 7.5], "texture": "#1"},
				"east": {"uv": [0, 0, 0, 10], "texture": "#1"},
				"south": {"uv": [15.5, 0, 13.75, 7.5], "texture": "#1"},
				"west": {"uv": [0, 0, 0, 10], "texture": "#1"},
				"up": {"uv": [0, 0, 1.75, 0], "texture": "#1"},
				"down": {"uv": [0, 0, 1.75, 0], "texture": "#1"}
			}
		},
		{
			"from": [10.45627, -6.55, 1.60062],
			"to": [10.45627, 20.95, 8.10062],
			"rotation": {"angle": -45, "axis": "y", "origin": [17.95627, 24.95, -2.64938]},
			"faces": {
				"north": {"uv": [0, 0, 0, 10], "texture": "#1"},
				"east": {"uv": [15.5, 0, 13.75, 7.5], "texture": "#1"},
				"south": {"uv": [15.5, 0, 13.75, 10], "texture": "#1"},
				"west": {"uv": [15.5, 0, 13.75, 7.5], "texture": "#1"},
				"up": {"uv": [1.75, 0, 0, 0], "rotation": 90, "texture": "#1"},
				"down": {"uv": [1.75, 0, 0, 0], "rotation": 270, "texture": "#1"}
			}
		},
		{
			"from": [3.75626, 5.55, 4.41521],
			"to": [10.85626, 13.35, 11.51521],
			"rotation": {"angle": 0, "axis": "y", "origin": [7.05626, 7.95, 8.71521]},
			"faces": {
				"north": {"uv": [7, 6.75, 4.25, 9.75], "texture": "#1"},
				"east": {"uv": [7, 0, 4.25, 3], "texture": "#1"},
				"south": {"uv": [7, 3.75, 4.25, 6.75], "texture": "#1"},
				"west": {"uv": [3.25, 7.5, 0.5, 10.5], "texture": "#1"},
				"up": {"uv": [3.25, 0.5, 0.5, 3.25], "texture": "#1"},
				"down": {"uv": [3.25, 7, 0.5, 4.25], "texture": "#1"}
			}
		},
		{
			"from": [10.85626, 5.55, 4.41521],
			"to": [3.75626, 13.35, 11.51521],
			"rotation": {"angle": 0, "axis": "y", "origin": [14.15626, 7.95, 8.71521]},
			"faces": {
				"north": {"uv": [7, 6.75, 4.25, 9.75], "texture": "#1"},
				"east": {"uv": [7, 0, 4.25, 3], "texture": "#1"},
				"south": {"uv": [7, 3.75, 4.25, 6.75], "texture": "#1"},
				"west": {"uv": [3.25, 7.5, 0.5, 10.5], "texture": "#1"},
				"up": {"uv": [3.25, 0.5, 0.5, 3.25], "texture": "#1"},
				"down": {"uv": [3.25, 7, 0.5, 4.25], "texture": "#1"}
			}
		},
		{
			"from": [5.04626, 13.35, 5.70521],
			"to": [9.56626, 14.6, 10.22488],
			"rotation": {"angle": 0, "axis": "y", "origin": [11.65626, 20.1, 4.21521]},
			"faces": {
				"north": {"uv": [7, 10.75, 5.25, 11.25], "texture": "#1"},
				"east": {"uv": [5.25, 10.75, 3.5, 11.25], "texture": "#1"},
				"south": {"uv": [3.5, 10.75, 1.75, 11.25], "texture": "#1"},
				"west": {"uv": [1.75, 10.75, 0, 11.25], "texture": "#1"},
				"down": {"uv": [7.5, 2.25, 9.75, 0], "texture": "#1"}
			}
		},
		{
			"from": [9.56626, 13.35, 5.70521],
			"to": [5.04626, 14.6, 10.22488],
			"rotation": {"angle": 0, "axis": "y", "origin": [16.17626, 20.1, 4.21521]},
			"faces": {
				"north": {"uv": [7, 10.75, 5.25, 11.25], "texture": "#1"},
				"east": {"uv": [5.25, 10.75, 3.5, 11.25], "texture": "#1"},
				"south": {"uv": [3.5, 10.75, 1.75, 11.25], "texture": "#1"},
				"west": {"uv": [1.75, 10.75, 0, 11.25], "texture": "#1"},
				"down": {"uv": [7.5, 2.25, 9.75, 0], "texture": "#1"}
			}
		},
		{
			"from": [5.04626, 4.3, 5.70521],
			"to": [9.56626, 5.55, 10.22488],
			"rotation": {"angle": 0, "axis": "y", "origin": [12.15626, -1.2, 3.71521]},
			"faces": {
				"north": {"uv": [1.75, 12, 0, 11.5], "rotation": 180, "texture": "#1"},
				"east": {"uv": [7, 12, 5.25, 11.5], "rotation": 180, "texture": "#1"},
				"south": {"uv": [5.25, 12, 3.5, 11.5], "rotation": 180, "texture": "#1"},
				"west": {"uv": [3.5, 12, 1.75, 11.5], "rotation": 180, "texture": "#1"},
				"down": {"uv": [10, 2, 11.75, 0.25], "texture": "#1"}
			}
		},
		{
			"from": [9.56626, 4.3, 5.70521],
			"to": [5.04626, 5.55, 10.22488],
			"rotation": {"angle": 0, "axis": "y", "origin": [16.67626, -1.2, 3.71521]},
			"faces": {
				"north": {"uv": [1.75, 12, 0, 11.5], "rotation": 180, "texture": "#1"},
				"east": {"uv": [7, 12, 5.25, 11.5], "rotation": 180, "texture": "#1"},
				"south": {"uv": [5.25, 12, 3.5, 11.5], "rotation": 180, "texture": "#1"},
				"west": {"uv": [3.5, 12, 1.75, 11.5], "rotation": 180, "texture": "#1"},
				"down": {"uv": [10, 2, 11.75, 0.25], "texture": "#1"}
			}
		},
		{
			"from": [5.69626, 0.55, 6.35521],
			"to": [8.91626, 5.05, 9.57488],
			"rotation": {"angle": 0, "axis": "y", "origin": [6.05626, 10.55, 8.86521]},
			"faces": {
				"north": {"uv": [6.5, 14, 5.25, 15.75], "texture": "#1"},
				"east": {"uv": [1.25, 14, 0, 15.75], "texture": "#1"},
				"south": {"uv": [3, 14, 1.75, 15.75], "texture": "#1"},
				"west": {"uv": [4.75, 14, 3.5, 15.75], "texture": "#1"},
				"up": {"uv": [8, 1.75, 9.25, 0.5], "texture": "#1"},
				"down": {"uv": [9.25, 5.25, 7.5, 3.5], "texture": "#1"}
			}
		},
		{
			"from": [8.91626, 0.55, 6.35521],
			"to": [5.69626, 5.05, 9.57488],
			"rotation": {"angle": 0, "axis": "y", "origin": [9.27626, 10.55, 8.86521]},
			"faces": {
				"north": {"uv": [6.5, 14, 5.25, 15.75], "texture": "#1"},
				"east": {"uv": [1.25, 14, 0, 15.75], "texture": "#1"},
				"south": {"uv": [3, 14, 1.75, 15.75], "texture": "#1"},
				"west": {"uv": [4.75, 14, 3.5, 15.75], "texture": "#1"},
				"up": {"uv": [8, 1.75, 9.25, 0.5], "texture": "#1"},
				"down": {"uv": [9.25, 5.25, 7.5, 3.5], "texture": "#1"}
			}
		},
		{
			"from": [7.20626, -6.55, 15.51521],
			"to": [13.70626, 20.95, 15.51521],
			"rotation": {"angle": -45, "axis": "y", "origin": [17.95626, 24.95, 8.01521]},
			"faces": {
				"north": {"uv": [15.5, 0, 13.75, 7.5], "texture": "#1"},
				"east": {"uv": [0, 0, 0, 10], "texture": "#1"},
				"south": {"uv": [15.5, 0, 13.75, 7.5], "texture": "#1"},
				"west": {"uv": [0, 0, 0, 10], "texture": "#1"},
				"up": {"uv": [0, 0, 1.75, 0], "texture": "#1"},
				"down": {"uv": [0, 0, 1.75, 0], "texture": "#1"}
			}
		},
		{
			"from": [10.45626, -6.55, 12.26521],
			"to": [10.45626, 20.95, 18.76521],
			"rotation": {"angle": -45, "axis": "y", "origin": [17.95626, 24.95, 8.01521]},
			"faces": {
				"north": {"uv": [0, 0, 0, 10], "texture": "#1"},
				"east": {"uv": [15.5, 0, 13.75, 7.5], "texture": "#1"},
				"south": {"uv": [15.5, 0, 13.75, 10], "texture": "#1"},
				"west": {"uv": [15.5, 0, 13.75, 7.5], "texture": "#1"},
				"up": {"uv": [1.75, 0, 0, 0], "rotation": 90, "texture": "#1"},
				"down": {"uv": [1.75, 0, 0, 0], "rotation": 270, "texture": "#1"}
			}
		},
		{
			"from": [-0.583, 23.733, -12.9],
			"to": [-0.117, 24.199, 18.25],
			"rotation": {"angle": 45, "axis": "z", "origin": [7.317, 31.633, 33.667]},
			"faces": {
				"north": {"uv": [13, 0, 13.25, 0.25], "texture": "#1"},
				"east": {"uv": [13, 0.25, 13.25, 10.5], "rotation": 90, "texture": "#1"},
				"south": {"uv": [13, 0, 13.25, 0.25], "texture": "#1"},
				"west": {"uv": [12.5, 1, 12.75, 11.25], "rotation": 90, "texture": "#1"},
				"up": {"uv": [12.5, 1, 12.75, 11.25], "texture": "#1"},
				"down": {"uv": [12.75, 0.75, 13, 11], "texture": "#1"}
			}
		}
	],
	"display": {
		"thirdperson_righthand": {
			"rotation": [75, 45, 0],
			"translation": [0, 2.5, 0],
			"scale": [0.375, 0.375, 0.375]
		},
		"thirdperson_lefthand": {
			"rotation": [75, 45, 0],
			"translation": [0, 2.5, 0],
			"scale": [0.375, 0.375, 0.375]
		},
		"firstperson_righthand": {
			"rotation": [0, 45, 0],
			"scale": [0.4, 0.4, 0.4]
		},
		"firstperson_lefthand": {
			"rotation": [0, 225, 0],
			"scale": [0.4, 0.4, 0.4]
		},
		"ground": {
			"translation": [0, 3, 0],
			"scale": [0.25, 0.25, 0.25]
		},
		"gui": {
			"rotation": [30, 135, 0],
			"translation": [1.75, 0, 0],
			"scale": [0.5, 0.5, 0.5]
		},
		"fixed": {
			"rotation": [90, 90, 0],
			"translation": [0, 2.1, -24.3],
			"scale": [3, 3, 3]
		}
	},
	"groups": [
		{
			"name": "group",
			"origin": [8, 8, 8],
			"children": [0, 1, 2, 3, 4, 5, 6, 7, 8, 9]
		},
		{
			"name": "group",
			"origin": [8, 8, 8],
			"children": [10, 11, 12, 13, 14, 15, 16, 17, 18, 19]
		}, 20]
}