{
	"credit": "Made with Blockbench",
	"texture_size": [32, 32],
	"textures": {
		"0": "item/chxs_jj_chuanglian",
		"particle": "item/chxs_jj_chuanglian"
	},
	"elements": [
		{
			"from": [0, 22, 14],
			"to": [16, 24, 16],
			"rotation": {"angle": 0, "axis": "y", "origin": [7, 30, 23]},
			"faces": {
				"north": {"uv": [8, 8, 16, 9], "texture": "#0"},
				"east": {"uv": [8, 3, 9, 4], "texture": "#0"},
				"south": {"uv": [8, 0, 16, 1], "texture": "#0"},
				"west": {"uv": [8, 4, 9, 5], "texture": "#0"},
				"up": {"uv": [16, 2, 8, 1], "texture": "#0"},
				"down": {"uv": [16, 2, 8, 3], "texture": "#0"}
			}
		},
		{
			"from": [0, 8, 15],
			"to": [16, 22, 15],
			"rotation": {"angle": 0, "axis": "y", "origin": [7, 28, 23]},
			"faces": {
				"north": {"uv": [0, 0, 8, 7], "texture": "#0"},
				"east": {"uv": [0, 0, 0, 7], "texture": "#0"},
				"south": {"uv": [0, 7, 8, 14], "texture": "#0"},
				"west": {"uv": [0, 0, 0, 7], "texture": "#0"},
				"up": {"uv": [8, 0, 0, 0], "texture": "#0"},
				"down": {"uv": [8, 0, 0, 0], "texture": "#0"}
			}
		}
	],
	"display": {
		"thirdperson_righthand": {
			"rotation": [75, 45, 0],
			"translation": [0, 2.5, 0],
			"scale": [0.375, 0.375, 0.375]
		},
		"thirdperson_lefthand": {
			"rotation": [75, 45, 0],
			"translation": [0, 2.5, 0],
			"scale": [0.375, 0.375, 0.375]
		},
		"firstperson_righthand": {
			"rotation": [0, 45, 0],
			"scale": [0.4, 0.4, 0.4]
		},
		"firstperson_lefthand": {
			"rotation": [0, 225, 0],
			"scale": [0.4, 0.4, 0.4]
		},
		"ground": {
			"translation": [0, 3, 0],
			"scale": [0.25, 0.25, 0.25]
		},
		"gui": {
			"rotation": [30, 225, 0],
			"scale": [0.625, 0.625, 0.625]
		},
		"fixed": {
			"translation": [0, -16, -15.25],
			"scale": [2, 2, 2]
		}
	}
}