{
	"credit": "Made with Blockbench",
	"parent": "minecraft:block/cube_all",
	"texture_size": [64, 64],
	"textures": {
		"0": "item/chxs_jj_denglong4",
		"particle": "item/chxs_jj_denglong4"
	},
	"elements": [
		{
			"from": [2.40556, 5.55, -12.91467],
			"to": [12.20556, 13.35, -3.11467],
			"rotation": {"angle": 0, "axis": "y", "origin": [7.05556, 7.95, -7.26467]},
			"faces": {
				"north": {"uv": [7.5, 6.75, 3.75, 9.75], "texture": "#0"},
				"east": {"uv": [7.5, 0, 3.75, 3], "texture": "#0"},
				"south": {"uv": [7.5, 3.75, 3.75, 6.75], "texture": "#0"},
				"west": {"uv": [3.75, 7.5, 0, 10.5], "texture": "#0"},
				"up": {"uv": [3.75, 0, 0, 3.75], "texture": "#0"},
				"down": {"uv": [3.75, 7.5, 0, 3.75], "texture": "#0"}
			}
		},
		{
			"from": [12.20556, 5.55, -12.91467],
			"to": [2.40556, 13.35, -3.11467],
			"rotation": {"angle": 0, "axis": "y", "origin": [16.85556, 7.95, -7.26467]},
			"faces": {
				"north": {"uv": [7.5, 6.75, 3.75, 9.75], "texture": "#0"},
				"east": {"uv": [7.5, 0, 3.75, 3], "texture": "#0"},
				"south": {"uv": [7.5, 3.75, 3.75, 6.75], "texture": "#0"},
				"west": {"uv": [3.75, 7.5, 0, 10.5], "texture": "#0"},
				"up": {"uv": [3.75, 0, 0, 3.75], "texture": "#0"},
				"down": {"uv": [3.75, 7.5, 0, 3.75], "texture": "#0"}
			}
		},
		{
			"from": [4.40556, 13.35, -10.91467],
			"to": [10.20556, 14.6, -5.11467],
			"rotation": {"angle": 0, "axis": "y", "origin": [12.15556, 20.1, -12.26467]},
			"faces": {
				"north": {"uv": [6.75, 10.75, 4.5, 11.25], "texture": "#0"},
				"east": {"uv": [9, 10.75, 6.75, 11.25], "texture": "#0"},
				"south": {"uv": [2.25, 10.75, 0, 11.25], "texture": "#0"},
				"west": {"uv": [4.5, 10.75, 2.25, 11.25], "texture": "#0"},
				"down": {"uv": [7.5, 2.25, 9.75, 0], "texture": "#0"}
			}
		},
		{
			"from": [10.20556, 13.35, -10.91467],
			"to": [4.40556, 14.6, -5.11467],
			"rotation": {"angle": 0, "axis": "y", "origin": [17.95556, 20.1, -12.26467]},
			"faces": {
				"north": {"uv": [6.75, 10.75, 4.5, 11.25], "texture": "#0"},
				"east": {"uv": [9, 10.75, 6.75, 11.25], "texture": "#0"},
				"south": {"uv": [2.25, 10.75, 0, 11.25], "texture": "#0"},
				"west": {"uv": [4.5, 10.75, 2.25, 11.25], "texture": "#0"},
				"down": {"uv": [7.5, 2.25, 9.75, 0], "texture": "#0"}
			}
		},
		{
			"from": [4.40556, 4.3, -10.91467],
			"to": [10.20556, 5.55, -5.11467],
			"rotation": {"angle": 0, "axis": "y", "origin": [12.15556, -1.2, -12.26467]},
			"faces": {
				"north": {"uv": [6.75, 11.25, 4.5, 10.75], "texture": "#0"},
				"east": {"uv": [9, 11.25, 6.75, 10.75], "texture": "#0"},
				"south": {"uv": [2.25, 11.25, 0, 10.75], "texture": "#0"},
				"west": {"uv": [4.5, 11.25, 2.25, 10.75], "texture": "#0"},
				"down": {"uv": [9.75, 2.25, 12, 0], "texture": "#0"}
			}
		},
		{
			"from": [10.20556, 4.3, -10.91467],
			"to": [4.40556, 5.55, -5.11467],
			"rotation": {"angle": 0, "axis": "y", "origin": [17.95556, -1.2, -12.26467]},
			"faces": {
				"north": {"uv": [6.75, 11.25, 4.5, 10.75], "texture": "#0"},
				"east": {"uv": [9, 11.25, 6.75, 10.75], "texture": "#0"},
				"south": {"uv": [2.25, 11.25, 0, 10.75], "texture": "#0"},
				"west": {"uv": [4.5, 11.25, 2.25, 10.75], "texture": "#0"},
				"down": {"uv": [9.75, 2.25, 12, 0], "texture": "#0"}
			}
		},
		{
			"from": [5.00556, 0.45, -10.21467],
			"to": [9.50556, 4.95, -5.71467],
			"rotation": {"angle": 0, "axis": "y", "origin": [5.50556, 10.45, -7.61467]},
			"faces": {
				"north": {"uv": [7, 14, 5.25, 15.75], "texture": "#0"},
				"east": {"uv": [1.75, 14, 0, 15.75], "texture": "#0"},
				"south": {"uv": [3.5, 14, 1.75, 15.75], "texture": "#0"},
				"west": {"uv": [5.25, 14, 3.5, 15.75], "texture": "#0"},
				"up": {"uv": [7.75, 2, 9.5, 0.25], "texture": "#0"},
				"down": {"uv": [9.25, 5.25, 7.5, 3.5], "texture": "#0"}
			}
		},
		{
			"from": [9.50556, 0.45, -10.21467],
			"to": [5.00556, 4.95, -5.71467],
			"rotation": {"angle": 0, "axis": "y", "origin": [10.00556, 10.45, -7.61467]},
			"faces": {
				"north": {"uv": [7, 14, 5.25, 15.75], "texture": "#0"},
				"east": {"uv": [1.75, 14, 0, 15.75], "texture": "#0"},
				"south": {"uv": [3.5, 14, 1.75, 15.75], "texture": "#0"},
				"west": {"uv": [5.25, 14, 3.5, 15.75], "texture": "#0"},
				"up": {"uv": [7.75, 2, 9.5, 0.25], "texture": "#0"},
				"down": {"uv": [9.25, 5.25, 7.5, 3.5], "texture": "#0"}
			}
		},
		{
			"from": [7.20556, -6.55, -0.66467],
			"to": [13.70556, 20.95, -0.66467],
			"rotation": {"angle": -45, "axis": "y", "origin": [17.95556, 24.95, -8.16467]},
			"faces": {
				"north": {"uv": [15.5, 0, 13.75, 7.5], "texture": "#0"},
				"east": {"uv": [0, 0, 0, 10], "texture": "#0"},
				"south": {"uv": [15.5, 0, 13.75, 7.5], "texture": "#0"},
				"west": {"uv": [0, 0, 0, 10], "texture": "#0"},
				"up": {"uv": [0, 0, 1.75, 0], "texture": "#0"},
				"down": {"uv": [0, 0, 1.75, 0], "texture": "#0"}
			}
		},
		{
			"from": [10.45556, -6.55, -3.91467],
			"to": [10.45556, 20.95, 2.58533],
			"rotation": {"angle": -45, "axis": "y", "origin": [17.95556, 24.95, -8.16467]},
			"faces": {
				"north": {"uv": [0, 0, 0, 10], "texture": "#0"},
				"east": {"uv": [15.5, 0, 13.75, 7.5], "texture": "#0"},
				"south": {"uv": [15.5, 0, 13.75, 10], "texture": "#0"},
				"west": {"uv": [15.5, 0, 13.75, 7.5], "texture": "#0"},
				"up": {"uv": [1.75, 0, 0, 0], "rotation": 90, "texture": "#0"},
				"down": {"uv": [1.75, 0, 0, 0], "rotation": 270, "texture": "#0"}
			}
		},
		{
			"from": [2.40627, 5.55, -2.24938],
			"to": [12.20627, 13.35, 7.55062],
			"rotation": {"angle": 0, "axis": "y", "origin": [7.05627, 7.95, 3.40062]},
			"faces": {
				"north": {"uv": [7.5, 6.75, 3.75, 9.75], "texture": "#0"},
				"east": {"uv": [7.5, 0, 3.75, 3], "texture": "#0"},
				"south": {"uv": [7.5, 3.75, 3.75, 6.75], "texture": "#0"},
				"west": {"uv": [3.75, 7.5, 0, 10.5], "texture": "#0"},
				"up": {"uv": [3.75, 0, 0, 3.75], "texture": "#0"},
				"down": {"uv": [3.75, 7.5, 0, 3.75], "texture": "#0"}
			}
		},
		{
			"from": [12.20627, 5.55, -2.24938],
			"to": [2.40627, 13.35, 7.55062],
			"rotation": {"angle": 0, "axis": "y", "origin": [16.85627, 7.95, 3.40062]},
			"faces": {
				"north": {"uv": [7.5, 6.75, 3.75, 9.75], "texture": "#0"},
				"east": {"uv": [7.5, 0, 3.75, 3], "texture": "#0"},
				"south": {"uv": [7.5, 3.75, 3.75, 6.75], "texture": "#0"},
				"west": {"uv": [3.75, 7.5, 0, 10.5], "texture": "#0"},
				"up": {"uv": [3.75, 0, 0, 3.75], "texture": "#0"},
				"down": {"uv": [3.75, 7.5, 0, 3.75], "texture": "#0"}
			}
		},
		{
			"from": [4.40627, 13.35, -0.24938],
			"to": [10.20627, 14.6, 5.55062],
			"rotation": {"angle": 0, "axis": "y", "origin": [12.15627, 20.1, -1.59938]},
			"faces": {
				"north": {"uv": [6.75, 10.75, 4.5, 11.25], "texture": "#0"},
				"east": {"uv": [9, 10.75, 6.75, 11.25], "texture": "#0"},
				"south": {"uv": [2.25, 10.75, 0, 11.25], "texture": "#0"},
				"west": {"uv": [4.5, 10.75, 2.25, 11.25], "texture": "#0"},
				"down": {"uv": [7.5, 2.25, 9.75, 0], "texture": "#0"}
			}
		},
		{
			"from": [10.20627, 13.35, -0.24938],
			"to": [4.40627, 14.6, 5.55062],
			"rotation": {"angle": 0, "axis": "y", "origin": [17.95627, 20.1, -1.59938]},
			"faces": {
				"north": {"uv": [6.75, 10.75, 4.5, 11.25], "texture": "#0"},
				"east": {"uv": [9, 10.75, 6.75, 11.25], "texture": "#0"},
				"south": {"uv": [2.25, 10.75, 0, 11.25], "texture": "#0"},
				"west": {"uv": [4.5, 10.75, 2.25, 11.25], "texture": "#0"},
				"down": {"uv": [7.5, 2.25, 9.75, 0], "texture": "#0"}
			}
		},
		{
			"from": [4.40627, 4.3, -0.24938],
			"to": [10.20627, 5.55, 5.55062],
			"rotation": {"angle": 0, "axis": "y", "origin": [12.15627, -1.2, -1.59938]},
			"faces": {
				"north": {"uv": [6.75, 11.25, 4.5, 10.75], "texture": "#0"},
				"east": {"uv": [9, 11.25, 6.75, 10.75], "texture": "#0"},
				"south": {"uv": [2.25, 11.25, 0, 10.75], "texture": "#0"},
				"west": {"uv": [4.5, 11.25, 2.25, 10.75], "texture": "#0"},
				"down": {"uv": [9.75, 2.25, 12, 0], "texture": "#0"}
			}
		},
		{
			"from": [10.20627, 4.3, -0.24938],
			"to": [4.40627, 5.55, 5.55062],
			"rotation": {"angle": 0, "axis": "y", "origin": [17.95627, -1.2, -1.59938]},
			"faces": {
				"north": {"uv": [6.75, 11.25, 4.5, 10.75], "texture": "#0"},
				"east": {"uv": [9, 11.25, 6.75, 10.75], "texture": "#0"},
				"south": {"uv": [2.25, 11.25, 0, 10.75], "texture": "#0"},
				"west": {"uv": [4.5, 11.25, 2.25, 10.75], "texture": "#0"},
				"down": {"uv": [9.75, 2.25, 12, 0], "texture": "#0"}
			}
		},
		{
			"from": [5.10627, 0.45, 0.45062],
			"to": [9.50627, 4.95, 4.85062],
			"rotation": {"angle": 0, "axis": "y", "origin": [5.50627, 10.45, 2.95062]},
			"faces": {
				"north": {"uv": [7, 14, 5.25, 15.75], "texture": "#0"},
				"east": {"uv": [1.75, 14, 0, 15.75], "texture": "#0"},
				"south": {"uv": [3.5, 14, 1.75, 15.75], "texture": "#0"},
				"west": {"uv": [5.25, 14, 3.5, 15.75], "texture": "#0"},
				"up": {"uv": [7.75, 2, 9.5, 0.25], "texture": "#0"},
				"down": {"uv": [9.25, 5.25, 7.5, 3.5], "texture": "#0"}
			}
		},
		{
			"from": [9.50627, 0.45, 0.45062],
			"to": [5.10627, 4.95, 4.85062],
			"rotation": {"angle": 0, "axis": "y", "origin": [9.90627, 10.45, 2.95062]},
			"faces": {
				"north": {"uv": [7, 14, 5.25, 15.75], "texture": "#0"},
				"east": {"uv": [1.75, 14, 0, 15.75], "texture": "#0"},
				"south": {"uv": [3.5, 14, 1.75, 15.75], "texture": "#0"},
				"west": {"uv": [5.25, 14, 3.5, 15.75], "texture": "#0"},
				"up": {"uv": [7.75, 2, 9.5, 0.25], "texture": "#0"},
				"down": {"uv": [9.25, 5.25, 7.5, 3.5], "texture": "#0"}
			}
		},
		{
			"from": [7.20627, -6.55, 10.20062],
			"to": [13.70627, 20.95, 10.20062],
			"rotation": {"angle": -45, "axis": "y", "origin": [17.95627, 24.95, 2.70062]},
			"faces": {
				"north": {"uv": [15.5, 0, 13.75, 7.5], "texture": "#0"},
				"east": {"uv": [0, 0, 0, 10], "texture": "#0"},
				"south": {"uv": [15.5, 0, 13.75, 7.5], "texture": "#0"},
				"west": {"uv": [0, 0, 0, 10], "texture": "#0"},
				"up": {"uv": [0, 0, 1.75, 0], "texture": "#0"},
				"down": {"uv": [0, 0, 1.75, 0], "texture": "#0"}
			}
		},
		{
			"from": [10.45627, -6.55, 6.95062],
			"to": [10.45627, 20.95, 13.45062],
			"rotation": {"angle": -45, "axis": "y", "origin": [17.95627, 24.95, 2.70062]},
			"faces": {
				"north": {"uv": [0, 0, 0, 10], "texture": "#0"},
				"east": {"uv": [15.5, 0, 13.75, 7.5], "texture": "#0"},
				"south": {"uv": [15.5, 0, 13.75, 10], "texture": "#0"},
				"west": {"uv": [15.5, 0, 13.75, 7.5], "texture": "#0"},
				"up": {"uv": [1.75, 0, 0, 0], "rotation": 90, "texture": "#0"},
				"down": {"uv": [1.75, 0, 0, 0], "rotation": 270, "texture": "#0"}
			}
		},
		{
			"from": [2.40697, 5.55, 8.41592],
			"to": [12.20697, 13.35, 18.21592],
			"rotation": {"angle": 0, "axis": "y", "origin": [7.05697, 7.95, 14.06592]},
			"faces": {
				"north": {"uv": [7.5, 6.75, 3.75, 9.75], "texture": "#0"},
				"east": {"uv": [7.5, 0, 3.75, 3], "texture": "#0"},
				"south": {"uv": [7.5, 3.75, 3.75, 6.75], "texture": "#0"},
				"west": {"uv": [3.75, 7.5, 0, 10.5], "texture": "#0"},
				"up": {"uv": [3.75, 0, 0, 3.75], "texture": "#0"},
				"down": {"uv": [3.75, 7.5, 0, 3.75], "texture": "#0"}
			}
		},
		{
			"from": [12.20697, 5.55, 8.41592],
			"to": [2.40697, 13.35, 18.21592],
			"rotation": {"angle": 0, "axis": "y", "origin": [16.85697, 7.95, 14.06592]},
			"faces": {
				"north": {"uv": [7.5, 6.75, 3.75, 9.75], "texture": "#0"},
				"east": {"uv": [7.5, 0, 3.75, 3], "texture": "#0"},
				"south": {"uv": [7.5, 3.75, 3.75, 6.75], "texture": "#0"},
				"west": {"uv": [3.75, 7.5, 0, 10.5], "texture": "#0"},
				"up": {"uv": [3.75, 0, 0, 3.75], "texture": "#0"},
				"down": {"uv": [3.75, 7.5, 0, 3.75], "texture": "#0"}
			}
		},
		{
			"from": [4.40697, 13.35, 10.41592],
			"to": [10.20697, 14.6, 16.21592],
			"rotation": {"angle": 0, "axis": "y", "origin": [12.15697, 20.1, 9.06592]},
			"faces": {
				"north": {"uv": [6.75, 10.75, 4.5, 11.25], "texture": "#0"},
				"east": {"uv": [9, 10.75, 6.75, 11.25], "texture": "#0"},
				"south": {"uv": [2.25, 10.75, 0, 11.25], "texture": "#0"},
				"west": {"uv": [4.5, 10.75, 2.25, 11.25], "texture": "#0"},
				"down": {"uv": [7.5, 2.25, 9.75, 0], "texture": "#0"}
			}
		},
		{
			"from": [10.20697, 13.35, 10.41592],
			"to": [4.40697, 14.6, 16.21592],
			"rotation": {"angle": 0, "axis": "y", "origin": [17.95697, 20.1, 9.06592]},
			"faces": {
				"north": {"uv": [6.75, 10.75, 4.5, 11.25], "texture": "#0"},
				"east": {"uv": [9, 10.75, 6.75, 11.25], "texture": "#0"},
				"south": {"uv": [2.25, 10.75, 0, 11.25], "texture": "#0"},
				"west": {"uv": [4.5, 10.75, 2.25, 11.25], "texture": "#0"},
				"down": {"uv": [7.5, 2.25, 9.75, 0], "texture": "#0"}
			}
		},
		{
			"from": [4.40697, 4.3, 10.41592],
			"to": [10.20697, 5.55, 16.21592],
			"rotation": {"angle": 0, "axis": "y", "origin": [12.15697, -1.2, 9.06592]},
			"faces": {
				"north": {"uv": [6.75, 11.25, 4.5, 10.75], "texture": "#0"},
				"east": {"uv": [9, 11.25, 6.75, 10.75], "texture": "#0"},
				"south": {"uv": [2.25, 11.25, 0, 10.75], "texture": "#0"},
				"west": {"uv": [4.5, 11.25, 2.25, 10.75], "texture": "#0"},
				"down": {"uv": [9.75, 2.25, 12, 0], "texture": "#0"}
			}
		},
		{
			"from": [10.20697, 4.3, 10.41592],
			"to": [4.40697, 5.55, 16.21592],
			"rotation": {"angle": 0, "axis": "y", "origin": [17.95697, -1.2, 9.06592]},
			"faces": {
				"north": {"uv": [6.75, 11.25, 4.5, 10.75], "texture": "#0"},
				"east": {"uv": [9, 11.25, 6.75, 10.75], "texture": "#0"},
				"south": {"uv": [2.25, 11.25, 0, 10.75], "texture": "#0"},
				"west": {"uv": [4.5, 11.25, 2.25, 10.75], "texture": "#0"},
				"down": {"uv": [9.75, 2.25, 12, 0], "texture": "#0"}
			}
		},
		{
			"from": [5.00697, 0.45, 11.01592],
			"to": [9.50697, 4.95, 15.51592],
			"rotation": {"angle": 0, "axis": "y", "origin": [5.50697, 10.45, 13.61592]},
			"faces": {
				"north": {"uv": [7, 14, 5.25, 15.75], "texture": "#0"},
				"east": {"uv": [1.75, 14, 0, 15.75], "texture": "#0"},
				"south": {"uv": [3.5, 14, 1.75, 15.75], "texture": "#0"},
				"west": {"uv": [5.25, 14, 3.5, 15.75], "texture": "#0"},
				"up": {"uv": [7.75, 2, 9.5, 0.25], "texture": "#0"},
				"down": {"uv": [9.25, 5.25, 7.5, 3.5], "texture": "#0"}
			}
		},
		{
			"from": [9.50697, 0.45, 11.01592],
			"to": [5.00697, 4.95, 15.51592],
			"rotation": {"angle": 0, "axis": "y", "origin": [10.00697, 10.45, 13.61592]},
			"faces": {
				"north": {"uv": [7, 14, 5.25, 15.75], "texture": "#0"},
				"east": {"uv": [1.75, 14, 0, 15.75], "texture": "#0"},
				"south": {"uv": [3.5, 14, 1.75, 15.75], "texture": "#0"},
				"west": {"uv": [5.25, 14, 3.5, 15.75], "texture": "#0"},
				"up": {"uv": [7.75, 2, 9.5, 0.25], "texture": "#0"},
				"down": {"uv": [9.25, 5.25, 7.5, 3.5], "texture": "#0"}
			}
		},
		{
			"from": [7.20697, -6.55, 20.86592],
			"to": [13.70697, 20.95, 20.86592],
			"rotation": {"angle": -45, "axis": "y", "origin": [17.95697, 24.95, 13.36592]},
			"faces": {
				"north": {"uv": [15.5, 0, 13.75, 7.5], "texture": "#0"},
				"east": {"uv": [0, 0, 0, 10], "texture": "#0"},
				"south": {"uv": [15.5, 0, 13.75, 7.5], "texture": "#0"},
				"west": {"uv": [0, 0, 0, 10], "texture": "#0"},
				"up": {"uv": [0, 0, 1.75, 0], "texture": "#0"},
				"down": {"uv": [0, 0, 1.75, 0], "texture": "#0"}
			}
		},
		{
			"from": [10.45697, -6.55, 17.61592],
			"to": [10.45697, 20.95, 24.11592],
			"rotation": {"angle": -45, "axis": "y", "origin": [17.95697, 24.95, 13.36592]},
			"faces": {
				"north": {"uv": [0, 0, 0, 10], "texture": "#0"},
				"east": {"uv": [15.5, 0, 13.75, 7.5], "texture": "#0"},
				"south": {"uv": [15.5, 0, 13.75, 10], "texture": "#0"},
				"west": {"uv": [15.5, 0, 13.75, 7.5], "texture": "#0"},
				"up": {"uv": [1.75, 0, 0, 0], "rotation": 90, "texture": "#0"},
				"down": {"uv": [1.75, 0, 0, 0], "rotation": 270, "texture": "#0"}
			}
		},
		{
			"from": [2.40627, 5.55, 19.08262],
			"to": [12.20627, 13.35, 28.88262],
			"rotation": {"angle": 0, "axis": "y", "origin": [7.05627, 7.95, 23.23262]},
			"faces": {
				"north": {"uv": [3.75, 3.75, 7.5, 6.75], "texture": "#0"},
				"east": {"uv": [3.75, 0, 7.5, 3], "texture": "#0"},
				"south": {"uv": [3.75, 6.75, 7.5, 9.75], "texture": "#0"},
				"west": {"uv": [0, 7.5, 3.75, 10.5], "texture": "#0"},
				"up": {"uv": [3.75, 3.75, 0, 0], "texture": "#0"},
				"down": {"uv": [3.75, 3.75, 0, 7.5], "texture": "#0"}
			}
		},
		{
			"from": [12.20627, 5.55, 19.08262],
			"to": [2.40627, 13.35, 28.88262],
			"rotation": {"angle": 0, "axis": "y", "origin": [16.85627, 7.95, 23.23262]},
			"faces": {
				"north": {"uv": [3.75, 3.75, 7.5, 6.75], "texture": "#0"},
				"east": {"uv": [3.75, 0, 7.5, 3], "texture": "#0"},
				"south": {"uv": [3.75, 6.75, 7.5, 9.75], "texture": "#0"},
				"west": {"uv": [0, 7.5, 3.75, 10.5], "texture": "#0"},
				"up": {"uv": [3.75, 3.75, 0, 0], "texture": "#0"},
				"down": {"uv": [3.75, 3.75, 0, 7.5], "texture": "#0"}
			}
		},
		{
			"from": [4.40627, 13.35, 21.08262],
			"to": [10.20627, 14.6, 26.88262],
			"rotation": {"angle": 0, "axis": "y", "origin": [12.15627, 20.1, 28.23262]},
			"faces": {
				"north": {"uv": [0, 10.75, 2.25, 11.25], "texture": "#0"},
				"east": {"uv": [6.75, 10.75, 9, 11.25], "texture": "#0"},
				"south": {"uv": [4.5, 10.75, 6.75, 11.25], "texture": "#0"},
				"west": {"uv": [2.25, 10.75, 4.5, 11.25], "texture": "#0"},
				"down": {"uv": [7.5, 0, 9.75, 2.25], "texture": "#0"}
			}
		},
		{
			"from": [10.20627, 13.35, 21.08262],
			"to": [4.40627, 14.6, 26.88262],
			"rotation": {"angle": 0, "axis": "y", "origin": [17.95627, 20.1, 28.23262]},
			"faces": {
				"north": {"uv": [0, 10.75, 2.25, 11.25], "texture": "#0"},
				"east": {"uv": [6.75, 10.75, 9, 11.25], "texture": "#0"},
				"south": {"uv": [4.5, 10.75, 6.75, 11.25], "texture": "#0"},
				"west": {"uv": [2.25, 10.75, 4.5, 11.25], "texture": "#0"},
				"down": {"uv": [7.5, 0, 9.75, 2.25], "texture": "#0"}
			}
		},
		{
			"from": [4.40627, 4.3, 21.08262],
			"to": [10.20627, 5.55, 26.88262],
			"rotation": {"angle": 0, "axis": "y", "origin": [12.15627, -1.2, 28.23262]},
			"faces": {
				"north": {"uv": [0, 11.25, 2.25, 10.75], "texture": "#0"},
				"east": {"uv": [6.75, 11.25, 9, 10.75], "texture": "#0"},
				"south": {"uv": [4.5, 11.25, 6.75, 10.75], "texture": "#0"},
				"west": {"uv": [2.25, 11.25, 4.5, 10.75], "texture": "#0"},
				"down": {"uv": [9.75, 0, 12, 2.25], "texture": "#0"}
			}
		},
		{
			"from": [10.20627, 4.3, 21.08262],
			"to": [4.40627, 5.55, 26.88262],
			"rotation": {"angle": 0, "axis": "y", "origin": [17.95627, -1.2, 28.23262]},
			"faces": {
				"north": {"uv": [0, 11.25, 2.25, 10.75], "texture": "#0"},
				"east": {"uv": [6.75, 11.25, 9, 10.75], "texture": "#0"},
				"south": {"uv": [4.5, 11.25, 6.75, 10.75], "texture": "#0"},
				"west": {"uv": [2.25, 11.25, 4.5, 10.75], "texture": "#0"},
				"down": {"uv": [9.75, 0, 12, 2.25], "texture": "#0"}
			}
		},
		{
			"from": [5.00627, 0.45, 21.68262],
			"to": [9.50627, 4.95, 26.18262],
			"rotation": {"angle": 0, "axis": "y", "origin": [5.50627, 10.45, 23.58262]},
			"faces": {
				"north": {"uv": [1.75, 14, 3.5, 15.75], "texture": "#0"},
				"east": {"uv": [0, 14, 1.75, 15.75], "texture": "#0"},
				"south": {"uv": [5.25, 14, 7, 15.75], "texture": "#0"},
				"west": {"uv": [3.5, 14, 5.25, 15.75], "texture": "#0"},
				"up": {"uv": [7.75, 0.25, 9.5, 2], "texture": "#0"},
				"down": {"uv": [9.25, 3.5, 7.5, 5.25], "texture": "#0"}
			}
		},
		{
			"from": [9.50627, 0.45, 21.68262],
			"to": [5.00627, 4.95, 26.18262],
			"rotation": {"angle": 0, "axis": "y", "origin": [10.00627, 10.45, 23.58262]},
			"faces": {
				"north": {"uv": [1.75, 14, 3.5, 15.75], "texture": "#0"},
				"east": {"uv": [0, 14, 1.75, 15.75], "texture": "#0"},
				"south": {"uv": [5.25, 14, 7, 15.75], "texture": "#0"},
				"west": {"uv": [3.5, 14, 5.25, 15.75], "texture": "#0"},
				"up": {"uv": [7.75, 0.25, 9.5, 2], "texture": "#0"},
				"down": {"uv": [9.25, 3.5, 7.5, 5.25], "texture": "#0"}
			}
		},
		{
			"from": [7.20627, -6.55, 16.53262],
			"to": [13.70627, 20.95, 16.53262],
			"rotation": {"angle": 45, "axis": "y", "origin": [17.95627, 24.95, 24.03262]},
			"faces": {
				"north": {"uv": [13.75, 0, 15.5, 7.5], "texture": "#0"},
				"east": {"uv": [0, 0, 0, 10], "texture": "#0"},
				"south": {"uv": [13.75, 0, 15.5, 7.5], "texture": "#0"},
				"west": {"uv": [0, 0, 0, 10], "texture": "#0"},
				"up": {"uv": [0, 0, 1.75, 0], "texture": "#0"},
				"down": {"uv": [0, 0, 1.75, 0], "texture": "#0"}
			}
		},
		{
			"from": [10.45627, -6.55, 13.28262],
			"to": [10.45627, 20.95, 19.78262],
			"rotation": {"angle": 45, "axis": "y", "origin": [17.95627, 24.95, 24.03262]},
			"faces": {
				"north": {"uv": [13.75, 0, 15.5, 10], "texture": "#0"},
				"east": {"uv": [13.75, 0, 15.5, 7.5], "texture": "#0"},
				"south": {"uv": [0, 0, 0, 10], "texture": "#0"},
				"west": {"uv": [13.75, 0, 15.5, 7.5], "texture": "#0"},
				"up": {"uv": [0, 0, 1.75, 0], "rotation": 90, "texture": "#0"},
				"down": {"uv": [0, 0, 1.75, 0], "rotation": 270, "texture": "#0"}
			}
		},
		{
			"from": [-0.583, 23.733, -16],
			"to": [-0.117, 24.199, 32],
			"rotation": {"angle": 45, "axis": "z", "origin": [7.317, 31.633, 33.667]},
			"faces": {
				"north": {"uv": [13, 0, 13.25, 0.25], "texture": "#0"},
				"east": {"uv": [13, 0, 13.25, 15.75], "rotation": 90, "texture": "#0"},
				"south": {"uv": [13, 0, 13.25, 0.25], "texture": "#0"},
				"west": {"uv": [12.75, 0, 13, 15.75], "rotation": 90, "texture": "#0"},
				"up": {"uv": [12.5, 0, 12.75, 15.75], "texture": "#0"},
				"down": {"uv": [13.25, 0.25, 13.5, 16], "texture": "#0"}
			}
		}
	],
	"display": {
		"thirdperson_righthand": {
			"rotation": [75, 45, 0],
			"translation": [0, 2.5, 0],
			"scale": [0.375, 0.375, 0.375]
		},
		"thirdperson_lefthand": {
			"rotation": [75, 45, 0],
			"translation": [0, 2.5, 0],
			"scale": [0.375, 0.375, 0.375]
		},
		"firstperson_righthand": {
			"rotation": [0, 45, 0],
			"scale": [0.4, 0.4, 0.4]
		},
		"firstperson_lefthand": {
			"rotation": [0, 225, 0],
			"scale": [0.4, 0.4, 0.4]
		},
		"ground": {
			"translation": [0, 3, 0],
			"scale": [0.25, 0.25, 0.25]
		},
		"gui": {
			"rotation": [30, 135, 0],
			"translation": [-0.25, -0.25, 0],
			"scale": [0.4, 0.4, 0.4]
		},
		"fixed": {
			"rotation": [90, 90, 0],
			"translation": [-16, 2.1, -24.3],
			"scale": [3, 3, 3]
		}
	},
	"groups": [
		{
			"name": "group",
			"origin": [8, 8, 8],
			"children": [0, 1, 2, 3, 4, 5, 6, 7, 8, 9]
		},
		{
			"name": "group",
			"origin": [8, 8, 8],
			"children": [10, 11, 12, 13, 14, 15, 16, 17, 18, 19]
		},
		{
			"name": "group",
			"origin": [8, 8, 8],
			"children": [20, 21, 22, 23, 24, 25, 26, 27, 28, 29]
		},
		{
			"name": "group",
			"origin": [8, 8, 8],
			"children": [30, 31, 32, 33, 34, 35, 36, 37, 38, 39]
		}, 40]
}