{
	"credit": "Made with Blockbench",
	"parent": "minecraft:block/cube_all",
	"texture_size": [64, 64],
	"textures": {
		"0": "item/chxs_jj_denglong4",
		"particle": "item/chxs_jj_denglong4"
	},
	"elements": [
		{
			"from": [2.40697, 16.2, 3.06592],
			"to": [12.20697, 24, 12.86592],
			"rotation": {"angle": 0, "axis": "y", "origin": [7.05697, 18.6, 8.71592]},
			"faces": {
				"north": {"uv": [7.5, 6.75, 3.75, 9.75], "texture": "#0"},
				"east": {"uv": [7.5, 0, 3.75, 3], "texture": "#0"},
				"south": {"uv": [7.5, 3.75, 3.75, 6.75], "texture": "#0"},
				"west": {"uv": [3.75, 7.5, 0, 10.5], "texture": "#0"},
				"up": {"uv": [3.75, 0, 0, 3.75], "texture": "#0"},
				"down": {"uv": [3.75, 7.5, 0, 3.75], "texture": "#0"}
			}
		},
		{
			"from": [12.20697, 16.2, 3.06592],
			"to": [2.40697, 24, 12.86592],
			"rotation": {"angle": 0, "axis": "y", "origin": [16.85697, 18.6, 8.71592]},
			"faces": {
				"north": {"uv": [7.5, 6.75, 3.75, 9.75], "texture": "#0"},
				"east": {"uv": [7.5, 0, 3.75, 3], "texture": "#0"},
				"south": {"uv": [7.5, 3.75, 3.75, 6.75], "texture": "#0"},
				"west": {"uv": [3.75, 7.5, 0, 10.5], "texture": "#0"},
				"up": {"uv": [3.75, 0, 0, 3.75], "texture": "#0"},
				"down": {"uv": [3.75, 7.5, 0, 3.75], "texture": "#0"}
			}
		},
		{
			"from": [4.40697, 24, 5.06592],
			"to": [10.20697, 25.25, 10.86592],
			"rotation": {"angle": 0, "axis": "y", "origin": [12.15697, 30.75, 3.71592]},
			"faces": {
				"north": {"uv": [6.75, 10.75, 4.5, 11.25], "texture": "#0"},
				"east": {"uv": [9, 10.75, 6.75, 11.25], "texture": "#0"},
				"south": {"uv": [2.25, 10.75, 0, 11.25], "texture": "#0"},
				"west": {"uv": [4.5, 10.75, 2.25, 11.25], "texture": "#0"},
				"down": {"uv": [7.5, 2.25, 9.75, 0], "texture": "#0"}
			}
		},
		{
			"from": [10.20697, 24, 5.06592],
			"to": [4.40697, 25.25, 10.86592],
			"rotation": {"angle": 0, "axis": "y", "origin": [17.95697, 30.75, 3.71592]},
			"faces": {
				"north": {"uv": [6.75, 10.75, 4.5, 11.25], "texture": "#0"},
				"east": {"uv": [9, 10.75, 6.75, 11.25], "texture": "#0"},
				"south": {"uv": [2.25, 10.75, 0, 11.25], "texture": "#0"},
				"west": {"uv": [4.5, 10.75, 2.25, 11.25], "texture": "#0"},
				"down": {"uv": [7.5, 2.25, 9.75, 0], "texture": "#0"}
			}
		},
		{
			"from": [4.40697, 14.95, 5.06592],
			"to": [10.20697, 16.2, 10.86592],
			"rotation": {"angle": 0, "axis": "y", "origin": [12.15697, 9.45, 3.71592]},
			"faces": {
				"north": {"uv": [6.75, 11.25, 4.5, 10.75], "texture": "#0"},
				"east": {"uv": [9, 11.25, 6.75, 10.75], "texture": "#0"},
				"south": {"uv": [2.25, 11.25, 0, 10.75], "texture": "#0"},
				"west": {"uv": [4.5, 11.25, 2.25, 10.75], "texture": "#0"},
				"down": {"uv": [9.75, 2.25, 12, 0], "texture": "#0"}
			}
		},
		{
			"from": [10.20697, 14.95, 5.06592],
			"to": [4.40697, 16.2, 10.86592],
			"rotation": {"angle": 0, "axis": "y", "origin": [17.95697, 9.45, 3.71592]},
			"faces": {
				"north": {"uv": [6.75, 11.25, 4.5, 10.75], "texture": "#0"},
				"east": {"uv": [9, 11.25, 6.75, 10.75], "texture": "#0"},
				"south": {"uv": [2.25, 11.25, 0, 10.75], "texture": "#0"},
				"west": {"uv": [4.5, 11.25, 2.25, 10.75], "texture": "#0"},
				"down": {"uv": [9.75, 2.25, 12, 0], "texture": "#0"}
			}
		},
		{
			"from": [7.20697, 4.1, 15.51592],
			"to": [13.70697, 31.6, 15.51592],
			"rotation": {"angle": -45, "axis": "y", "origin": [17.95697, 35.6, 8.01592]},
			"faces": {
				"north": {"uv": [15.5, 0, 13.75, 7.5], "texture": "#0"},
				"east": {"uv": [0, 0, 0, 10], "texture": "#0"},
				"south": {"uv": [15.5, 0, 13.75, 7.5], "texture": "#0"},
				"west": {"uv": [0, 0, 0, 10], "texture": "#0"},
				"up": {"uv": [0, 0, 1.75, 0], "texture": "#0"},
				"down": {"uv": [0, 0, 1.75, 0], "texture": "#0"}
			}
		},
		{
			"from": [10.45697, 4.1, 12.26592],
			"to": [10.45697, 31.6, 18.76592],
			"rotation": {"angle": -45, "axis": "y", "origin": [17.95697, 35.6, 8.01592]},
			"faces": {
				"north": {"uv": [0, 0, 0, 10], "texture": "#0"},
				"east": {"uv": [15.5, 0, 13.75, 7.5], "texture": "#0"},
				"south": {"uv": [15.5, 0, 13.75, 10], "texture": "#0"},
				"west": {"uv": [15.5, 0, 13.75, 7.5], "texture": "#0"},
				"up": {"uv": [1.75, 0, 0, 0], "rotation": 90, "texture": "#0"},
				"down": {"uv": [1.75, 0, 0, 0], "rotation": 270, "texture": "#0"}
			}
		},
		{
			"from": [2.40626, 5.7, 3.06521],
			"to": [12.20626, 13.5, 12.86521],
			"rotation": {"angle": 0, "axis": "y", "origin": [7.05626, 8.1, 7.21521]},
			"faces": {
				"north": {"uv": [3.75, 3.75, 7.5, 6.75], "texture": "#0"},
				"east": {"uv": [3.75, 0, 7.5, 3], "texture": "#0"},
				"south": {"uv": [3.75, 6.75, 7.5, 9.75], "texture": "#0"},
				"west": {"uv": [0, 7.5, 3.75, 10.5], "texture": "#0"},
				"up": {"uv": [3.75, 3.75, 0, 0], "texture": "#0"},
				"down": {"uv": [3.75, 3.75, 0, 7.5], "texture": "#0"}
			}
		},
		{
			"from": [12.20626, 5.7, 3.06521],
			"to": [2.40626, 13.5, 12.86521],
			"rotation": {"angle": 0, "axis": "y", "origin": [16.85626, 8.1, 7.21521]},
			"faces": {
				"north": {"uv": [3.75, 3.75, 7.5, 6.75], "texture": "#0"},
				"east": {"uv": [3.75, 0, 7.5, 3], "texture": "#0"},
				"south": {"uv": [3.75, 6.75, 7.5, 9.75], "texture": "#0"},
				"west": {"uv": [0, 7.5, 3.75, 10.5], "texture": "#0"},
				"up": {"uv": [3.75, 3.75, 0, 0], "texture": "#0"},
				"down": {"uv": [3.75, 3.75, 0, 7.5], "texture": "#0"}
			}
		},
		{
			"from": [4.40626, 13.5, 5.06521],
			"to": [10.20626, 14.75, 10.86521],
			"rotation": {"angle": 0, "axis": "y", "origin": [12.15626, 20.25, 12.21521]},
			"faces": {
				"north": {"uv": [0, 10.75, 2.25, 11.25], "texture": "#0"},
				"east": {"uv": [6.75, 10.75, 9, 11.25], "texture": "#0"},
				"south": {"uv": [4.5, 10.75, 6.75, 11.25], "texture": "#0"},
				"west": {"uv": [2.25, 10.75, 4.5, 11.25], "texture": "#0"},
				"down": {"uv": [7.5, 0, 9.75, 2.25], "texture": "#0"}
			}
		},
		{
			"from": [10.20626, 13.5, 5.06521],
			"to": [4.40626, 14.75, 10.86521],
			"rotation": {"angle": 0, "axis": "y", "origin": [17.95626, 20.25, 12.21521]},
			"faces": {
				"north": {"uv": [0, 10.75, 2.25, 11.25], "texture": "#0"},
				"east": {"uv": [6.75, 10.75, 9, 11.25], "texture": "#0"},
				"south": {"uv": [4.5, 10.75, 6.75, 11.25], "texture": "#0"},
				"west": {"uv": [2.25, 10.75, 4.5, 11.25], "texture": "#0"},
				"down": {"uv": [7.5, 0, 9.75, 2.25], "texture": "#0"}
			}
		},
		{
			"from": [4.40626, 4.45, 5.06521],
			"to": [10.20626, 5.7, 10.86521],
			"rotation": {"angle": 0, "axis": "y", "origin": [12.15626, -1.05, 12.21521]},
			"faces": {
				"north": {"uv": [0, 11.25, 2.25, 10.75], "texture": "#0"},
				"east": {"uv": [6.75, 11.25, 9, 10.75], "texture": "#0"},
				"south": {"uv": [4.5, 11.25, 6.75, 10.75], "texture": "#0"},
				"west": {"uv": [2.25, 11.25, 4.5, 10.75], "texture": "#0"},
				"down": {"uv": [9.75, 0, 12, 2.25], "texture": "#0"}
			}
		},
		{
			"from": [10.20626, 4.45, 5.06521],
			"to": [4.40626, 5.7, 10.86521],
			"rotation": {"angle": 0, "axis": "y", "origin": [17.95626, -1.05, 12.21521]},
			"faces": {
				"north": {"uv": [0, 11.25, 2.25, 10.75], "texture": "#0"},
				"east": {"uv": [6.75, 11.25, 9, 10.75], "texture": "#0"},
				"south": {"uv": [4.5, 11.25, 6.75, 10.75], "texture": "#0"},
				"west": {"uv": [2.25, 11.25, 4.5, 10.75], "texture": "#0"},
				"down": {"uv": [9.75, 0, 12, 2.25], "texture": "#0"}
			}
		},
		{
			"from": [5.00626, 0.6, 5.66521],
			"to": [9.50626, 5.1, 10.16521],
			"rotation": {"angle": 0, "axis": "y", "origin": [5.50626, 10.6, 7.56521]},
			"faces": {
				"north": {"uv": [1.75, 14, 3.5, 15.75], "texture": "#0"},
				"east": {"uv": [0, 14, 1.75, 15.75], "texture": "#0"},
				"south": {"uv": [5.25, 14, 7, 15.75], "texture": "#0"},
				"west": {"uv": [3.5, 14, 5.25, 15.75], "texture": "#0"},
				"up": {"uv": [7.75, 0.25, 9.5, 2], "texture": "#0"},
				"down": {"uv": [9.25, 3.5, 7.5, 5.25], "texture": "#0"}
			}
		},
		{
			"from": [9.50626, 0.6, 5.66521],
			"to": [5.00626, 5.1, 10.16521],
			"rotation": {"angle": 0, "axis": "y", "origin": [10.00626, 10.6, 7.56521]},
			"faces": {
				"north": {"uv": [1.75, 14, 3.5, 15.75], "texture": "#0"},
				"east": {"uv": [0, 14, 1.75, 15.75], "texture": "#0"},
				"south": {"uv": [5.25, 14, 7, 15.75], "texture": "#0"},
				"west": {"uv": [3.5, 14, 5.25, 15.75], "texture": "#0"},
				"up": {"uv": [7.75, 0.25, 9.5, 2], "texture": "#0"},
				"down": {"uv": [9.25, 3.5, 7.5, 5.25], "texture": "#0"}
			}
		},
		{
			"from": [7.20626, -6.4, 0.51521],
			"to": [13.70626, 21.1, 0.51521],
			"rotation": {"angle": 45, "axis": "y", "origin": [17.95626, 25.1, 8.01521]},
			"faces": {
				"north": {"uv": [13.75, 0, 15.5, 7.5], "texture": "#0"},
				"east": {"uv": [0, 0, 0, 10], "texture": "#0"},
				"south": {"uv": [13.75, 0, 15.5, 7.5], "texture": "#0"},
				"west": {"uv": [0, 0, 0, 10], "texture": "#0"},
				"up": {"uv": [0, 0, 1.75, 0], "texture": "#0"},
				"down": {"uv": [0, 0, 1.75, 0], "texture": "#0"}
			}
		},
		{
			"from": [10.45626, -6.4, -2.73479],
			"to": [10.45626, 21.1, 3.76521],
			"rotation": {"angle": 45, "axis": "y", "origin": [17.95626, 25.1, 8.01521]},
			"faces": {
				"north": {"uv": [13.75, 0, 15.5, 10], "texture": "#0"},
				"east": {"uv": [13.75, 0, 15.5, 7.5], "texture": "#0"},
				"south": {"uv": [0, 0, 0, 10], "texture": "#0"},
				"west": {"uv": [13.75, 0, 15.5, 7.5], "texture": "#0"},
				"up": {"uv": [0, 0, 1.75, 0], "rotation": 90, "texture": "#0"},
				"down": {"uv": [0, 0, 1.75, 0], "rotation": 270, "texture": "#0"}
			}
		}
	],
	"display": {
		"thirdperson_righthand": {
			"rotation": [75, 45, 0],
			"translation": [0, 2.5, 0],
			"scale": [0.375, 0.375, 0.375]
		},
		"thirdperson_lefthand": {
			"rotation": [75, 45, 0],
			"translation": [0, 2.5, 0],
			"scale": [0.375, 0.375, 0.375]
		},
		"firstperson_righthand": {
			"rotation": [0, 45, 0],
			"scale": [0.4, 0.4, 0.4]
		},
		"firstperson_lefthand": {
			"rotation": [0, 225, 0],
			"scale": [0.4, 0.4, 0.4]
		},
		"ground": {
			"translation": [0, 3, 0],
			"scale": [0.25, 0.25, 0.25]
		},
		"gui": {
			"rotation": [30, 135, 0],
			"translation": [-0.25, -0.5, 0],
			"scale": [0.45, 0.45, 0.45]
		},
		"fixed": {
			"rotation": [90, 90, 0],
			"translation": [0, 2.1, -24.3],
			"scale": [3, 3, 3]
		}
	},
	"groups": [
		{
			"name": "group",
			"origin": [8, 8, 8],
			"children": [0, 1, 2, 3, 4, 5, 6, 7]
		},
		{
			"name": "group",
			"origin": [8, 8, 8],
			"children": [8, 9, 10, 11, 12, 13, 14, 15, 16, 17]
		}
	]
}