{
	"credit": "Made with Blockbench",
	"parent": "minecraft:block/cube_all",
	"texture_size": [64, 64],
	"textures": {
		"1": "item/chxs_jj_denglong7"
	},
	"elements": [
		{
			"from": [3.65485, 16.1, 4.21662],
			"to": [10.95485, 24.1, 11.51662],
			"rotation": {"angle": 0, "axis": "y", "origin": [7.05485, 18.6, 8.61662]},
			"faces": {
				"north": {"uv": [7, 6.75, 4.25, 9.75], "texture": "#1"},
				"east": {"uv": [7, 0, 4.25, 3], "texture": "#1"},
				"south": {"uv": [7, 3.75, 4.25, 6.75], "texture": "#1"},
				"west": {"uv": [3.25, 7.5, 0.5, 10.5], "texture": "#1"},
				"up": {"uv": [3.25, 0.5, 0.5, 3.25], "texture": "#1"},
				"down": {"uv": [3.25, 7, 0.5, 4.25], "texture": "#1"}
			}
		},
		{
			"from": [10.95485, 16.1, 4.21662],
			"to": [3.65485, 24.1, 11.51662],
			"rotation": {"angle": 0, "axis": "y", "origin": [14.35485, 18.6, 8.61662]},
			"faces": {
				"north": {"uv": [7, 6.75, 4.25, 9.75], "texture": "#1"},
				"east": {"uv": [7, 0, 4.25, 3], "texture": "#1"},
				"south": {"uv": [7, 3.75, 4.25, 6.75], "texture": "#1"},
				"west": {"uv": [3.25, 7.5, 0.5, 10.5], "texture": "#1"},
				"up": {"uv": [3.25, 0.5, 0.5, 3.25], "texture": "#1"},
				"down": {"uv": [3.25, 7, 0.5, 4.25], "texture": "#1"}
			}
		},
		{
			"from": [5.00485, 24.1, 5.56662],
			"to": [9.60485, 25.35, 10.16662],
			"rotation": {"angle": 0, "axis": "y", "origin": [11.65485, 30.85, 4.11662]},
			"faces": {
				"north": {"uv": [7, 10.75, 5.25, 11.25], "texture": "#1"},
				"east": {"uv": [5.25, 10.75, 3.5, 11.25], "texture": "#1"},
				"south": {"uv": [3.5, 10.75, 1.75, 11.25], "texture": "#1"},
				"west": {"uv": [1.75, 10.75, 0, 11.25], "texture": "#1"},
				"down": {"uv": [7.5, 2.25, 9.75, 0], "texture": "#1"}
			}
		},
		{
			"from": [9.60485, 24.1, 5.56662],
			"to": [5.00485, 25.35, 10.16662],
			"rotation": {"angle": 0, "axis": "y", "origin": [16.25485, 30.85, 4.11662]},
			"faces": {
				"north": {"uv": [7, 10.75, 5.25, 11.25], "texture": "#1"},
				"east": {"uv": [5.25, 10.75, 3.5, 11.25], "texture": "#1"},
				"south": {"uv": [3.5, 10.75, 1.75, 11.25], "texture": "#1"},
				"west": {"uv": [1.75, 10.75, 0, 11.25], "texture": "#1"},
				"down": {"uv": [7.5, 2.25, 9.75, 0], "texture": "#1"}
			}
		},
		{
			"from": [4.95485, 14.85, 5.51662],
			"to": [9.65485, 16.1, 10.21662],
			"rotation": {"angle": 0, "axis": "y", "origin": [12.15485, 9.35, 3.61662]},
			"faces": {
				"north": {"uv": [1.75, 12, 0, 11.5], "rotation": 180, "texture": "#1"},
				"east": {"uv": [7, 12, 5.25, 11.5], "rotation": 180, "texture": "#1"},
				"south": {"uv": [5.25, 12, 3.5, 11.5], "rotation": 180, "texture": "#1"},
				"west": {"uv": [3.5, 12, 1.75, 11.5], "rotation": 180, "texture": "#1"},
				"down": {"uv": [10, 2, 11.75, 0.25], "texture": "#1"}
			}
		},
		{
			"from": [9.65485, 14.85, 5.51662],
			"to": [4.95485, 16.1, 10.21662],
			"rotation": {"angle": 0, "axis": "y", "origin": [16.85485, 9.35, 3.61662]},
			"faces": {
				"north": {"uv": [1.75, 12, 0, 11.5], "rotation": 180, "texture": "#1"},
				"east": {"uv": [7, 12, 5.25, 11.5], "rotation": 180, "texture": "#1"},
				"south": {"uv": [5.25, 12, 3.5, 11.5], "rotation": 180, "texture": "#1"},
				"west": {"uv": [3.5, 12, 1.75, 11.5], "rotation": 180, "texture": "#1"},
				"down": {"uv": [10, 2, 11.75, 0.25], "texture": "#1"}
			}
		},
		{
			"from": [7.20485, 4.1, 15.41662],
			"to": [13.70485, 31.6, 15.41662],
			"rotation": {"angle": -45, "axis": "y", "origin": [17.95485, 35.6, 7.91662]},
			"faces": {
				"north": {"uv": [15.5, 0, 13.75, 7.5], "texture": "#1"},
				"east": {"uv": [0, 0, 0, 10], "texture": "#1"},
				"south": {"uv": [15.5, 0, 13.75, 7.5], "texture": "#1"},
				"west": {"uv": [0, 0, 0, 10], "texture": "#1"},
				"up": {"uv": [0, 0, 1.75, 0], "texture": "#1"},
				"down": {"uv": [0, 0, 1.75, 0], "texture": "#1"}
			}
		},
		{
			"from": [10.45485, 4.1, 12.16662],
			"to": [10.45485, 31.6, 18.66662],
			"rotation": {"angle": -45, "axis": "y", "origin": [17.95485, 35.6, 7.91662]},
			"faces": {
				"north": {"uv": [0, 0, 0, 10], "texture": "#1"},
				"east": {"uv": [15.5, 0, 13.75, 7.5], "texture": "#1"},
				"south": {"uv": [15.5, 0, 13.75, 10], "texture": "#1"},
				"west": {"uv": [15.5, 0, 13.75, 7.5], "texture": "#1"},
				"up": {"uv": [1.75, 0, 0, 0], "rotation": 90, "texture": "#1"},
				"down": {"uv": [1.75, 0, 0, 0], "rotation": 270, "texture": "#1"}
			}
		},
		{
			"from": [3.65556, 5.6, 4.21733],
			"to": [10.95556, 13.6, 11.51733],
			"rotation": {"angle": 0, "axis": "y", "origin": [7.05556, 8.1, 8.61733]},
			"faces": {
				"north": {"uv": [7, 6.75, 4.25, 9.75], "texture": "#1"},
				"east": {"uv": [7, 0, 4.25, 3], "texture": "#1"},
				"south": {"uv": [7, 3.75, 4.25, 6.75], "texture": "#1"},
				"west": {"uv": [3.25, 7.5, 0.5, 10.5], "texture": "#1"},
				"up": {"uv": [3.25, 0.5, 0.5, 3.25], "texture": "#1"},
				"down": {"uv": [3.25, 7, 0.5, 4.25], "texture": "#1"}
			}
		},
		{
			"from": [10.95556, 5.6, 4.21733],
			"to": [3.65556, 13.6, 11.51733],
			"rotation": {"angle": 0, "axis": "y", "origin": [14.35556, 8.1, 8.61733]},
			"faces": {
				"north": {"uv": [7, 6.75, 4.25, 9.75], "texture": "#1"},
				"east": {"uv": [7, 0, 4.25, 3], "texture": "#1"},
				"south": {"uv": [7, 3.75, 4.25, 6.75], "texture": "#1"},
				"west": {"uv": [3.25, 7.5, 0.5, 10.5], "texture": "#1"},
				"up": {"uv": [3.25, 0.5, 0.5, 3.25], "texture": "#1"},
				"down": {"uv": [3.25, 7, 0.5, 4.25], "texture": "#1"}
			}
		},
		{
			"from": [5.00556, 13.6, 5.56733],
			"to": [9.60556, 14.85, 10.16733],
			"rotation": {"angle": 0, "axis": "y", "origin": [11.65556, 20.35, 4.11733]},
			"faces": {
				"north": {"uv": [7, 10.75, 5.25, 11.25], "texture": "#1"},
				"east": {"uv": [5.25, 10.75, 3.5, 11.25], "texture": "#1"},
				"south": {"uv": [3.5, 10.75, 1.75, 11.25], "texture": "#1"},
				"west": {"uv": [1.75, 10.75, 0, 11.25], "texture": "#1"},
				"down": {"uv": [7.5, 2.25, 9.75, 0], "texture": "#1"}
			}
		},
		{
			"from": [9.60556, 13.6, 5.56733],
			"to": [5.00556, 14.85, 10.16733],
			"rotation": {"angle": 0, "axis": "y", "origin": [16.25556, 20.35, 4.11733]},
			"faces": {
				"north": {"uv": [7, 10.75, 5.25, 11.25], "texture": "#1"},
				"east": {"uv": [5.25, 10.75, 3.5, 11.25], "texture": "#1"},
				"south": {"uv": [3.5, 10.75, 1.75, 11.25], "texture": "#1"},
				"west": {"uv": [1.75, 10.75, 0, 11.25], "texture": "#1"},
				"down": {"uv": [7.5, 2.25, 9.75, 0], "texture": "#1"}
			}
		},
		{
			"from": [4.95556, 4.35, 5.51733],
			"to": [9.65556, 5.6, 10.21733],
			"rotation": {"angle": 0, "axis": "y", "origin": [12.15556, -1.15, 3.61733]},
			"faces": {
				"north": {"uv": [1.75, 12, 0, 11.5], "rotation": 180, "texture": "#1"},
				"east": {"uv": [7, 12, 5.25, 11.5], "rotation": 180, "texture": "#1"},
				"south": {"uv": [5.25, 12, 3.5, 11.5], "rotation": 180, "texture": "#1"},
				"west": {"uv": [3.5, 12, 1.75, 11.5], "rotation": 180, "texture": "#1"},
				"down": {"uv": [10, 2, 11.75, 0.25], "texture": "#1"}
			}
		},
		{
			"from": [9.65556, 4.35, 5.51733],
			"to": [4.95556, 5.6, 10.21733],
			"rotation": {"angle": 0, "axis": "y", "origin": [16.85556, -1.15, 3.61733]},
			"faces": {
				"north": {"uv": [1.75, 12, 0, 11.5], "rotation": 180, "texture": "#1"},
				"east": {"uv": [7, 12, 5.25, 11.5], "rotation": 180, "texture": "#1"},
				"south": {"uv": [5.25, 12, 3.5, 11.5], "rotation": 180, "texture": "#1"},
				"west": {"uv": [3.5, 12, 1.75, 11.5], "rotation": 180, "texture": "#1"},
				"down": {"uv": [10, 2, 11.75, 0.25], "texture": "#1"}
			}
		},
		{
			"from": [5.65556, 0.6, 6.16733],
			"to": [9.05556, 5.1, 9.56733],
			"rotation": {"angle": 0, "axis": "y", "origin": [6.05556, 10.6, 8.76733]},
			"faces": {
				"north": {"uv": [6.5, 14, 5.25, 15.75], "texture": "#1"},
				"east": {"uv": [1.25, 14, 0, 15.75], "texture": "#1"},
				"south": {"uv": [3, 14, 1.75, 15.75], "texture": "#1"},
				"west": {"uv": [4.75, 14, 3.5, 15.75], "texture": "#1"},
				"up": {"uv": [8, 1.75, 9.25, 0.5], "texture": "#1"},
				"down": {"uv": [9.25, 5.25, 7.5, 3.5], "texture": "#1"}
			}
		},
		{
			"from": [9.05556, 0.6, 6.16733],
			"to": [5.65556, 5.1, 9.56733],
			"rotation": {"angle": 0, "axis": "y", "origin": [9.45556, 10.6, 8.76733]},
			"faces": {
				"north": {"uv": [6.5, 14, 5.25, 15.75], "texture": "#1"},
				"east": {"uv": [1.25, 14, 0, 15.75], "texture": "#1"},
				"south": {"uv": [3, 14, 1.75, 15.75], "texture": "#1"},
				"west": {"uv": [4.75, 14, 3.5, 15.75], "texture": "#1"},
				"up": {"uv": [8, 1.75, 9.25, 0.5], "texture": "#1"},
				"down": {"uv": [9.25, 5.25, 7.5, 3.5], "texture": "#1"}
			}
		},
		{
			"from": [7.20556, -6.4, 15.41733],
			"to": [13.70556, 21.1, 15.41733],
			"rotation": {"angle": -45, "axis": "y", "origin": [17.95556, 25.1, 7.91733]},
			"faces": {
				"north": {"uv": [15.5, 0, 13.75, 7.5], "texture": "#1"},
				"east": {"uv": [0, 0, 0, 10], "texture": "#1"},
				"south": {"uv": [15.5, 0, 13.75, 7.5], "texture": "#1"},
				"west": {"uv": [0, 0, 0, 10], "texture": "#1"},
				"up": {"uv": [0, 0, 1.75, 0], "texture": "#1"},
				"down": {"uv": [0, 0, 1.75, 0], "texture": "#1"}
			}
		},
		{
			"from": [10.45556, -6.4, 12.16733],
			"to": [10.45556, 21.1, 18.66733],
			"rotation": {"angle": -45, "axis": "y", "origin": [17.95556, 25.1, 7.91733]},
			"faces": {
				"north": {"uv": [0, 0, 0, 10], "texture": "#1"},
				"east": {"uv": [15.5, 0, 13.75, 7.5], "texture": "#1"},
				"south": {"uv": [15.5, 0, 13.75, 10], "texture": "#1"},
				"west": {"uv": [15.5, 0, 13.75, 7.5], "texture": "#1"},
				"up": {"uv": [1.75, 0, 0, 0], "rotation": 90, "texture": "#1"},
				"down": {"uv": [1.75, 0, 0, 0], "rotation": 270, "texture": "#1"}
			}
		}
	],
	"display": {
		"thirdperson_righthand": {
			"rotation": [75, 45, 0],
			"translation": [0, 2.5, 0],
			"scale": [0.375, 0.375, 0.375]
		},
		"thirdperson_lefthand": {
			"rotation": [75, 45, 0],
			"translation": [0, 2.5, 0],
			"scale": [0.375, 0.375, 0.375]
		},
		"firstperson_righthand": {
			"rotation": [0, 45, 0],
			"scale": [0.4, 0.4, 0.4]
		},
		"firstperson_lefthand": {
			"rotation": [0, 225, 0],
			"scale": [0.4, 0.4, 0.4]
		},
		"ground": {
			"translation": [0, 3, 0],
			"scale": [0.25, 0.25, 0.25]
		},
		"gui": {
			"rotation": [30, 225, 0],
			"translation": [-0.25, -0.75, 0],
			"scale": [0.45, 0.45, 0.45]
		},
		"fixed": {
			"rotation": [-90, 90, 0],
			"translation": [13.31, 10.5, 51.6],
			"scale": [4, 4, 4]
		}
	},
	"groups": [
		{
			"name": "group",
			"origin": [8, 8, 8],
			"children": [0, 1, 2, 3, 4, 5, 6, 7]
		},
		{
			"name": "group",
			"origin": [8, 8, 8],
			"children": [8, 9, 10, 11, 12, 13, 14, 15, 16, 17]
		}
	]
}