{
	"credit": "Made with Blockbench",
	"parent": "minecraft:block/cube_all",
	"texture_size": [64, 64],
	"textures": {
		"0": "item/jj_zhulianzi",
		"particle": "item/jj_zhulianzi"
	},
	"elements": [
		{
			"from": [8, -1, -16],
			"to": [9, 31, 32],
			"rotation": {"angle": 0, "axis": "z", "origin": [15, 23, -8]},
			"faces": {
				"north": {"uv": [11.75, 0, 12, 8], "rotation": 180, "texture": "#0"},
				"east": {"uv": [0, 0, 12, 8], "texture": "#0"},
				"south": {"uv": [0, 0, 0.25, 8], "rotation": 180, "texture": "#0"},
				"west": {"uv": [0, 0, 12, 8], "rotation": 180, "texture": "#0"},
				"up": {"uv": [0, 0, 12, 0.25], "rotation": 270, "texture": "#0"},
				"down": {"uv": [12, 0.25, 0, 0], "rotation": 90, "texture": "#0"}
			}
		},
		{
			"from": [9, -1, -16],
			"to": [8, 31, 32],
			"rotation": {"angle": 0, "axis": "z", "origin": [16, 23, -8]},
			"faces": {
				"north": {"uv": [11.75, 0, 12, 8], "texture": "#0"},
				"east": {"uv": [0, 0, 12, 8], "rotation": 180, "texture": "#0"},
				"south": {"uv": [0, 0, 0.25, 8], "texture": "#0"},
				"west": {"uv": [0, 0, 12, 8], "texture": "#0"},
				"up": {"uv": [0, 0, 12, 0.25], "rotation": 270, "texture": "#0"},
				"down": {"uv": [12, 0.25, 0, 0], "rotation": 90, "texture": "#0"}
			}
		}
	],
	"display": {
		"gui": {
			"rotation": [30, 225, 0],
			"scale": [0.27, 0.27, 0.27]
		},
		"fixed": {
			"rotation": [-90, 90, 0],
			"translation": [16, 34, 41],
			"scale": [2, 2, 2]
		}
	}
}