{
	"credit": "Made with Blockbench",
	"parent": "minecraft:block/cube_all",
	"texture_size": [64, 64],
	"textures": {
		"0": "item/jj_yunshan_zhuotui",
		"particle": "item/jj_yunshan_zhuotui"
	},
	"elements": [
		{
			"from": [13, -3, -4],
			"to": [15, 30, -2],
			"rotation": {"angle": 22.5, "axis": "x", "origin": [21, 5, 4]},
			"faces": {
				"north": {"uv": [7, 3.75, 6.5, 12], "texture": "#0"},
				"east": {"uv": [6.5, 3.75, 7, 12], "texture": "#0"},
				"south": {"uv": [6.5, 3.75, 7, 12], "texture": "#0"},
				"west": {"uv": [6.5, 3.75, 7, 12], "texture": "#0"},
				"up": {"uv": [7.25, 11.5, 7.75, 12], "texture": "#0"},
				"down": {"uv": [7.25, 11.5, 7.75, 12], "texture": "#0"}
			}
		},
		{
			"from": [13, -3, 18],
			"to": [15, 30, 20],
			"rotation": {"angle": -22.5, "axis": "x", "origin": [21, 5, 12]},
			"faces": {
				"north": {"uv": [7, 3.75, 6.5, 12], "texture": "#0"},
				"east": {"uv": [7, 3.75, 6.5, 12], "texture": "#0"},
				"south": {"uv": [6.5, 3.75, 7, 12], "texture": "#0"},
				"west": {"uv": [7, 3.75, 6.5, 12], "texture": "#0"},
				"up": {"uv": [7.25, 12, 7.75, 11.5], "texture": "#0"},
				"down": {"uv": [7.25, 12, 7.75, 11.5], "texture": "#0"}
			}
		},
		{
			"from": [1, -3, -4],
			"to": [3, 30, -2],
			"rotation": {"angle": 22.5, "axis": "x", "origin": [-5, 5, 4]},
			"faces": {
				"north": {"uv": [7, 3.75, 6.5, 12], "texture": "#0"},
				"east": {"uv": [7, 3.75, 6.5, 12], "texture": "#0"},
				"south": {"uv": [7, 3.75, 6.5, 12], "texture": "#0"},
				"west": {"uv": [7, 3.75, 6.5, 12], "texture": "#0"},
				"up": {"uv": [7.75, 11.5, 7.25, 12], "texture": "#0"},
				"down": {"uv": [7.75, 11.5, 7.25, 12], "texture": "#0"}
			}
		},
		{
			"from": [1, -3, 18],
			"to": [3, 30, 20],
			"rotation": {"angle": -22.5, "axis": "x", "origin": [-5, 5, 12]},
			"faces": {
				"north": {"uv": [6.5, 3.75, 7, 12], "texture": "#0"},
				"east": {"uv": [6.5, 3.75, 7, 12], "texture": "#0"},
				"south": {"uv": [6.5, 3.75, 7, 12], "texture": "#0"},
				"west": {"uv": [6.5, 3.75, 7, 12], "texture": "#0"},
				"up": {"uv": [7.75, 12, 7.25, 11.5], "texture": "#0"},
				"down": {"uv": [7.75, 12, 7.25, 11.5], "texture": "#0"}
			}
		},
		{
			"from": [2, 7, -5.25],
			"to": [14, 9, 0.75],
			"rotation": {"angle": 0, "axis": "y", "origin": [21, 13, 2.75]},
			"faces": {
				"north": {"uv": [0, 12.75, 3, 13.25], "texture": "#0"},
				"east": {"uv": [0, 12.75, 1.5, 13.25], "texture": "#0"},
				"south": {"uv": [0, 12.75, 3, 13.25], "texture": "#0"},
				"west": {"uv": [0, 12.75, 1.5, 13.25], "texture": "#0"},
				"up": {"uv": [0, 12.5, 3, 14], "rotation": 180, "texture": "#0"},
				"down": {"uv": [0, 14.25, 3, 15.75], "texture": "#0"}
			}
		},
		{
			"from": [2, 7, 15.25],
			"to": [14, 9, 21.25],
			"rotation": {"angle": 0, "axis": "y", "origin": [21, 13, 13.25]},
			"faces": {
				"north": {"uv": [3, 12.75, 0, 13.25], "texture": "#0"},
				"east": {"uv": [1.5, 12.75, 0, 13.25], "texture": "#0"},
				"south": {"uv": [3, 12.75, 0, 13.25], "texture": "#0"},
				"west": {"uv": [1.5, 12.75, 0, 13.25], "texture": "#0"},
				"up": {"uv": [0, 14, 3, 12.5], "rotation": 180, "texture": "#0"},
				"down": {"uv": [0, 15.75, 3, 14.25], "texture": "#0"}
			}
		},
		{
			"from": [2, 15, -2.25],
			"to": [14, 17, 3.75],
			"rotation": {"angle": 0, "axis": "y", "origin": [21, 21, 5.75]},
			"faces": {
				"north": {"uv": [0, 12.75, 3, 13.25], "texture": "#0"},
				"east": {"uv": [0, 12.75, 1.5, 13.25], "texture": "#0"},
				"south": {"uv": [0, 12.75, 3, 13.25], "texture": "#0"},
				"west": {"uv": [0, 12.75, 1.5, 13.25], "texture": "#0"},
				"up": {"uv": [0, 12.5, 3, 14], "rotation": 180, "texture": "#0"},
				"down": {"uv": [0, 14.25, 3, 15.75], "texture": "#0"}
			}
		},
		{
			"from": [2, 15, 12.25],
			"to": [14, 17, 18.25],
			"rotation": {"angle": 0, "axis": "y", "origin": [21, 21, 10.25]},
			"faces": {
				"north": {"uv": [3, 12.75, 0, 13.25], "texture": "#0"},
				"east": {"uv": [1.5, 12.75, 0, 13.25], "texture": "#0"},
				"south": {"uv": [3, 12.75, 0, 13.25], "texture": "#0"},
				"west": {"uv": [1.5, 12.75, 0, 13.25], "texture": "#0"},
				"up": {"uv": [0, 14, 3, 12.5], "rotation": 180, "texture": "#0"},
				"down": {"uv": [0, 15.75, 3, 14.25], "texture": "#0"}
			}
		},
		{
			"from": [2, 22, 0.75],
			"to": [14, 24, 6.75],
			"rotation": {"angle": 0, "axis": "y", "origin": [21, 28, 8.75]},
			"faces": {
				"north": {"uv": [0, 12.75, 3, 13.25], "texture": "#0"},
				"east": {"uv": [0, 12.75, 1.5, 13.25], "texture": "#0"},
				"south": {"uv": [0, 12.75, 3, 13.25], "texture": "#0"},
				"west": {"uv": [0, 12.75, 1.5, 13.25], "texture": "#0"},
				"up": {"uv": [0, 12.5, 3, 14], "rotation": 180, "texture": "#0"},
				"down": {"uv": [0, 14.25, 3, 15.75], "texture": "#0"}
			}
		},
		{
			"from": [2, 22, 9.25],
			"to": [14, 24, 15.25],
			"rotation": {"angle": 0, "axis": "y", "origin": [21, 28, 7.25]},
			"faces": {
				"north": {"uv": [3, 12.75, 0, 13.25], "texture": "#0"},
				"east": {"uv": [1.5, 12.75, 0, 13.25], "texture": "#0"},
				"south": {"uv": [3, 12.75, 0, 13.25], "texture": "#0"},
				"west": {"uv": [1.5, 12.75, 0, 13.25], "texture": "#0"},
				"up": {"uv": [0, 14, 3, 12.5], "rotation": 180, "texture": "#0"},
				"down": {"uv": [0, 15.75, 3, 14.25], "texture": "#0"}
			}
		},
		{
			"from": [-0.25, 30, 4],
			"to": [16.25, 32, 12],
			"rotation": {"angle": 0, "axis": "y", "origin": [21, 36, 13]},
			"faces": {
				"north": {"uv": [3.25, 14.25, 7.25, 14.75], "texture": "#0"},
				"east": {"uv": [3.5, 14.25, 5.5, 14.75], "texture": "#0"},
				"south": {"uv": [3.25, 14.25, 7.25, 14.75], "texture": "#0"},
				"west": {"uv": [3.5, 14.25, 5.5, 14.75], "texture": "#0"},
				"up": {"uv": [3.25, 14, 7.25, 16], "rotation": 180, "texture": "#0"},
				"down": {"uv": [3.25, 14, 7.25, 16], "texture": "#0"}
			}
		}
	],
	"display": {
		"thirdperson_righthand": {
			"rotation": [70, 56, 0],
			"translation": [-0.75, 1.5, -6.75],
			"scale": [0.55, 0.55, 0.55]
		},
		"thirdperson_lefthand": {
			"rotation": [70, 56, 0],
			"translation": [-0.75, 1.5, -6.75],
			"scale": [0.55, 0.55, 0.55]
		},
		"firstperson_righthand": {
			"translation": [0, -3, 0],
			"scale": [0.4, 0.4, 0.4]
		},
		"firstperson_lefthand": {
			"translation": [0, -3, 0],
			"scale": [0.4, 0.4, 0.4]
		},
		"gui": {
			"rotation": [30, 225, 0],
			"translation": [0, -1.75, 0],
			"scale": [0.4, 0.4, 0.4]
		},
		"fixed": {
			"rotation": [-90, 0, 0],
			"translation": [0, 0, -14],
			"scale": [2, 2, 2]
		}
	}
}