{
	"credit": "Made with Blockbench",
	"texture_size": [32, 32],
	"textures": {
		"0": "item/chxx_guiyu",
		"particle": "item/chxx_guiyu"
	},
	"elements": [
		{
			"from": [16, 1, 8],
			"to": [19, 5, 10],
			"rotation": {"angle": 0, "axis": "y", "origin": [26, 9, 17]},
			"faces": {
				"north": {"uv": [8, 0, 9.5, 2], "texture": "#0"},
				"east": {"uv": [8, 6, 9, 8], "texture": "#0"},
				"south": {"uv": [8, 2, 9.5, 4], "texture": "#0"},
				"west": {"uv": [9, 9, 10, 11], "texture": "#0"},
				"up": {"uv": [10.5, 7, 9, 6], "texture": "#0"},
				"down": {"uv": [10.5, 7, 9, 8], "texture": "#0"}
			}
		},
		{
			"from": [-6, 0.5, 9],
			"to": [0, 5.5, 9],
			"rotation": {"angle": 0, "axis": "y", "origin": [7, 9.5, 19]},
			"faces": {
				"north": {"uv": [0, 8, 3, 10.5], "texture": "#0"},
				"south": {"uv": [3, 8, 6, 10.5], "texture": "#0"}
			}
		},
		{
			"from": [0, 0.5, 7.5],
			"to": [16, 5.5, 10.5],
			"rotation": {"angle": 0, "axis": "y", "origin": [23, 9.5, 17.5]},
			"faces": {
				"north": {"uv": [0, 0, 8, 2.5], "texture": "#0"},
				"east": {"uv": [6, 8, 7.5, 10.5], "texture": "#0"},
				"south": {"uv": [0, 2.5, 8, 5], "texture": "#0"},
				"west": {"uv": [7.5, 8, 9, 10.5], "texture": "#0"},
				"up": {"uv": [8, 6.5, 0, 5], "texture": "#0"},
				"down": {"uv": [8, 6.5, 0, 8], "texture": "#0"}
			}
		},
		{
			"from": [14, 4.10689, -2.2064],
			"to": [16, 4.10689, -0.2064],
			"rotation": {"angle": -45, "axis": "x", "origin": [23, 12.10689, 6.7936]},
			"faces": {
				"up": {"uv": [10, 9, 9, 8], "texture": "#0"},
				"down": {"uv": [10.5, 0, 9.5, 1], "texture": "#0"}
			}
		},
		{
			"from": [14, -7.20681, 13.52011],
			"to": [16, -7.20681, 15.52011],
			"rotation": {"angle": 45, "axis": "x", "origin": [23, 0.79319, 22.52011]},
			"faces": {
				"up": {"uv": [10.5, 2, 9.5, 1], "texture": "#0"},
				"down": {"uv": [10.5, 2, 9.5, 3], "texture": "#0"}
			}
		},
		{
			"from": [6, 5.5, 9],
			"to": [11, 7.5, 9],
			"rotation": {"angle": 0, "axis": "y", "origin": [22, 14.5, 18]},
			"faces": {
				"north": {"uv": [8, 4, 10.5, 5], "texture": "#0"},
				"south": {"uv": [8, 5, 10.5, 6], "texture": "#0"}
			}
		}
	],
	"display": {
		"thirdperson_righthand": {
			"translation": [0, 6.75, 0],
			"scale": [0.8, 0.8, 0.8]
		},
		"thirdperson_lefthand": {
			"translation": [0, 6.75, 0],
			"scale": [0.8, 0.8, 0.8]
		},
		"firstperson_righthand": {
			"rotation": [0, -180, 0],
			"translation": [0, 7, 0],
			"scale": [0.8, 0.8, 0.8]
		},
		"firstperson_lefthand": {
			"translation": [0, 7, 0],
			"scale": [0.8, 0.8, 0.8]
		},
		"ground": {
			"translation": [0, 4, 0],
			"scale": [0.5, 0.5, 0.5]
		},
		"gui": {
			"rotation": [38, -138, 0],
			"translation": [0, 2.75, 0],
			"scale": [0.8, 0.8, 0.8]
		},
		"head": {
			"translation": [0, 17.5, 0],
			"scale": [1.9, 1.9, 1.9]
		},
		"fixed": {
			"translation": [0, 10, -4.35],
			"scale": [1.8, 1.8, 1.8]
		}
	}
}