{
	"credit": "Made with Blockbench",
	"parent": "minecraft:block/cube_all",
	"texture_size": [64, 64],
	"textures": {
		"0": "item/jj_yunshan_zhuotui",
		"particle": "item/jj_yunshan_zhuotui"
	},
	"elements": [
		{
			"from": [-7, 0, -15],
			"to": [-4, 16, -12],
			"rotation": {"angle": 0, "axis": "y", "origin": [3, 8, -6]},
			"faces": {
				"north": {"uv": [3, 0, 3.75, 4], "texture": "#0"},
				"east": {"uv": [2, 0, 2.75, 4], "texture": "#0"},
				"south": {"uv": [1, 0, 1.75, 4], "texture": "#0"},
				"west": {"uv": [0, 0, 0.75, 4], "texture": "#0"},
				"up": {"uv": [1.75, 5, 1, 4.25], "texture": "#0"},
				"down": {"uv": [0.75, 4.25, 0, 5], "texture": "#0"}
			}
		},
		{
			"from": [-7, 0, 28],
			"to": [-4, 16, 31],
			"rotation": {"angle": 0, "axis": "y", "origin": [3, 8, 37]},
			"faces": {
				"north": {"uv": [3, 0, 3.75, 4], "texture": "#0"},
				"east": {"uv": [2, 0, 2.75, 4], "texture": "#0"},
				"south": {"uv": [1, 0, 1.75, 4], "texture": "#0"},
				"west": {"uv": [0, 0, 0.75, 4], "texture": "#0"},
				"up": {"uv": [1.75, 5, 1, 4.25], "texture": "#0"},
				"down": {"uv": [0.75, 4.25, 0, 5], "texture": "#0"}
			}
		},
		{
			"from": [20, 0, 28],
			"to": [23, 16, 31],
			"rotation": {"angle": 0, "axis": "y", "origin": [30, 8, 37]},
			"faces": {
				"north": {"uv": [3, 0, 3.75, 4], "texture": "#0"},
				"east": {"uv": [2, 0, 2.75, 4], "texture": "#0"},
				"south": {"uv": [1, 0, 1.75, 4], "texture": "#0"},
				"west": {"uv": [0, 0, 0.75, 4], "texture": "#0"},
				"up": {"uv": [1.75, 5, 1, 4.25], "texture": "#0"},
				"down": {"uv": [0.75, 4.25, 0, 5], "texture": "#0"}
			}
		},
		{
			"from": [20, 0, -15],
			"to": [23, 16, -12],
			"rotation": {"angle": 0, "axis": "y", "origin": [30, 8, -6]},
			"faces": {
				"north": {"uv": [3, 0, 3.75, 4], "texture": "#0"},
				"east": {"uv": [2, 0, 2.75, 4], "texture": "#0"},
				"south": {"uv": [1, 0, 1.75, 4], "texture": "#0"},
				"west": {"uv": [0, 0, 0.75, 4], "texture": "#0"},
				"up": {"uv": [1.75, 5, 1, 4.25], "texture": "#0"},
				"down": {"uv": [0.75, 4.25, 0, 5], "texture": "#0"}
			}
		},
		{
			"from": [-4, 11, -14],
			"to": [20, 14, -12],
			"rotation": {"angle": 0, "axis": "y", "origin": [19, 20, -6]},
			"faces": {
				"north": {"uv": [9, 0.25, 9.75, 6.25], "rotation": 90, "texture": "#0"},
				"south": {"uv": [9, 0.25, 9.75, 6.25], "rotation": 90, "texture": "#0"},
				"up": {"uv": [2, 11.5, 0, 11], "texture": "#0"},
				"down": {"uv": [2, 10.75, 0, 11.25], "texture": "#0"}
			}
		},
		{
			"from": [-4, 11, 28],
			"to": [20, 14, 30],
			"rotation": {"angle": 0, "axis": "y", "origin": [19, 20, 22]},
			"faces": {
				"north": {"uv": [9.75, 0.25, 9, 6.25], "rotation": 90, "texture": "#0"},
				"south": {"uv": [9.75, 0.25, 9, 6.25], "rotation": 90, "texture": "#0"},
				"up": {"uv": [2, 11, 0, 11.5], "texture": "#0"},
				"down": {"uv": [2, 11.25, 0, 10.75], "texture": "#0"}
			}
		},
		{
			"from": [20, 11, -12],
			"to": [22, 14, 28],
			"rotation": {"angle": 0, "axis": "y", "origin": [14, 20, 19]},
			"faces": {
				"east": {"uv": [9, 0.25, 9.75, 10.25], "rotation": 90, "texture": "#0"},
				"west": {"uv": [9, 0.25, 9.75, 10.25], "rotation": 90, "texture": "#0"},
				"up": {"uv": [2, 11.5, 0, 11], "rotation": 90, "texture": "#0"},
				"down": {"uv": [2, 10.75, 0, 11.25], "rotation": 270, "texture": "#0"}
			}
		},
		{
			"from": [-6, 11, -12],
			"to": [-4, 14, 28],
			"rotation": {"angle": 0, "axis": "y", "origin": [2, 20, 19]},
			"faces": {
				"east": {"uv": [9.75, 0.25, 9, 10.25], "rotation": 90, "texture": "#0"},
				"west": {"uv": [9.75, 0.25, 9, 10.25], "rotation": 90, "texture": "#0"},
				"up": {"uv": [2, 11, 0, 11.5], "rotation": 90, "texture": "#0"},
				"down": {"uv": [2, 11.25, 0, 10.75], "rotation": 270, "texture": "#0"}
			}
		},
		{
			"from": [-8, 14, -16],
			"to": [24, 17, 32],
			"rotation": {"angle": 0, "axis": "y", "origin": [0, 23, -8]},
			"faces": {
				"north": {"uv": [8, 12.75, 16, 13.5], "texture": "#0"},
				"east": {"uv": [8, 12, 7.25, 0], "rotation": 90, "texture": "#0"},
				"south": {"uv": [8, 12, 16, 12.75], "texture": "#0"},
				"west": {"uv": [7.25, 0, 8, 12], "rotation": 270, "texture": "#0"},
				"up": {"uv": [8, 0, 16, 12], "texture": "#0"},
				"down": {"uv": [8, 0, 16, 12], "texture": "#0"}
			}
		}
	],
	"display": {
		"gui": {
			"rotation": [30, 225, 0],
			"scale": [0.27, 0.27, 0.27]
		},
		"fixed": {
			"rotation": [-90, 0, 0],
			"translation": [16, 0, -14],
			"scale": [2, 2, 2]
		}
	}
}