{
  "parent": "minecraft:item/generated",
  "textures": {
    "layer0": "minecraft:item/diamond_helmet"
  },
  "overrides": [
    {
      "model": "minecraft:item/diamond_helmet_quartz_trim",
      "predicate": {
        "trim_type": 0.1
      }
    },
    {
      "model": "minecraft:item/diamond_helmet_iron_trim",
      "predicate": {
        "trim_type": 0.2
      }
    },
    {
      "model": "minecraft:item/diamond_helmet_netherite_trim",
      "predicate": {
        "trim_type": 0.3
      }
    },
    {
      "model": "minecraft:item/diamond_helmet_redstone_trim",
      "predicate": {
        "trim_type": 0.4
      }
    },
    {
      "model": "minecraft:item/diamond_helmet_copper_trim",
      "predicate": {
        "trim_type": 0.5
      }
    },
    {
      "model": "minecraft:item/diamond_helmet_gold_trim",
      "predicate": {
        "trim_type": 0.6
      }
    },
    {
      "model": "minecraft:item/diamond_helmet_emerald_trim",
      "predicate": {
        "trim_type": 0.7
      }
    },
    {
      "model": "minecraft:item/diamond_helmet_diamond_darker_trim",
      "predicate": {
        "trim_type": 0.8
      }
    },
    {
      "model": "minecraft:item/diamond_helmet_lapis_trim",
      "predicate": {
        "trim_type": 0.9
      }
    },
    {
      "model": "minecraft:item/diamond_helmet_amethyst_trim",
      "predicate": {
        "trim_type": 1.0
      }
    },
    {"predicate":{"custom_model_data":99},"model":"item/99"},
    {"predicate":{"custom_model_data":100},"model":"item/100"},

    {"predicate":{"custom_model_data":101},"model":"item/101"},
    {"predicate":{"custom_model_data":102},"model":"item/102"},
    {"predicate":{"custom_model_data":103},"model":"item/103"},
    {"predicate":{"custom_model_data":104},"model":"item/104"},
    {"predicate":{"custom_model_data":105},"model":"item/105"},
    {"predicate":{"custom_model_data":106},"model":"item/106"},
    {"predicate":{"custom_model_data":107},"model":"item/107"},
    {"predicate":{"custom_model_data":108},"model":"item/108"},
    {"predicate":{"custom_model_data":109},"model":"item/109"},
    {"predicate":{"custom_model_data":110},"model":"item/110"},
    {"predicate":{"custom_model_data":111},"model":"item/111"},
    {"predicate":{"custom_model_data":112},"model":"item/112"},
    {"predicate":{"custom_model_data":113},"model":"item/113"},
    {"predicate":{"custom_model_data":114},"model":"item/114"},
    {"predicate":{"custom_model_data":115},"model":"item/115"},
    {"predicate":{"custom_model_data":116},"model":"item/116"},
    {"predicate":{"custom_model_data":117},"model":"item/117"},
    {"predicate":{"custom_model_data":118},"model":"item/118"},
    {"predicate":{"custom_model_data":119},"model":"item/119"},
    {"predicate":{"custom_model_data":120},"model":"item/120"},
    {"predicate":{"custom_model_data":121},"model":"item/121"},
    {"predicate":{"custom_model_data":122},"model":"item/122"},
    {"predicate":{"custom_model_data":123},"model":"item/123"},
    {"predicate":{"custom_model_data":124},"model":"item/124"},
    {"predicate":{"custom_model_data":125},"model":"item/125"},

    {"predicate":{"custom_model_data":126},"model":"item/126"},
    {"predicate":{"custom_model_data":127},"model":"item/99"}
  ]

}