{
	"texture_size": [32, 32],
	"textures": {
		"bsttnan2uu": "item/nan2uu"
	},
	"elements": [
		{
			"from": [3.9, -0.1, 8.4],
			"to": [6.1, 6.1, 10.6],
			"rotation": {"angle": -22.5, "axis": "z", "origin": [5, 5, 8]},
			"faces": {
				"north": {"uv": [13, 13, 14, 16], "texture": "#bsttnan2uu"},
				"east": {"uv": [12, 13, 13, 16], "texture": "#bsttnan2uu"},
				"south": {"uv": [14.5, 13, 15.5, 16], "texture": "#bsttnan2uu"},
				"west": {"uv": [14, 13, 15, 16], "texture": "#bsttnan2uu"},
				"up": {"uv": [14, 13, 13, 12], "texture": "#bsttnan2uu"},
				"down": {"uv": [15, 12, 14, 13], "texture": "#bsttnan2uu"}
			}
		},
		{
			"from": [3.9845, 6.0928, 8.408],
			"to": [6.1685, -0.0912, 10.592],
			"rotation": {"angle": -22.5, "axis": "z", "origin": [5.07654, 5.18478, 8]},
			"faces": {
				"north": {"uv": [13, 16, 14, 13], "texture": "#bsttnan2uu"},
				"east": {"uv": [12, 16, 13, 13], "texture": "#bsttnan2uu"},
				"south": {"uv": [14.5, 16, 15.5, 13], "texture": "#bsttnan2uu"},
				"west": {"uv": [14, 16, 15, 13], "texture": "#bsttnan2uu"},
				"up": {"uv": [15, 13, 14, 12], "texture": "#bsttnan2uu"},
				"down": {"uv": [14, 12, 13, 13], "texture": "#bsttnan2uu"}
			}
		},
		{
			"from": [4, 0, 8.5],
			"to": [6, 6, 10.5],
			"rotation": {"angle": -22.5, "axis": "z", "origin": [5, 5, 8]},
			"faces": {
				"north": {"uv": [9, 13, 10, 16], "texture": "#bsttnan2uu"},
				"east": {"uv": [8, 13, 9, 16], "texture": "#bsttnan2uu"},
				"south": {"uv": [10.5, 13, 11.5, 16], "texture": "#bsttnan2uu"},
				"west": {"uv": [10, 13, 11, 16], "texture": "#bsttnan2uu"},
				"up": {"uv": [10, 13, 9, 12], "texture": "#bsttnan2uu"},
				"down": {"uv": [10.5, 12, 10, 13], "texture": "#bsttnan2uu"}
			}
		},
		{
			"from": [3.9, -0.1, 8.4],
			"to": [6.1, 6.1, 10.6],
			"rotation": {"angle": -22.5, "axis": "z", "origin": [5, 5, 8]},
			"faces": {
				"north": {"uv": [13, 13, 14, 16], "texture": "#bsttnan2uu"},
				"east": {"uv": [12, 13, 13, 16], "texture": "#bsttnan2uu"},
				"south": {"uv": [15, 13, 16, 16], "texture": "#bsttnan2uu"},
				"west": {"uv": [14, 13, 15, 16], "texture": "#bsttnan2uu"},
				"up": {"uv": [14, 13, 13, 12], "texture": "#bsttnan2uu"},
				"down": {"uv": [15, 12, 14, 13], "texture": "#bsttnan2uu"}
			}
		},
		{
			"from": [3.9845, 6.0928, 8.408],
			"to": [6.1685, -0.0912, 10.592],
			"rotation": {"angle": -22.5, "axis": "z", "origin": [5.07654, 5.18478, 8]},
			"faces": {
				"north": {"uv": [13, 16, 14, 13], "texture": "#bsttnan2uu"},
				"east": {"uv": [12, 16, 13, 13], "texture": "#bsttnan2uu"},
				"south": {"uv": [15, 16, 16, 13], "texture": "#bsttnan2uu"},
				"west": {"uv": [14, 16, 15, 13], "texture": "#bsttnan2uu"},
				"up": {"uv": [15, 13, 14, 12], "texture": "#bsttnan2uu"},
				"down": {"uv": [14, 12, 13, 13], "texture": "#bsttnan2uu"}
			}
		},
		{
			"from": [4, 0, 8.5],
			"to": [6, 6, 10.5],
			"rotation": {"angle": -22.5, "axis": "z", "origin": [5, 5, 8]},
			"faces": {
				"north": {"uv": [9, 13, 10, 16], "texture": "#bsttnan2uu"},
				"east": {"uv": [8, 13, 9, 16], "texture": "#bsttnan2uu"},
				"south": {"uv": [11, 13, 12, 16], "texture": "#bsttnan2uu"},
				"west": {"uv": [10, 13, 11, 16], "texture": "#bsttnan2uu"},
				"up": {"uv": [10, 13, 9, 12], "texture": "#bsttnan2uu"},
				"down": {"uv": [11, 12, 10, 13], "texture": "#bsttnan2uu"}
			}
		},
		{
			"from": [9.9, -0.1, 8.4],
			"to": [12.1, 6.1, 10.6],
			"rotation": {"angle": 22.5, "axis": "z", "origin": [11, 5, 8]},
			"faces": {
				"north": {"uv": [11, 9, 12, 12], "texture": "#bsttnan2uu"},
				"east": {"uv": [10, 9, 11, 12], "texture": "#bsttnan2uu"},
				"south": {"uv": [12.5, 9, 13.5, 12], "texture": "#bsttnan2uu"},
				"west": {"uv": [12, 9, 13, 12], "texture": "#bsttnan2uu"},
				"up": {"uv": [12, 9, 11, 8], "texture": "#bsttnan2uu"},
				"down": {"uv": [13, 8, 12, 9], "texture": "#bsttnan2uu"}
			}
		},
		{
			"from": [7.5354, 5.636, 8.408],
			"to": [9.7194, -0.548, 10.592],
			"rotation": {"angle": 22.5, "axis": "z", "origin": [8.62736, 10.72805, 8]},
			"faces": {
				"north": {"uv": [11, 12, 12, 9], "texture": "#bsttnan2uu"},
				"east": {"uv": [10, 12, 11, 9], "texture": "#bsttnan2uu"},
				"south": {"uv": [12.5, 12, 13.5, 9], "texture": "#bsttnan2uu"},
				"west": {"uv": [12, 12, 13, 9], "texture": "#bsttnan2uu"},
				"up": {"uv": [13, 9, 12, 8], "texture": "#bsttnan2uu"},
				"down": {"uv": [12, 8, 11, 9], "texture": "#bsttnan2uu"}
			}
		},
		{
			"from": [10, 0, 8.5],
			"to": [12, 6, 10.5],
			"rotation": {"angle": 22.5, "axis": "z", "origin": [11, 5, 8]},
			"faces": {
				"north": {"uv": [11, 5, 12, 8], "texture": "#bsttnan2uu"},
				"east": {"uv": [10, 5, 11, 8], "texture": "#bsttnan2uu"},
				"south": {"uv": [12.5, 5, 13.5, 8], "texture": "#bsttnan2uu"},
				"west": {"uv": [12, 5, 13, 8], "texture": "#bsttnan2uu"},
				"up": {"uv": [12, 5, 11, 4], "texture": "#bsttnan2uu"},
				"down": {"uv": [12.5, 4, 12, 5], "texture": "#bsttnan2uu"}
			}
		},
		{
			"from": [9.9, -0.1, 8.4],
			"to": [12.1, 6.1, 10.6],
			"rotation": {"angle": 22.5, "axis": "z", "origin": [11, 5, 8]},
			"faces": {
				"north": {"uv": [11, 9, 12, 12], "texture": "#bsttnan2uu"},
				"east": {"uv": [10, 9, 11, 12], "texture": "#bsttnan2uu"},
				"south": {"uv": [13, 9, 14, 12], "texture": "#bsttnan2uu"},
				"west": {"uv": [12, 9, 13, 12], "texture": "#bsttnan2uu"},
				"up": {"uv": [12, 9, 11, 8], "texture": "#bsttnan2uu"},
				"down": {"uv": [13, 8, 12, 9], "texture": "#bsttnan2uu"}
			}
		},
		{
			"from": [7.5354, 5.636, 8.408],
			"to": [9.7194, -0.548, 10.592],
			"rotation": {"angle": 22.5, "axis": "z", "origin": [8.62736, 10.72805, 8]},
			"faces": {
				"north": {"uv": [11, 12, 12, 9], "texture": "#bsttnan2uu"},
				"east": {"uv": [10, 12, 11, 9], "texture": "#bsttnan2uu"},
				"south": {"uv": [13, 12, 14, 9], "texture": "#bsttnan2uu"},
				"west": {"uv": [12, 12, 13, 9], "texture": "#bsttnan2uu"},
				"up": {"uv": [13, 9, 12, 8], "texture": "#bsttnan2uu"},
				"down": {"uv": [12, 8, 11, 9], "texture": "#bsttnan2uu"}
			}
		},
		{
			"from": [10, 0, 8.5],
			"to": [12, 6, 10.5],
			"rotation": {"angle": 22.5, "axis": "z", "origin": [11, 5, 8]},
			"faces": {
				"north": {"uv": [11, 5, 12, 8], "texture": "#bsttnan2uu"},
				"east": {"uv": [10, 5, 11, 8], "texture": "#bsttnan2uu"},
				"south": {"uv": [13, 5, 14, 8], "texture": "#bsttnan2uu"},
				"west": {"uv": [12, 5, 13, 8], "texture": "#bsttnan2uu"},
				"up": {"uv": [12, 5, 11, 4], "texture": "#bsttnan2uu"},
				"down": {"uv": [13, 4, 12, 5], "texture": "#bsttnan2uu"}
			}
		},
		{
			"from": [5.5, -0.1, 8],
			"to": [10.5, 6.1, 11],
			"faces": {
				"north": {"uv": [5, 9, 7, 12], "texture": "#bsttnan2uu"},
				"east": {"uv": [4, 9, 5, 12], "texture": "#bsttnan2uu"},
				"south": {"uv": [8, 9, 10, 12], "texture": "#bsttnan2uu"},
				"west": {"uv": [7, 9, 8, 12], "texture": "#bsttnan2uu"},
				"up": {"uv": [5, 8, 7, 9], "texture": "#bsttnan2uu"},
				"down": {"uv": [7, 9, 9, 8], "texture": "#bsttnan2uu"}
			}
		},
		{
			"from": [5.508, 6.108, 8.008],
			"to": [10.492, -0.076, 10.992],
			"faces": {
				"north": {"uv": [5, 12, 7, 9], "texture": "#bsttnan2uu"},
				"east": {"uv": [4, 12, 5, 9], "texture": "#bsttnan2uu"},
				"south": {"uv": [8, 12, 10, 9], "texture": "#bsttnan2uu"},
				"west": {"uv": [7, 12, 8, 9], "texture": "#bsttnan2uu"},
				"up": {"uv": [7, 8, 9, 9], "texture": "#bsttnan2uu"},
				"down": {"uv": [5, 9, 7, 8], "texture": "#bsttnan2uu"}
			}
		},
		{
			"from": [5.6, 0, 8.1],
			"to": [10.4, 6, 10.9],
			"faces": {
				"north": {"uv": [5, 5, 7, 8], "texture": "#bsttnan2uu"},
				"east": {"uv": [4, 5, 5, 8], "texture": "#bsttnan2uu"},
				"south": {"uv": [8, 5, 10, 8], "texture": "#bsttnan2uu"},
				"west": {"uv": [7, 5, 8, 8], "texture": "#bsttnan2uu"},
				"up": {"uv": [5, 4, 7, 5], "texture": "#bsttnan2uu", "cullface": "up"},
				"down": {"uv": [7, 5, 9, 4], "texture": "#bsttnan2uu"}
			}
		},
		{
			"from": [8, 0.003, 2.1],
			"to": [10, 2.003, 8.1],
			"rotation": {"angle": -22.5, "axis": "y", "origin": [8, 1.003, 8.1]},
			"faces": {
				"north": {"uv": [7, 12, 6, 13], "rotation": 180, "texture": "#bsttnan2uu"},
				"east": {"uv": [0, 5, 1, 8], "rotation": 270, "texture": "#bsttnan2uu"},
				"south": {"uv": [2, 5, 1, 4], "texture": "#bsttnan2uu"},
				"west": {"uv": [2, 5, 3, 8], "rotation": 90, "texture": "#bsttnan2uu"},
				"up": {"uv": [1, 5, 2, 8], "rotation": 180, "texture": "#bsttnan2uu"},
				"down": {"uv": [4, 8, 3, 5], "rotation": 180, "texture": "#bsttnan2uu"}
			}
		},
		{
			"from": [5.5354, -0.089, 7.736],
			"to": [7.7194, 2.095, 1.552],
			"rotation": {"angle": -22.5, "axis": "y", "origin": [5.62736, 1.003, 13.82805]},
			"faces": {
				"north": {"uv": [2, 12, 1, 13], "texture": "#bsttnan2uu"},
				"east": {"uv": [0, 12, 1, 9], "rotation": 270, "texture": "#bsttnan2uu"},
				"south": {"uv": [3, 13, 2, 12], "texture": "#bsttnan2uu"},
				"west": {"uv": [2, 12, 3, 9], "rotation": 90, "texture": "#bsttnan2uu"},
				"up": {"uv": [1, 12, 2, 9], "rotation": 180, "texture": "#bsttnan2uu"},
				"down": {"uv": [4, 9, 3, 12], "rotation": 180, "texture": "#bsttnan2uu"}
			}
		},
		{
			"from": [7.9, -0.097, 2],
			"to": [10.1, 2.103, 8.2],
			"rotation": {"angle": -22.5, "axis": "y", "origin": [8, 1.003, 8.1]},
			"faces": {
				"north": {"uv": [3, 12, 2, 13], "texture": "#bsttnan2uu"},
				"east": {"uv": [0, 9, 1, 12], "rotation": 270, "texture": "#bsttnan2uu"},
				"south": {"uv": [2, 13, 1, 12], "texture": "#bsttnan2uu"},
				"west": {"uv": [2, 9, 3, 12], "rotation": 90, "texture": "#bsttnan2uu"},
				"up": {"uv": [1, 9, 2, 12], "rotation": 180, "texture": "#bsttnan2uu"},
				"down": {"uv": [4, 12, 3, 9], "rotation": 180, "texture": "#bsttnan2uu"}
			}
		},
		{
			"from": [5.9, -0.097, 2],
			"to": [8.1, 2.103, 8.2],
			"rotation": {"angle": 22.5, "axis": "y", "origin": [8, 1.003, 8.1]},
			"faces": {
				"north": {"uv": [3, 12, 2, 13], "texture": "#bsttnan2uu"},
				"east": {"uv": [0, 13, 1, 16], "rotation": 270, "texture": "#bsttnan2uu"},
				"south": {"uv": [2, 13, 1, 12], "texture": "#bsttnan2uu"},
				"west": {"uv": [2, 13, 3, 16], "rotation": 90, "texture": "#bsttnan2uu"},
				"up": {"uv": [1, 13, 2, 16], "rotation": 180, "texture": "#bsttnan2uu"},
				"down": {"uv": [4, 16, 3, 13], "rotation": 180, "texture": "#bsttnan2uu"}
			}
		},
		{
			"from": [8.2806, -0.089, 7.736],
			"to": [10.4646, 2.095, 1.552],
			"rotation": {"angle": 22.5, "axis": "y", "origin": [10.37264, 1.003, 13.82805]},
			"faces": {
				"north": {"uv": [2, 12, 1, 13], "texture": "#bsttnan2uu"},
				"east": {"uv": [0, 16, 1, 13], "rotation": 270, "texture": "#bsttnan2uu"},
				"south": {"uv": [3, 13, 2, 12], "texture": "#bsttnan2uu"},
				"west": {"uv": [2, 16, 3, 13], "rotation": 90, "texture": "#bsttnan2uu"},
				"up": {"uv": [1, 16, 2, 13], "rotation": 180, "texture": "#bsttnan2uu"},
				"down": {"uv": [4, 13, 3, 16], "rotation": 180, "texture": "#bsttnan2uu"}
			}
		},
		{
			"from": [6, 0.003, 2.1],
			"to": [8, 2.003, 8.1],
			"rotation": {"angle": 22.5, "axis": "y", "origin": [8, 1.003, 8.1]},
			"faces": {
				"north": {"uv": [7, 12, 6, 13], "rotation": 180, "texture": "#bsttnan2uu"},
				"east": {"uv": [4, 13, 5, 16], "rotation": 270, "texture": "#bsttnan2uu"},
				"south": {"uv": [6, 13, 5, 12], "texture": "#bsttnan2uu"},
				"west": {"uv": [6, 13, 7, 16], "rotation": 90, "texture": "#bsttnan2uu"},
				"up": {"uv": [5, 13, 6, 16], "rotation": 180, "texture": "#bsttnan2uu"},
				"down": {"uv": [8, 16, 7, 13], "rotation": 180, "texture": "#bsttnan2uu"}
			}
		},
		{
			"from": [4, 5.7, 5.5],
			"to": [12, 13.7, 13.5],
			"rotation": {"angle": 0, "axis": "y", "origin": [8, 7.7, 8]},
			"faces": {
				"north": {"uv": [10, 2, 12, 4], "texture": "#bsttnan2uu"},
				"east": {"uv": [8, 2, 10, 4], "texture": "#bsttnan2uu"},
				"south": {"uv": [14, 2, 16, 4], "texture": "#bsttnan2uu"},
				"west": {"uv": [12, 2, 14, 4], "texture": "#bsttnan2uu"},
				"up": {"uv": [12, 2, 10, 0], "texture": "#bsttnan2uu"},
				"down": {"uv": [14, 0, 12, 2], "texture": "#bsttnan2uu"}
			}
		},
		{
			"from": [4.008, 13.708, 5.508],
			"to": [11.992, 5.724, 13.492],
			"rotation": {"angle": 0, "axis": "y", "origin": [8, 7.7, 8]},
			"faces": {
				"north": {"uv": [10, 4, 12, 2], "texture": "#bsttnan2uu"},
				"east": {"uv": [8, 4, 10, 2], "texture": "#bsttnan2uu"},
				"south": {"uv": [14, 4, 16, 2], "texture": "#bsttnan2uu"},
				"west": {"uv": [12, 4, 14, 2], "texture": "#bsttnan2uu"},
				"up": {"uv": [14, 2, 12, 0], "texture": "#bsttnan2uu"},
				"down": {"uv": [12, 0, 10, 2], "texture": "#bsttnan2uu"}
			}
		},
		{
			"from": [4.35, 6.05, 5.85],
			"to": [11.65, 13.35, 13.15],
			"rotation": {"angle": 0, "axis": "y", "origin": [8, 7.7, 8]},
			"faces": {
				"north": {"uv": [2, 2, 4, 4], "texture": "#bsttnan2uu"},
				"east": {"uv": [0, 2, 2, 4], "texture": "#bsttnan2uu"},
				"south": {"uv": [6, 2, 8, 4], "texture": "#bsttnan2uu"},
				"west": {"uv": [4, 2, 6, 4], "texture": "#bsttnan2uu"},
				"up": {"uv": [4, 2, 2, 0], "texture": "#bsttnan2uu"},
				"down": {"uv": [6, 0, 4, 2], "texture": "#bsttnan2uu"}
			}
		}
	],
	"display": {
		"thirdperson_righthand": {
			"rotation": [45, 45, 0],
			"translation": [0, 3, 0],
			"scale": [0.5, 0.5, 0.5]
		},
		"firstperson_righthand": {
			"rotation": [0, 125, 0],
			"translation": [0, 4, 0],
			"scale": [0.45, 0.45, 0.45]
		},
		"firstperson_lefthand": {
			"rotation": [0, 125, 0],
			"translation": [0, 4, 0],
			"scale": [0.45, 0.45, 0.45]
		},
		"ground": {
			"translation": [0, 3, 0],
			"scale": [0.5, 0.5, 0.5]
		},
		"gui": {
			"rotation": [30, 138, 0],
			"scale": [0.625, 0.625, 0.625]
		},
		"head": {
			"translation": [0, 14.25, 0]
		},
		"fixed": {
			"rotation": [90, -180, -180],
			"translation": [0, 0, -8]
		}
	},
	"groups": [
		{
			"name": "group",
			"origin": [5, 5, 8],
			"children": [0, 1, 2]
		},
		{
			"name": "group",
			"origin": [5, 5, 8],
			"children": [3, 4, 5]
		},
		{
			"name": "group",
			"origin": [11, 5, 8],
			"children": [6, 7, 8]
		},
		{
			"name": "group",
			"origin": [11, 5, 8],
			"children": [9, 10, 11]
		},
		{
			"name": "group",
			"origin": [0, 0, 0],
			"children": [12, 13, 14]
		},
		{
			"name": "group",
			"origin": [8, 1.003, 8.1],
			"children": [15, 16, 17]
		},
		{
			"name": "group",
			"origin": [8, 1.003, 8.1],
			"children": [18, 19, 20]
		},
		{
			"name": "group",
			"origin": [0, 0, 0],
			"children": [21, 22, 23]
		}
	]
}