{
	"credit": "Made with Blockbench",
	"textures": {
		"0": "item/shield_glass",
		"particle": "item/shield_glass"
	},
	"elements": [
		{
			"from": [2, 0, 15],
			"to": [14, 22, 16],
			"faces": {
				"north": {"uv": [3.5, 0.25, 6.5, 5.75], "texture": "#0"},
				"east": {"uv": [3.5, 0.25, 3.25, 5.75], "texture": "#0"},
				"south": {"uv": [0.25, 0.25, 3.25, 5.75], "texture": "#0"},
				"west": {"uv": [0.25, 0.25, 0, 5.5], "texture": "#0"},
				"up": {"uv": [0.25, 0.25, 3.25, 0], "texture": "#0"},
				"down": {"uv": [0.25, 5.75, 3.25, 5.5], "texture": "#0"}
			}
		},
		{
			"from": [7, 8, 9],
			"to": [9, 14, 15],
			"rotation": {"angle": 0, "axis": "y", "origin": [15, 16, 7]},
			"faces": {
				"north": {"uv": [10.5, 1.5, 10, 3], "texture": "#0"},
				"east": {"uv": [10, 1.5, 8.5, 3], "texture": "#0"},
				"south": {"uv": [8.5, 1.5, 8, 3], "texture": "#0"},
				"west": {"uv": [8, 1.5, 6.5, 3], "texture": "#0"},
				"up": {"uv": [8, 1.5, 8.5, 0], "texture": "#0"},
				"down": {"uv": [8.5, 1.5, 9, 0], "texture": "#0"}
			}
		}
	],
	"gui_light": "front",
	"display": {
		"thirdperson_righthand": {
			"rotation": [0, 90, 0],
			"translation": [-4, -5, 4]
		},
		"thirdperson_lefthand": {
			"rotation": [0, 90, 0],
			"translation": [-4, -5, 4]
		},
		"firstperson_righthand": {
			"rotation": [0, 180, 5],
			"translation": [-1, -13, 7.25],
			"scale": [1.25, 1.25, 1.25]
		},
		"firstperson_lefthand": {
			"rotation": [0, 180, 5],
			"translation": [-1, -13, 7.25],
			"scale": [1.25, 1.25, 1.25]
		},
		"ground": {
			"scale": [0.25, 0.25, 0.25]
		},
		"gui": {
			"rotation": [15, -25, -5],
			"translation": [2, -0.75, 0],
			"scale": [0.65, 0.65, 0.65]
		},
		"fixed": {
			"rotation": [0, 180, 0],
			"translation": [0, -12, 10],
			"scale": [2, 2, 2]
		}
	}
}