{
	"credit": "Made with Blockbench",
	"texture_size": [64, 64],
	"textures": {
		"0": "item/shield_xiangshu",
		"particle": "item/shield_xiangshu"
	},
	"elements": [
		{
			"from": [7, 13, 10],
			"to": [9, 14, 15],
			"rotation": {"angle": 0, "axis": "y", "origin": [15, 16, 7]},
			"faces": {
				"north": {"uv": [10.5, 1.5, 10, 3], "texture": "#0"},
				"east": {"uv": [10, 1.5, 8.5, 1.75], "texture": "#0"},
				"west": {"uv": [7.75, 1.5, 6.5, 1.75], "texture": "#0"},
				"up": {"uv": [8, 1.5, 8.5, 0], "texture": "#0"},
				"down": {"uv": [8.5, 1.5, 9, 0], "texture": "#0"}
			}
		},
		{
			"from": [7, 8, 10],
			"to": [9, 9, 15],
			"rotation": {"angle": 0, "axis": "y", "origin": [15, 16, 7]},
			"faces": {
				"north": {"uv": [10.5, 1.5, 10, 3], "texture": "#0"},
				"east": {"uv": [10, 1.5, 8.5, 1.75], "texture": "#0"},
				"west": {"uv": [7.75, 1.5, 6.5, 1.75], "texture": "#0"},
				"up": {"uv": [8, 1.5, 8.5, 0], "texture": "#0"},
				"down": {"uv": [8.5, 1.5, 9, 0], "texture": "#0"}
			}
		},
		{
			"from": [7, 8, 9],
			"to": [9, 14, 10],
			"rotation": {"angle": 0, "axis": "y", "origin": [15, 16, 7]},
			"faces": {
				"north": {"uv": [10.5, 1.5, 10, 3], "texture": "#0"},
				"east": {"uv": [8.75, 1.5, 8.5, 3], "texture": "#0"},
				"south": {"uv": [8.5, 1.5, 8, 3], "texture": "#0"},
				"west": {"uv": [6.75, 1.5, 6.5, 3], "texture": "#0"},
				"up": {"uv": [8, 0.25, 8.5, 0], "texture": "#0"},
				"down": {"uv": [8.5, 0.25, 9, 0], "texture": "#0"}
			}
		},
		{
			"from": [8, 16, 12.65],
			"to": [11, 20, 14.65],
			"rotation": {"angle": 22.5, "axis": "x", "origin": [14, 14, 21.65]},
			"faces": {
				"north": {"uv": [1.5, 4.75, 2.25, 5.75], "texture": "#0"},
				"east": {"uv": [2, 2.75, 2.5, 3.75], "texture": "#0"},
				"south": {"uv": [2, 3.5, 2.75, 4.5], "texture": "#0"},
				"west": {"uv": [2.25, 1.5, 2.75, 2.5], "texture": "#0"},
				"up": {"uv": [1.25, 1.75, 2, 2.25], "texture": "#0"},
				"down": {"uv": [0, 0, 2, 2], "texture": "#0"}
			}
		},
		{
			"from": [5, 0, 14],
			"to": [11, 21, 16],
			"rotation": {"angle": 0, "axis": "z", "origin": [14, 8, 23]},
			"faces": {
				"north": {"uv": [8.5, 6.5, 10, 11.75], "texture": "#0"},
				"east": {"uv": [1.25, 6.25, 1.75, 11.5], "texture": "#0"},
				"south": {"uv": [1, 6, 2.5, 11.25], "texture": "#0"},
				"west": {"uv": [1, 6.5, 1.5, 11.75], "texture": "#0"},
				"up": {"uv": [0.75, 0.25, 2.25, 0.75], "texture": "#0"},
				"down": {"uv": [0.75, 11.25, 2.25, 11.75], "texture": "#0"}
			}
		},
		{
			"from": [-1.90715, 2, 14.61521],
			"to": [2.09285, 22, 16.61521],
			"rotation": {"angle": -22.5, "axis": "y", "origin": [5.09285, 8, 23.61521]},
			"faces": {
				"north": {"uv": [10.25, 6, 11.25, 11], "texture": "#0"},
				"east": {"uv": [1.25, 0.25, 1.75, 5.25], "texture": "#0"},
				"south": {"uv": [1.25, 5.25, 2.25, 10.25], "texture": "#0"},
				"west": {"uv": [2.5, 6.25, 3, 11.25], "texture": "#0"},
				"up": {"uv": [0.75, 0.25, 1.75, 0.75], "texture": "#0"},
				"down": {"uv": [1.5, 11.25, 2.5, 11.75], "texture": "#0"}
			}
		},
		{
			"from": [12.9937, 1, 10.02301],
			"to": [16.9937, 22, 12.02301],
			"rotation": {"angle": 22.5, "axis": "y", "origin": [21.9937, 8, 19.02301]},
			"faces": {
				"north": {"uv": [7.25, 6.25, 8.25, 11.5], "texture": "#0"},
				"east": {"uv": [1, 6, 1.5, 11.25], "texture": "#0"},
				"south": {"uv": [2, 5, 3, 10.25], "texture": "#0"},
				"west": {"uv": [2.25, 0.25, 2.75, 5.5], "texture": "#0"},
				"up": {"uv": [2, 0.25, 3, 0.75], "texture": "#0"},
				"down": {"uv": [0.75, 11.25, 1.75, 11.75], "texture": "#0"}
			}
		},
		{
			"from": [12, 18.08658, 11.2806],
			"to": [14, 21.08658, 12.2806],
			"rotation": {"angle": -22.5, "axis": "x", "origin": [21, 26.08658, 15.2806]},
			"faces": {
				"east": {"uv": [0.75, 5.25, 1.5, 5.5], "rotation": 90, "texture": "#0"},
				"west": {"uv": [0, 0, 1, 3], "texture": "#0"},
				"up": {"uv": [1, 5.5, 1.5, 5.75], "texture": "#0"},
				"down": {"uv": [1.5, 5.5, 2, 5.75], "rotation": 180, "texture": "#0"}
			}
		},
		{
			"from": [11, 20, 11.9],
			"to": [14, 23, 14.9],
			"rotation": {"angle": -22.5, "axis": "x", "origin": [21, 28, 19.9]},
			"faces": {
				"north": {"uv": [0, 0, 3, 3], "texture": "#0"},
				"east": {"uv": [0.5, 5.75, 1.25, 6.5], "rotation": 90, "texture": "#0"},
				"south": {"uv": [2.25, 5, 3, 5.75], "texture": "#0"},
				"west": {"uv": [0.75, 4.5, 1.5, 5.25], "rotation": 90, "texture": "#0"},
				"up": {"uv": [1.25, 4.5, 2, 5.25], "texture": "#0"},
				"down": {"uv": [1.75, 5, 2.5, 5.75], "texture": "#0"}
			}
		},
		{
			"from": [13.67153, 18.56719, 13.61926],
			"to": [16.17153, 21.06719, 17.61926],
			"rotation": {"angle": 22.5, "axis": "y", "origin": [21.42153, 46.31719, 21.61926]},
			"faces": {
				"north": {"uv": [0, 0, 2.5, 2.5], "rotation": 270, "texture": "#0"},
				"east": {"uv": [0.5, 6, 1.25, 7.25], "rotation": 90, "texture": "#0"},
				"south": {"uv": [0.75, 5, 1.5, 5.75], "rotation": 90, "texture": "#0"},
				"west": {"uv": [1, 4, 1.75, 5.25], "rotation": 90, "texture": "#0"},
				"up": {"uv": [1.5, 4.5, 2.25, 5.75], "texture": "#0"},
				"down": {"uv": [1, 4.5, 1.75, 5.75], "rotation": 180, "texture": "#0"}
			}
		},
		{
			"from": [7, 20, 19.1],
			"to": [9, 21, 21.1],
			"rotation": {"angle": 22.5, "axis": "x", "origin": [13, 29, 11.1]},
			"faces": {
				"north": {"uv": [15.5, 0.25, 16, 0.5], "texture": "#0"},
				"east": {"uv": [15.5, 0.25, 16, 0.5], "texture": "#0"},
				"south": {"uv": [15.5, 0.25, 16, 0.5], "texture": "#0"},
				"west": {"uv": [15.5, 0.25, 16, 0.5], "texture": "#0"},
				"up": {"uv": [0, 0, 2, 2], "rotation": 270, "texture": "#0"}
			}
		},
		{
			"from": [7, 19.58617, 23.48043],
			"to": [9, 21.58617, 25.48043],
			"rotation": {"angle": 45, "axis": "x", "origin": [13, 29.58617, 15.48043]},
			"faces": {
				"north": {"uv": [15.5, 0.25, 16, 0.75], "texture": "#0"},
				"east": {"uv": [15.5, 0.25, 16, 0.75], "texture": "#0"},
				"south": {"uv": [15.5, 0.25, 16, 0.75], "texture": "#0"},
				"west": {"uv": [15.5, 0.25, 16, 0.75], "rotation": 90, "texture": "#0"},
				"down": {"uv": [15.5, 1, 16, 1.5], "rotation": 90, "texture": "#0"}
			}
		},
		{
			"from": [6, 21, 18.1],
			"to": [10, 23, 22.1],
			"rotation": {"angle": 22.5, "axis": "x", "origin": [13, 29, 11.1]},
			"faces": {
				"north": {"uv": [13.5, 2.75, 14.5, 3.25], "texture": "#0"},
				"east": {"uv": [13, 3, 14, 3.5], "texture": "#0"},
				"south": {"uv": [13.25, 2.75, 14.25, 3.25], "texture": "#0"},
				"west": {"uv": [13.5, 1.75, 14.5, 2.25], "texture": "#0"},
				"up": {"uv": [15, 3, 16, 4], "rotation": 270, "texture": "#0"},
				"down": {"uv": [13.5, 0, 15, 1.5], "rotation": 90, "texture": "#0"}
			}
		},
		{
			"from": [9.5, 8.5, 18],
			"to": [11.5, 10.5, 20],
			"rotation": {"angle": 22.5, "axis": "x", "origin": [18.5, 17.5, 27]},
			"faces": {
				"north": {"uv": [15.5, 0, 16, 0.5], "texture": "#0"},
				"east": {"uv": [15.5, 0, 16, 0.5], "texture": "#0"},
				"south": {"uv": [15.5, 0, 16, 0.5], "texture": "#0"},
				"west": {"uv": [15.5, 0, 16, 0.5], "texture": "#0"},
				"up": {"uv": [15.5, 0, 16, 0.5], "texture": "#0"}
			}
		},
		{
			"from": [9.5, 2.86387, 17.98819],
			"to": [11.5, 4.86387, 19.98819],
			"rotation": {"angle": 45, "axis": "x", "origin": [18.5, 11.86387, 26.98819]},
			"faces": {
				"north": {"uv": [15.5, 0.5, 16, 1], "texture": "#0"},
				"east": {"uv": [15.5, 0.25, 16, 0.75], "texture": "#0"},
				"south": {"uv": [15.5, 0.25, 16, 0.75], "rotation": 90, "texture": "#0"},
				"west": {"uv": [15.5, 0.25, 16, 0.75], "texture": "#0"},
				"down": {"uv": [15.5, 1, 16, 1.5], "texture": "#0"}
			}
		},
		{
			"from": [7.5, 10.5, 16],
			"to": [13.5, 13.5, 22],
			"rotation": {"angle": 22.5, "axis": "x", "origin": [18.5, 17.5, 27]},
			"faces": {
				"north": {"uv": [13.25, 1.75, 15, 2.5], "texture": "#0"},
				"east": {"uv": [12, 2.75, 13.75, 3.5], "texture": "#0"},
				"south": {"uv": [13.25, 1.75, 15, 2.5], "texture": "#0"},
				"west": {"uv": [12, 1.75, 13.5, 2.5], "texture": "#0"},
				"up": {"uv": [12, 0, 13.5, 1.5], "texture": "#0"},
				"down": {"uv": [13.5, 0, 15, 1.5], "texture": "#0"}
			}
		},
		{
			"from": [4.09702, 22.59428, 14.1],
			"to": [10.09702, 25.59428, 16.1],
			"rotation": {"angle": 22.5, "axis": "z", "origin": [17.09702, 30.59428, 22.1]},
			"faces": {
				"north": {"uv": [1.25, 2.25, 2, 3.75], "rotation": 90, "texture": "#0"},
				"east": {"uv": [1.25, 4.75, 1.75, 5.5], "texture": "#0"},
				"south": {"uv": [1.5, 3, 2.25, 4.5], "rotation": 90, "texture": "#0"},
				"west": {"uv": [1, 5, 1.5, 5.75], "texture": "#0"},
				"up": {"uv": [1, 3, 1.5, 4.5], "rotation": 90, "texture": "#0"},
				"down": {"uv": [0, 0, 6, 2], "texture": "#0"}
			}
		},
		{
			"from": [5, 2.05, 12],
			"to": [9, 7.05, 14],
			"rotation": {"angle": -22.5, "axis": "x", "origin": [13, 11.05, 20]},
			"faces": {
				"north": {"uv": [1.25, 10.25, 2.25, 11.5], "texture": "#0"},
				"east": {"uv": [0.75, 10.5, 1.25, 11.75], "texture": "#0"},
				"south": {"uv": [1, 10.25, 2, 11.5], "texture": "#0"},
				"west": {"uv": [0.75, 10, 1.25, 11.25], "texture": "#0"},
				"up": {"uv": [0, 0, 1, 0.5], "texture": "#0"},
				"down": {"uv": [2, 11.25, 3, 11.75], "texture": "#0"}
			}
		},
		{
			"from": [-1.26595, 0, 17.17177],
			"to": [1.73405, 8, 18.17177],
			"rotation": {"angle": -22.5, "axis": "y", "origin": [7.73405, 8, 25.17177]},
			"faces": {
				"north": {"uv": [2, 9.75, 2.75, 11.75], "texture": "#0"},
				"east": {"uv": [2.75, 8, 3, 10], "texture": "#0"},
				"south": {"uv": [0.5, 8.75, 1.25, 10.75], "texture": "#0"},
				"west": {"uv": [2, 8.75, 2.25, 10.75], "texture": "#0"},
				"up": {"uv": [1.25, 8.25, 2, 8.5], "texture": "#0"},
				"down": {"uv": [1.25, 11.5, 2, 11.75], "texture": "#0"}
			}
		},
		{
			"from": [-2.11595, 8.25, 17.12177],
			"to": [2.88405, 22.25, 17.12177],
			"rotation": {"angle": -22.5, "axis": "y", "origin": [5.88405, 22.25, 24.12177]},
			"faces": {
				"north": {"uv": [5, 6, 3.75, 9.5], "texture": "#0"},
				"east": {"uv": [0, 0, 0, 3.5], "texture": "#0"},
				"south": {"uv": [3.75, 6, 5, 9.5], "texture": "#0"},
				"west": {"uv": [0, 0, 0, 3.5], "texture": "#0"},
				"up": {"uv": [0, 0, 1.25, 0], "texture": "#0"},
				"down": {"uv": [0, 0, 1.25, 0], "texture": "#0"}
			}
		},
		{
			"from": [13.11595, 4.25, 17.12177],
			"to": [18.11595, 18.25, 17.12177],
			"rotation": {"angle": 22.5, "axis": "y", "origin": [10.11595, 18.25, 24.12177]},
			"faces": {
				"north": {"uv": [3.75, 6, 5, 9.5], "texture": "#0"},
				"east": {"uv": [0, 0, 0, 3.5], "texture": "#0"},
				"south": {"uv": [5, 6, 3.75, 9.5], "texture": "#0"},
				"west": {"uv": [0, 0, 0, 3.5], "texture": "#0"},
				"up": {"uv": [1.25, 0, 0, 0], "texture": "#0"},
				"down": {"uv": [1.25, 0, 0, 0], "texture": "#0"}
			}
		},
		{
			"from": [-1.21595, 22.25, 14.92177],
			"to": [2.78405, 22.25, 17.32177],
			"rotation": {"angle": -22.5, "axis": "y", "origin": [6.78405, 22.25, 21.92177]},
			"faces": {
				"north": {"uv": [4.75, 6.25, 3.75, 9.25], "texture": "#0"},
				"east": {"uv": [0, 0, 0, 3.5], "texture": "#0"},
				"south": {"uv": [3.75, 6.25, 4.75, 9.25], "texture": "#0"},
				"west": {"uv": [0, 0, 0, 3.5], "texture": "#0"},
				"up": {"uv": [3.75, 6, 4.75, 6.5], "texture": "#0"},
				"down": {"uv": [3.75, 6, 4.75, 6.5], "texture": "#0"}
			}
		},
		{
			"from": [-1.21595, 10.25, 14.92177],
			"to": [2.78405, 22.25, 14.92177],
			"rotation": {"angle": -22.5, "axis": "y", "origin": [6.78405, 22.25, 21.92177]},
			"faces": {
				"north": {"uv": [4.75, 6.25, 3.75, 9.25], "texture": "#0"},
				"east": {"uv": [0, 0, 0, 3.5], "texture": "#0"},
				"south": {"uv": [3.75, 6.25, 4.75, 9.25], "texture": "#0"},
				"west": {"uv": [0, 0, 0, 3.5], "texture": "#0"},
				"up": {"uv": [0, 0, 1.25, 0], "texture": "#0"},
				"down": {"uv": [0, 0, 1.25, 0], "texture": "#0"}
			}
		},
		{
			"from": [-3.11595, 13.25, 16.87177],
			"to": [-0.11595, 16.25, 16.87177],
			"rotation": {"angle": -22.5, "axis": "y", "origin": [4.88405, 21.25, 23.87177]},
			"faces": {
				"north": {"uv": [4.5, 9.75, 3.75, 10.5], "texture": "#0"},
				"east": {"uv": [0, 0, 0, 3.5], "texture": "#0"},
				"south": {"uv": [3.75, 9.75, 4.5, 10.5], "texture": "#0"},
				"west": {"uv": [0, 0, 0, 3.5], "texture": "#0"},
				"up": {"uv": [0, 0, 1.25, 0], "texture": "#0"},
				"down": {"uv": [0, 0, 1.25, 0], "texture": "#0"}
			}
		},
		{
			"from": [-1.11595, 17.25, 14.67177],
			"to": [1.88405, 20.25, 14.67177],
			"rotation": {"angle": -22.5, "axis": "y", "origin": [6.88405, 25.25, 21.67177]},
			"faces": {
				"north": {"uv": [4.5, 9.75, 3.75, 10.5], "texture": "#0"},
				"east": {"uv": [0, 0, 0, 3.5], "texture": "#0"},
				"south": {"uv": [3.75, 9.75, 4.5, 10.5], "texture": "#0"},
				"west": {"uv": [0, 0, 0, 3.5], "texture": "#0"},
				"up": {"uv": [0, 0, 1.25, 0], "texture": "#0"},
				"down": {"uv": [0, 0, 1.25, 0], "texture": "#0"}
			}
		},
		{
			"from": [5.48405, 13.25, 16.57177],
			"to": [8.48405, 16.25, 16.57177],
			"rotation": {"angle": -22.5, "axis": "z", "origin": [13.48405, 21.25, 23.57177]},
			"faces": {
				"north": {"uv": [4.5, 9.75, 3.75, 10.5], "texture": "#0"},
				"east": {"uv": [0, 0, 0, 3.5], "texture": "#0"},
				"south": {"uv": [3.75, 9.75, 4.5, 10.5], "texture": "#0"},
				"west": {"uv": [0, 0, 0, 3.5], "texture": "#0"},
				"up": {"uv": [0, 0, 1.25, 0], "texture": "#0"},
				"down": {"uv": [0, 0, 1.25, 0], "texture": "#0"}
			}
		},
		{
			"from": [7.08405, 9.95, 16.17177],
			"to": [10.08405, 12.95, 16.17177],
			"rotation": {"angle": 22.5, "axis": "z", "origin": [15.08405, 17.95, 23.17177]},
			"faces": {
				"north": {"uv": [4.5, 9.75, 3.75, 10.5], "texture": "#0"},
				"east": {"uv": [0, 0, 0, 3.5], "texture": "#0"},
				"south": {"uv": [3.75, 9.75, 4.5, 10.5], "texture": "#0"},
				"west": {"uv": [0, 0, 0, 3.5], "texture": "#0"},
				"up": {"uv": [0, 0, 1.25, 0], "texture": "#0"},
				"down": {"uv": [0, 0, 1.25, 0], "texture": "#0"}
			}
		},
		{
			"from": [-0.41595, 6.25, 18.17177],
			"to": [2.58405, 9.25, 18.17177],
			"rotation": {"angle": -22.5, "axis": "y", "origin": [7.58405, 14.25, 25.17177]},
			"faces": {
				"north": {"uv": [4.5, 9.75, 3.75, 10.5], "texture": "#0"},
				"east": {"uv": [0, 0, 0, 3.5], "texture": "#0"},
				"south": {"uv": [3.75, 9.75, 4.5, 10.5], "texture": "#0"},
				"west": {"uv": [0, 0, 0, 3.5], "texture": "#0"},
				"up": {"uv": [0, 0, 1.25, 0], "texture": "#0"},
				"down": {"uv": [0, 0, 1.25, 0], "texture": "#0"}
			}
		},
		{
			"from": [3.18405, 10.1, 15.92177],
			"to": [3.18405, 13.1, 18.92177],
			"rotation": {"angle": -22.5, "axis": "y", "origin": [10.18405, 18.1, 10.92177]},
			"faces": {
				"north": {"uv": [0, 0, 0, 3.5], "texture": "#0"},
				"east": {"uv": [3.75, 9.75, 4.5, 10.5], "texture": "#0"},
				"south": {"uv": [0, 0, 0, 3.5], "texture": "#0"},
				"west": {"uv": [4.5, 9.75, 3.75, 10.5], "texture": "#0"},
				"up": {"uv": [0, 0, 1.25, 0], "rotation": 270, "texture": "#0"},
				"down": {"uv": [0, 0, 1.25, 0], "rotation": 90, "texture": "#0"}
			}
		},
		{
			"from": [0.00098, 19.75, 12.44657],
			"to": [4.00098, 23.75, 12.44657],
			"rotation": {"angle": -22.5, "axis": "x", "origin": [8.00098, 30.75, 20.44657]},
			"faces": {
				"north": {"uv": [6.75, 6, 5.75, 7], "texture": "#0"},
				"east": {"uv": [0, 0, 0, 1], "texture": "#0"},
				"south": {"uv": [5.75, 6, 6.75, 7], "texture": "#0"},
				"west": {"uv": [0, 0, 0, 1], "texture": "#0"},
				"up": {"uv": [0, 0, 1, 0], "texture": "#0"},
				"down": {"uv": [0, 0, 1, 0], "texture": "#0"}
			}
		},
		{
			"from": [8.10098, 4.75, 12.84657],
			"to": [12.10098, 8.75, 12.84657],
			"rotation": {"angle": -22.5, "axis": "x", "origin": [16.10098, 15.75, 20.84657]},
			"faces": {
				"north": {"uv": [6.75, 6, 5.75, 7], "texture": "#0"},
				"east": {"uv": [0, 0, 0, 1], "texture": "#0"},
				"south": {"uv": [5.75, 6, 6.75, 7], "texture": "#0"},
				"west": {"uv": [0, 0, 0, 1], "texture": "#0"},
				"up": {"uv": [0, 0, 1, 0], "texture": "#0"},
				"down": {"uv": [0, 0, 1, 0], "texture": "#0"}
			}
		},
		{
			"from": [3.90098, 13.85, 12.84657],
			"to": [7.90098, 17.85, 12.84657],
			"rotation": {"angle": -22.5, "axis": "x", "origin": [11.90098, 24.85, 20.84657]},
			"faces": {
				"north": {"uv": [6.75, 7.25, 5.75, 8.25], "texture": "#0"},
				"east": {"uv": [0, 0, 0, 1], "texture": "#0"},
				"south": {"uv": [5.75, 7.25, 6.75, 8.25], "texture": "#0"},
				"west": {"uv": [0, 0, 0, 1], "texture": "#0"},
				"up": {"uv": [0, 0, 1, 0], "texture": "#0"},
				"down": {"uv": [0, 0, 1, 0], "texture": "#0"}
			}
		},
		{
			"from": [4.80098, 8.5, 13.24657],
			"to": [8.80098, 12.5, 13.24657],
			"rotation": {"angle": -22.5, "axis": "x", "origin": [12.80098, 19.5, 21.24657]},
			"faces": {
				"north": {"uv": [6.75, 9.75, 5.75, 10.75], "texture": "#0"},
				"east": {"uv": [0, 0, 0, 1], "texture": "#0"},
				"south": {"uv": [5.75, 9.75, 6.75, 10.75], "texture": "#0"},
				"west": {"uv": [0, 0, 0, 1], "texture": "#0"},
				"up": {"uv": [0, 0, 1, 0], "texture": "#0"},
				"down": {"uv": [0, 0, 1, 0], "texture": "#0"}
			}
		},
		{
			"from": [12.90098, 11.8, 12.24657],
			"to": [16.90098, 15.8, 12.24657],
			"rotation": {"angle": -22.5, "axis": "x", "origin": [20.90098, 22.8, 20.24657]},
			"faces": {
				"north": {"uv": [6.75, 9.75, 5.75, 10.75], "texture": "#0"},
				"east": {"uv": [0, 0, 0, 1], "texture": "#0"},
				"south": {"uv": [5.75, 9.75, 6.75, 10.75], "texture": "#0"},
				"west": {"uv": [0, 0, 0, 1], "texture": "#0"},
				"up": {"uv": [0, 0, 1, 0], "texture": "#0"},
				"down": {"uv": [0, 0, 1, 0], "texture": "#0"}
			}
		},
		{
			"from": [0.00098, 11.25, 12.09657],
			"to": [4.00098, 15.25, 12.09657],
			"rotation": {"angle": -22.5, "axis": "x", "origin": [8.00098, 22.25, 20.09657]},
			"faces": {
				"north": {"uv": [6.75, 8.5, 5.75, 9.5], "texture": "#0"},
				"east": {"uv": [0, 0, 0, 1], "texture": "#0"},
				"south": {"uv": [5.75, 8.5, 6.75, 9.5], "texture": "#0"},
				"west": {"uv": [0, 0, 0, 1], "texture": "#0"},
				"up": {"uv": [0, 0, 1, 0], "texture": "#0"},
				"down": {"uv": [0, 0, 1, 0], "texture": "#0"}
			}
		},
		{
			"from": [12.99902, 18.55, 20.70343],
			"to": [16.99902, 22.55, 20.70343],
			"rotation": {"angle": -22.5, "axis": "x", "origin": [8.99902, 11.55, 12.70343]},
			"faces": {
				"north": {"uv": [5.75, 9.5, 6.75, 8.5], "texture": "#0"},
				"east": {"uv": [0, 1, 0, 0], "texture": "#0"},
				"south": {"uv": [6.75, 9.5, 5.75, 8.5], "texture": "#0"},
				"west": {"uv": [0, 1, 0, 0], "texture": "#0"},
				"up": {"uv": [1, 0, 0, 0], "texture": "#0"},
				"down": {"uv": [1, 0, 0, 0], "texture": "#0"}
			}
		},
		{
			"from": [1.17142, 12.25, 10.59407],
			"to": [1.17142, 16.25, 14.59407],
			"rotation": {"angle": 0, "axis": "y", "origin": [-6.82858, 23.25, 18.59407]},
			"faces": {
				"north": {"uv": [0, 0, 0, 1], "texture": "#0"},
				"east": {"uv": [6.75, 8.5, 5.75, 9.5], "texture": "#0"},
				"south": {"uv": [0, 0, 0, 1], "texture": "#0"},
				"west": {"uv": [5.75, 8.5, 6.75, 9.5], "texture": "#0"},
				"up": {"uv": [0, 0, 1, 0], "rotation": 90, "texture": "#0"},
				"down": {"uv": [0, 0, 1, 0], "rotation": 270, "texture": "#0"}
			}
		},
		{
			"from": [7.24299, 6.25, 7.90879],
			"to": [7.24299, 10.25, 11.90879],
			"rotation": {"angle": -45, "axis": "y", "origin": [-0.75701, 17.25, 3.90879]},
			"faces": {
				"north": {"uv": [0, 0, 0, 1], "texture": "#0"},
				"east": {"uv": [5.75, 8.5, 6.75, 9.5], "texture": "#0"},
				"south": {"uv": [0, 0, 0, 1], "texture": "#0"},
				"west": {"uv": [6.75, 8.5, 5.75, 9.5], "texture": "#0"},
				"up": {"uv": [1, 0, 0, 0], "rotation": 90, "texture": "#0"},
				"down": {"uv": [1, 0, 0, 0], "rotation": 270, "texture": "#0"}
			}
		}
	],
	"gui_light": "front",
	"display": {
		"thirdperson_righthand": {
			"rotation": [0, 90, 0],
			"translation": [-4, -5, 4]
		},
		"thirdperson_lefthand": {
			"rotation": [0, 90, 0],
			"translation": [-4, -5, 4]
		},
		"firstperson_righthand": {
			"rotation": [0, 180, 5],
			"translation": [-1, -13, 7.25],
			"scale": [1.25, 1.25, 1.25]
		},
		"firstperson_lefthand": {
			"rotation": [0, 180, 5],
			"translation": [-1, -13, 7.25],
			"scale": [1.25, 1.25, 1.25]
		},
		"ground": {
			"scale": [0.25, 0.25, 0.25]
		},
		"gui": {
			"rotation": [15, -25, -5],
			"translation": [2, -0.75, 0],
			"scale": [0.65, 0.65, 0.65]
		},
		"fixed": {
			"rotation": [0, 180, 0],
			"translation": [0, -12, 9.25],
			"scale": [2, 2, 2]
		}
	}
}