{
	"credit": "Made with Blockbench",
	"parent": "minecraft:block/cross",
	"texture_size": [64, 64],
	"textures": {
		"2": "block/amethyst_shiled",
		"cross": "block/amethyst_cluster_mx"
	},
	"elements": [
		{
			"name": "31",
			"from": [7.844, 8.17185, 17.5935],
			"to": [10.96, 11.06645, 20.4881],
			"rotation": {"angle": 0, "axis": "z", "origin": [4.482, 2.31576, 24.1535]},
			"faces": {
				"east": {"uv": [8, 9, 4, 5], "texture": "#cross"},
				"south": {"uv": [8, 6, 4, 2], "rotation": 270, "texture": "#cross"},
				"west": {"uv": [8, 9, 4, 5], "rotation": 270, "texture": "#cross"},
				"down": {"uv": [8, 6, 4, 2], "rotation": 90, "texture": "#cross"}
			}
		},
		{
			"name": "32",
			"from": [7.78, 9.948, 9.73],
			"to": [11.06, 14.048, 14.93],
			"rotation": {"angle": 45, "axis": "x", "origin": [4.5, 5.848, 14.11]},
			"faces": {
				"north": {"uv": [11, 16, 6, 12], "rotation": 270, "texture": "#cross"},
				"east": {"uv": [10, 11, 5, 4], "rotation": 90, "texture": "#cross"},
				"south": {"uv": [11, 15, 6, 10], "rotation": 270, "texture": "#cross"},
				"west": {"uv": [10, 11, 5, 4], "rotation": 270, "texture": "#cross"},
				"up": {"uv": [9, 11, 5, 4], "texture": "#cross"},
				"down": {"uv": [9, 11, 5, 4], "rotation": 180, "texture": "#cross"}
			}
		},
		{
			"name": "32",
			"from": [12.74931, 16.67322, 17.58897],
			"to": [15.64391, 19.78922, 20.48357],
			"rotation": {"angle": 0, "axis": "z", "origin": [21.5, 13.31122, 24.14897]},
			"faces": {
				"east": {"uv": [8, 6, 4, 2], "texture": "#cross"},
				"south": {"uv": [4, 2, 8, 6], "texture": "#cross"},
				"up": {"uv": [8, 9, 4, 5], "rotation": 270, "texture": "#cross"},
				"down": {"uv": [8, 9, 4, 5], "rotation": 180, "texture": "#cross"}
			}
		},
		{
			"name": "33",
			"from": [9.76322, 16.59122, 8.73],
			"to": [13.86322, 19.87122, 14.93],
			"rotation": {"angle": 45, "axis": "y", "origin": [17.96322, 13.31122, 14.11]},
			"faces": {
				"north": {"uv": [6, 12, 11, 16], "rotation": 180, "texture": "#cross"},
				"east": {"uv": [9, 12, 5, 4], "rotation": 90, "texture": "#cross"},
				"south": {"uv": [6, 10, 11, 15], "texture": "#cross"},
				"west": {"uv": [9, 12, 5, 4], "rotation": 270, "texture": "#cross"},
				"up": {"uv": [10, 12, 5, 4], "texture": "#cross"},
				"down": {"uv": [10, 12, 5, 4], "rotation": 180, "texture": "#cross"}
			}
		},
		{
			"name": "34",
			"from": [7.26678, 4.23878, 17.01],
			"to": [9.54678, 6.33878, 20.21],
			"rotation": {"angle": 22.5, "axis": "y", "origin": [3.98678, 11.43878, 19.39]},
			"faces": {
				"north": {"uv": [6, 16, 11, 12], "rotation": 270, "texture": "#cross"},
				"east": {"uv": [10, 4, 5, 9], "rotation": 270, "texture": "#cross"},
				"south": {"uv": [4, 7, 9, 2], "rotation": 270, "texture": "#cross"},
				"west": {"uv": [10, 4, 5, 9], "rotation": 90, "texture": "#cross"},
				"up": {"uv": [5, 9, 9, 4], "texture": "#cross"},
				"down": {"uv": [5, 9, 9, 4], "rotation": 180, "texture": "#cross"}
			}
		},
		{
			"name": "33",
			"from": [-0.44391, 13.67322, 16.58897],
			"to": [2.45069, 16.78922, 19.48357],
			"rotation": {"angle": 0, "axis": "z", "origin": [-6.3, 10.31122, 23.14897]},
			"faces": {
				"south": {"uv": [8, 2, 4, 6], "texture": "#cross"},
				"west": {"uv": [8, 2, 4, 6], "rotation": 180, "texture": "#cross"},
				"up": {"uv": [8, 5, 4, 9], "rotation": 270, "texture": "#cross"},
				"down": {"uv": [4, 9, 8, 5], "rotation": 180, "texture": "#cross"}
			}
		},
		{
			"name": "34",
			"from": [1.33678, 13.59122, 8.73],
			"to": [5.43678, 16.87122, 13.93],
			"rotation": {"angle": -45, "axis": "y", "origin": [-2.76322, 10.31122, 13.11]},
			"faces": {
				"north": {"uv": [11, 12, 6, 16], "rotation": 180, "texture": "#cross"},
				"east": {"uv": [5, 11, 9, 4], "rotation": 90, "texture": "#cross"},
				"south": {"uv": [11, 10, 6, 15], "texture": "#cross"},
				"west": {"uv": [5, 11, 9, 4], "rotation": 270, "texture": "#cross"},
				"up": {"uv": [5, 11, 10, 4], "texture": "#cross"},
				"down": {"uv": [5, 11, 10, 4], "rotation": 180, "texture": "#cross"}
			}
		},
		{
			"name": "35",
			"from": [2.01322, 7.09122, 13.73],
			"to": [5.11322, 10.37122, 18.93],
			"rotation": {"angle": -22.5, "axis": "z", "origin": [10.21322, 3.81122, 18.11]},
			"faces": {
				"north": {"uv": [6, 12, 11, 16], "rotation": 180, "texture": "#cross"},
				"east": {"uv": [4, 4, 9, 13], "rotation": 270, "texture": "#cross"},
				"south": {"uv": [4, 2, 9, 7], "texture": "#cross"},
				"west": {"uv": [4, 4, 9, 13], "rotation": 90, "texture": "#cross"},
				"up": {"uv": [9, 13, 4, 4], "texture": "#cross"},
				"down": {"uv": [10, 13, 5, 4], "rotation": 180, "texture": "#cross"}
			}
		},
		{
			"name": "41",
			"from": [4.83, 19.56934, 16.87929],
			"to": [7.946, 22.46394, 19.77389],
			"rotation": {"angle": 0, "axis": "z", "origin": [1.468, 28.32003, 23.43929]},
			"faces": {
				"east": {"uv": [8, 5, 4, 9], "texture": "#cross"},
				"south": {"uv": [4, 6, 8, 2], "rotation": 270, "texture": "#cross"},
				"west": {"uv": [4, 9, 8, 5], "rotation": 270, "texture": "#cross"},
				"up": {"uv": [8, 2, 4, 6], "rotation": 270, "texture": "#cross"}
			}
		},
		{
			"name": "42",
			"from": [4.73, 18.002, 9.43],
			"to": [8.01, 22.102, 13.63],
			"rotation": {"angle": -45, "axis": "x", "origin": [1.45, 26.202, 14.81]},
			"faces": {
				"north": {"uv": [6, 16, 11, 12], "rotation": 270, "texture": "#cross"},
				"east": {"uv": [5, 10, 10, 4], "rotation": 90, "texture": "#cross"},
				"south": {"uv": [6, 15, 11, 10], "rotation": 270, "texture": "#cross"},
				"west": {"uv": [5, 10, 10, 4], "rotation": 270, "texture": "#cross"},
				"up": {"uv": [5, 10, 9, 4], "texture": "#cross"},
				"down": {"uv": [5, 10, 9, 4], "rotation": 180, "texture": "#cross"}
			}
		},
		{
			"name": "42",
			"from": [6.33, -0.46394, 16.12929],
			"to": [9.446, 2.43066, 19.02389],
			"rotation": {"angle": 0, "axis": "z", "origin": [2.968, -6.32003, 22.68929]},
			"faces": {
				"east": {"uv": [8, 9, 4, 5], "texture": "#cross"},
				"south": {"uv": [8, 6, 4, 2], "rotation": 270, "texture": "#cross"},
				"west": {"uv": [8, 9, 4, 5], "rotation": 270, "texture": "#cross"},
				"down": {"uv": [4, 2, 8, 6], "rotation": 270, "texture": "#cross"}
			}
		},
		{
			"name": "43",
			"from": [6.23, -0.102, 9.68],
			"to": [9.51, 3.998, 12.88],
			"rotation": {"angle": 45, "axis": "x", "origin": [2.95, -4.202, 14.06]},
			"faces": {
				"north": {"uv": [11, 16, 6, 12], "rotation": 270, "texture": "#cross"},
				"east": {"uv": [10, 9, 5, 4], "rotation": 90, "texture": "#cross"},
				"south": {"uv": [11, 15, 6, 10], "rotation": 270, "texture": "#cross"},
				"west": {"uv": [10, 9, 5, 4], "rotation": 270, "texture": "#cross"},
				"up": {"uv": [5, 4, 9, 9], "rotation": 180, "texture": "#cross"},
				"down": {"uv": [5, 4, 9, 9], "texture": "#cross"}
			}
		},
		{
			"from": [5.6, 12.9, 14.35],
			"to": [9.6, 17.9, 22.35],
			"rotation": {"angle": 0, "axis": "z", "origin": [1.6, 22.9, 21.35]},
			"faces": {
				"north": {"uv": [6, 16, 11, 12], "rotation": 270, "texture": "#cross"},
				"east": {"uv": [5, 12, 10, 4], "rotation": 90, "texture": "#cross"},
				"south": {"uv": [6, 15, 11, 10], "rotation": 270, "texture": "#cross"},
				"west": {"uv": [5, 12, 10, 4], "rotation": 270, "texture": "#cross"},
				"up": {"uv": [5, 12, 9, 4], "texture": "#cross"},
				"down": {"uv": [5, 12, 9, 4], "rotation": 180, "texture": "#cross"}
			}
		},
		{
			"from": [5.7, 6.95675, 24.22828],
			"to": [9.5, 10.48675, 27.75828],
			"rotation": {"angle": 45, "axis": "x", "origin": [1.6, 16.45675, 32.22828]},
			"faces": {
				"east": {"uv": [8, 5, 4, 9], "texture": "#cross"},
				"south": {"uv": [4, 6, 8, 2], "rotation": 270, "texture": "#cross"},
				"west": {"uv": [4, 9, 8, 5], "rotation": 270, "texture": "#cross"},
				"up": {"uv": [8, 2, 4, 6], "rotation": 270, "texture": "#cross"}
			}
		},
		{
			"from": [10.98, 13.4, 10.36],
			"to": [13.22, 15.64, 17.08],
			"rotation": {"angle": 45, "axis": "y", "origin": [15.46, 10.04, 16.52]},
			"faces": {
				"north": {"uv": [11, 12, 6, 16], "rotation": 270, "texture": "#cross"},
				"east": {"uv": [5, 16, 9, 4], "rotation": 90, "texture": "#cross"},
				"south": {"uv": [9, 2, 4, 7], "rotation": 270, "texture": "#cross"},
				"west": {"uv": [5, 16, 9, 4], "rotation": 270, "texture": "#cross"},
				"up": {"uv": [5, 16, 9, 4], "texture": "#cross"},
				"down": {"uv": [5, 16, 9, 4], "rotation": 180, "texture": "#cross"}
			}
		},
		{
			"from": [8.73, 11.15, 11.54],
			"to": [14.45, 14.39, 14.78],
			"rotation": {"angle": 45, "axis": "y", "origin": [13.89, 7.79, 16.02]},
			"faces": {
				"north": {"uv": [6, 4, 11, 12], "rotation": 270, "texture": "#cross"},
				"east": {"uv": [9, 7, 4, 2], "rotation": 270, "texture": "#cross"},
				"south": {"uv": [4, 4, 9, 12], "rotation": 90, "texture": "#cross"},
				"west": {"uv": [11, 16, 6, 12], "rotation": 270, "texture": "#cross"},
				"up": {"uv": [9, 12, 5, 4], "rotation": 270, "texture": "#cross"},
				"down": {"uv": [11, 12, 6, 4], "rotation": 270, "texture": "#cross"}
			}
		},
		{
			"from": [2.98, 11.4, 11.36],
			"to": [5.22, 13.64, 16.08],
			"rotation": {"angle": -45, "axis": "y", "origin": [0.74, 8.04, 15.52]},
			"faces": {
				"north": {"uv": [11, 16, 6, 12], "rotation": 270, "texture": "#cross"},
				"east": {"uv": [5, 4, 9, 14], "rotation": 270, "texture": "#cross"},
				"south": {"uv": [9, 7, 4, 2], "rotation": 270, "texture": "#cross"},
				"west": {"uv": [5, 4, 9, 14], "rotation": 90, "texture": "#cross"},
				"up": {"uv": [9, 14, 5, 4], "texture": "#cross"},
				"down": {"uv": [9, 14, 5, 4], "rotation": 180, "texture": "#cross"}
			}
		},
		{
			"from": [2.88, 8.4, 10.46],
			"to": [5.12, 10.64, 15.18],
			"rotation": {"angle": -45, "axis": "y", "origin": [0.64, 5.04, 14.62]},
			"faces": {
				"north": {"uv": [11, 16, 6, 12], "rotation": 270, "texture": "#cross"},
				"east": {"uv": [5, 4, 9, 14], "rotation": 270, "texture": "#cross"},
				"south": {"uv": [9, 7, 4, 2], "rotation": 270, "texture": "#cross"},
				"west": {"uv": [5, 4, 9, 14], "rotation": 90, "texture": "#cross"},
				"up": {"uv": [9, 14, 5, 4], "texture": "#cross"},
				"down": {"uv": [9, 14, 5, 4], "rotation": 180, "texture": "#cross"}
			}
		},
		{
			"from": [9.78, 9.3, 11.36],
			"to": [12.02, 11.54, 16.08],
			"rotation": {"angle": 45, "axis": "y", "origin": [14.26, 5.94, 15.52]},
			"faces": {
				"north": {"uv": [11, 12, 6, 16], "rotation": 270, "texture": "#cross"},
				"east": {"uv": [5, 14, 9, 4], "rotation": 90, "texture": "#cross"},
				"south": {"uv": [9, 2, 4, 7], "rotation": 270, "texture": "#cross"},
				"west": {"uv": [5, 14, 9, 4], "rotation": 270, "texture": "#cross"},
				"up": {"uv": [5, 14, 9, 4], "texture": "#cross"},
				"down": {"uv": [5, 14, 9, 4], "rotation": 180, "texture": "#cross"}
			}
		},
		{
			"from": [2.83, 9.4, 14.67],
			"to": [5.07, 11.64, 18.39],
			"rotation": {"angle": 45, "axis": "y", "origin": [0.59, 6.04, 15.23]},
			"faces": {
				"north": {"uv": [9, 2, 4, 7], "rotation": 270, "texture": "#cross"},
				"east": {"uv": [5, 13, 10, 4], "rotation": 270, "texture": "#cross"},
				"south": {"uv": [11, 12, 6, 16], "rotation": 270, "texture": "#cross"},
				"west": {"uv": [4, 13, 9, 4], "rotation": 90, "texture": "#cross"},
				"up": {"uv": [10, 4, 5, 13], "texture": "#cross"},
				"down": {"uv": [11, 4, 6, 13], "rotation": 180, "texture": "#cross"}
			}
		},
		{
			"from": [2.83, 16, 14.67],
			"to": [5.07, 18.24, 18.39],
			"rotation": {"angle": 45, "axis": "y", "origin": [0.59, 12.64, 15.23]},
			"faces": {
				"north": {"uv": [9, 2, 4, 7], "rotation": 270, "texture": "#cross"},
				"east": {"uv": [5, 13, 10, 4], "rotation": 270, "texture": "#cross"},
				"south": {"uv": [11, 12, 6, 16], "rotation": 270, "texture": "#cross"},
				"west": {"uv": [4, 13, 9, 4], "rotation": 90, "texture": "#cross"},
				"up": {"uv": [10, 4, 5, 13], "texture": "#cross"},
				"down": {"uv": [11, 4, 6, 13], "rotation": 180, "texture": "#cross"}
			}
		},
		{
			"from": [11.25, 8.9, 12.75],
			"to": [14.97, 11.14, 14.99],
			"rotation": {"angle": 22.5, "axis": "y", "origin": [14.41, 5.54, 17.23]},
			"faces": {
				"north": {"uv": [5, 4, 10, 13], "rotation": 270, "texture": "#cross"},
				"east": {"uv": [9, 7, 4, 2], "rotation": 270, "texture": "#cross"},
				"south": {"uv": [4, 4, 9, 13], "rotation": 90, "texture": "#cross"},
				"west": {"uv": [11, 16, 6, 12], "rotation": 270, "texture": "#cross"},
				"up": {"uv": [5, 4, 10, 13], "rotation": 90, "texture": "#cross"},
				"down": {"uv": [6, 4, 11, 13], "rotation": 90, "texture": "#cross"}
			}
		},
		{
			"from": [10.93, 16.9, 14.67],
			"to": [13.17, 19.14, 18.39],
			"rotation": {"angle": -45, "axis": "y", "origin": [15.41, 13.54, 15.23]},
			"faces": {
				"north": {"uv": [9, 7, 4, 2], "rotation": 270, "texture": "#cross"},
				"east": {"uv": [4, 4, 9, 13], "rotation": 90, "texture": "#cross"},
				"south": {"uv": [11, 16, 6, 12], "rotation": 270, "texture": "#cross"},
				"west": {"uv": [5, 4, 10, 13], "rotation": 270, "texture": "#cross"},
				"up": {"uv": [5, 4, 10, 13], "texture": "#cross"},
				"down": {"uv": [6, 4, 11, 13], "rotation": 180, "texture": "#cross"}
			}
		},
		{
			"from": [3.31, 14.26, 10.36],
			"to": [5.55, 16.5, 17.08],
			"rotation": {"angle": -45, "axis": "x", "origin": [8.91, 18.74, 16.52]},
			"faces": {
				"north": {"uv": [6, 16, 11, 12], "rotation": 180, "texture": "#cross"},
				"east": {"uv": [5, 16, 9, 4], "rotation": 90, "texture": "#cross"},
				"south": {"uv": [4, 7, 9, 2], "texture": "#cross"},
				"west": {"uv": [5, 16, 9, 4], "rotation": 270, "texture": "#cross"},
				"up": {"uv": [9, 4, 5, 16], "rotation": 180, "texture": "#cross"},
				"down": {"uv": [9, 4, 5, 16], "texture": "#cross"}
			}
		},
		{
			"from": [5.7, 22.1, 14],
			"to": [8.9, 25.3, 17.6],
			"rotation": {"angle": 45, "axis": "z", "origin": [12.1, 17.3, 16.8]},
			"faces": {
				"north": {"uv": [11, 12, 6, 16], "rotation": 270, "texture": "#cross"},
				"east": {"uv": [5, 9, 9, 4], "rotation": 90, "texture": "#cross"},
				"south": {"uv": [9, 2, 4, 7], "rotation": 270, "texture": "#cross"},
				"west": {"uv": [5, 9, 9, 4], "rotation": 270, "texture": "#cross"},
				"up": {"uv": [5, 9, 9, 4], "texture": "#cross"},
				"down": {"uv": [5, 9, 9, 4], "rotation": 180, "texture": "#cross"}
			}
		},
		{
			"from": [2.7, 5.85, 17.15],
			"to": [5.9, 9.05, 21.75],
			"rotation": {"angle": -45, "axis": "y", "origin": [9.1, 1.05, 20.95]},
			"faces": {
				"north": {"uv": [11, 12, 6, 16], "rotation": 270, "texture": "#cross"},
				"east": {"uv": [6, 10, 10, 4], "rotation": 90, "texture": "#cross"},
				"south": {"uv": [5, 4, 9, 8], "rotation": 270, "texture": "#cross"},
				"west": {"uv": [5, 10, 9, 4], "rotation": 270, "texture": "#cross"},
				"up": {"uv": [5, 10, 9, 4], "texture": "#cross"},
				"down": {"uv": [5, 10, 9, 4], "rotation": 180, "texture": "#cross"}
			}
		},
		{
			"from": [10.1, 15.85, 18.95],
			"to": [13.3, 19.05, 23.55],
			"rotation": {"angle": 45, "axis": "y", "origin": [6.9, 11.05, 22.75]},
			"faces": {
				"north": {"uv": [11, 16, 6, 12], "rotation": 270, "texture": "#cross"},
				"east": {"uv": [5, 4, 9, 10], "rotation": 270, "texture": "#cross"},
				"south": {"uv": [5, 8, 9, 4], "rotation": 270, "texture": "#cross"},
				"west": {"uv": [6, 4, 10, 10], "rotation": 90, "texture": "#cross"},
				"up": {"uv": [9, 10, 5, 4], "texture": "#cross"},
				"down": {"uv": [9, 10, 5, 4], "rotation": 180, "texture": "#cross"}
			}
		},
		{
			"from": [7.5, 17.4, 16.35],
			"to": [10.7, 21.6, 19.95],
			"rotation": {"angle": 22.5, "axis": "x", "origin": [15.5, 24.8, 19.15]},
			"faces": {
				"north": {"uv": [5, 11, 9, 6], "rotation": 180, "texture": "#cross"},
				"east": {"uv": [9, 4, 4, 9], "texture": "#cross"},
				"south": {"uv": [5, 7, 9, 2], "texture": "#cross"},
				"west": {"uv": [5, 10, 9, 4], "rotation": 270, "texture": "#cross"},
				"up": {"uv": [5, 9, 9, 4], "texture": "#cross"},
				"down": {"uv": [5, 9, 9, 5], "rotation": 180, "texture": "#cross"}
			}
		},
		{
			"from": [9.5, 5, 16.4],
			"to": [12.7, 8.2, 19],
			"rotation": {"angle": 22.5, "axis": "x", "origin": [17.5, 11.4, 18.2]},
			"faces": {
				"north": {"uv": [5, 10, 9, 6], "rotation": 180, "texture": "#cross"},
				"east": {"uv": [8, 4, 5, 8], "texture": "#cross"},
				"south": {"uv": [4, 7, 8, 3], "texture": "#cross"},
				"west": {"uv": [5, 7, 9, 4], "rotation": 270, "texture": "#cross"},
				"up": {"uv": [5, 8, 8, 4], "texture": "#cross"},
				"down": {"uv": [5, 8, 9, 5], "rotation": 180, "texture": "#cross"}
			}
		},
		{
			"from": [7.73795, 4, 13.7],
			"to": [9.73795, 22, 15.7],
			"rotation": {"angle": 22.5, "axis": "y", "origin": [8.73795, 8, 8.7]},
			"faces": {
				"north": {"uv": [0, 0, 1.5, 14.5], "texture": "#2"},
				"east": {"uv": [2, 0, 3.5, 14.5], "texture": "#2"},
				"south": {"uv": [4, 0, 5.5, 14.5], "texture": "#2"},
				"west": {"uv": [2, 0, 3.5, 14.5], "texture": "#2"},
				"up": {"uv": [0, 2.5, 1.5, 4], "texture": "#2"},
				"down": {"uv": [11, 2.5, 12.5, 4], "texture": "#2"}
			}
		},
		{
			"from": [5.49285, 1.45, 13.64984],
			"to": [10.49285, 21.45, 15.64984],
			"rotation": {"angle": 0, "axis": "y", "origin": [6.49285, 8.45, 8.54984]},
			"faces": {
				"north": {"uv": [4, 0, 8, 16], "texture": "#2"},
				"east": {"uv": [2, 0, 3.5, 16], "texture": "#2"},
				"south": {"uv": [9, 0, 13, 15.5], "texture": "#2"},
				"west": {"uv": [2, 0, 3.5, 16], "texture": "#2"},
				"up": {"uv": [0, 2.5, 4, 4], "texture": "#2"},
				"down": {"uv": [0, 2.5, 4, 4], "texture": "#2"}
			}
		},
		{
			"from": [6.24776, 4, 13.7],
			"to": [8.24776, 22, 15.7],
			"rotation": {"angle": -22.5, "axis": "y", "origin": [7.24776, 8, 8.7]},
			"faces": {
				"north": {"uv": [14.5, 0, 16, 14.5], "texture": "#2"},
				"east": {"uv": [2, 0, 3.5, 16], "texture": "#2"},
				"south": {"uv": [1.5, 0, 3, 14.5], "texture": "#2"},
				"west": {"uv": [2, 0, 3.5, 14.5], "texture": "#2"},
				"up": {"uv": [0, 1.5, 1.5, 3], "texture": "#2"},
				"down": {"uv": [1.5, 6, 3, 7.5], "texture": "#2"}
			}
		},
		{
			"from": [0.25, 12.6, 13.954],
			"to": [3.362, 14.976, 16.066],
			"rotation": {"angle": 22.5, "axis": "z", "origin": [5.474, 14.448, 10.786]},
			"faces": {
				"north": {"uv": [4, 4, 9, 10], "rotation": 270, "texture": "#cross"},
				"east": {"uv": [5, 4, 9, 10], "texture": "#cross"},
				"south": {"uv": [5, 4, 9, 10], "texture": "#cross"},
				"west": {"uv": [5, 4, 9, 10], "texture": "#cross"},
				"up": {"uv": [9, 9, 5, 3], "rotation": 90, "texture": "#cross"},
				"down": {"uv": [9, 10, 5, 4], "rotation": 270, "texture": "#cross"}
			}
		},
		{
			"from": [11.588, 15.6, 13.954],
			"to": [15.7, 17.976, 16.066],
			"rotation": {"angle": -22.5, "axis": "z", "origin": [10.476, 17.448, 10.786]},
			"faces": {
				"north": {"uv": [6, 12, 11, 4], "rotation": 90, "texture": "#cross"},
				"east": {"uv": [8, 4, 4, 9], "texture": "#cross"},
				"south": {"uv": [11, 4, 4, 9], "texture": "#cross"},
				"west": {"uv": [9, 4, 5, 10], "texture": "#cross"},
				"up": {"uv": [8, 4, 4, 12], "rotation": 90, "texture": "#cross"},
				"down": {"uv": [9, 4, 5, 12], "rotation": 270, "texture": "#cross"}
			}
		},
		{
			"name": "32",
			"from": [4.17168, 3.8322, 14.3764],
			"to": [6.87768, 7.2442, 16.5412],
			"rotation": {"angle": -45, "axis": "z", "origin": [1.46568, 4.3734, 18.706]},
			"faces": {
				"north": {"uv": [10, 10, 5, 4], "texture": "#cross"},
				"east": {"uv": [9, 10, 5, 4], "texture": "#cross"},
				"south": {"uv": [10, 10, 5, 4], "texture": "#cross"},
				"west": {"uv": [9, 10, 5, 4], "texture": "#cross"},
				"up": {"uv": [11, 16, 6, 12], "texture": "#cross"},
				"down": {"uv": [11, 15, 6, 10], "texture": "#cross"}
			}
		},
		{
			"name": "31",
			"from": [2.99642, 0.16684, 14.43052],
			"to": [4.90686, 2.07728, 16.48708],
			"rotation": {"angle": 0, "axis": "y", "origin": [-0.86859, -2.25232, 18.706]},
			"faces": {
				"north": {"uv": [8, 9, 4, 5], "rotation": 270, "texture": "#cross"},
				"east": {"uv": [0, 0, 0, 0], "texture": "#cross"},
				"south": {"uv": [8, 9, 4, 5], "texture": "#cross"},
				"west": {"uv": [8, 6, 4, 2], "rotation": 270, "texture": "#cross"},
				"up": {"uv": [0, 0, 0, 0], "texture": "#cross"},
				"down": {"uv": [8, 6, 4, 2], "texture": "#cross"}
			}
		},
		{
			"name": "33",
			"from": [7.82232, 4.0822, 14.3764],
			"to": [10.52832, 7.4942, 16.5412],
			"rotation": {"angle": 45, "axis": "z", "origin": [13.23432, 4.6234, 18.706]},
			"faces": {
				"north": {"uv": [5, 10, 10, 4], "texture": "#cross"},
				"east": {"uv": [5, 10, 9, 4], "texture": "#cross"},
				"south": {"uv": [5, 10, 10, 4], "texture": "#cross"},
				"west": {"uv": [5, 10, 9, 4], "texture": "#cross"},
				"up": {"uv": [6, 16, 11, 12], "texture": "#cross"},
				"down": {"uv": [6, 15, 11, 10], "texture": "#cross"}
			}
		},
		{
			"name": "32",
			"from": [9.79314, 0.41684, 14.43052],
			"to": [11.70358, 2.32728, 16.48708],
			"rotation": {"angle": 0, "axis": "y", "origin": [15.56859, -2.00232, 18.706]},
			"faces": {
				"north": {"uv": [8, 5, 4, 9], "rotation": 270, "texture": "#cross"},
				"east": {"uv": [8, 2, 4, 6], "rotation": 270, "texture": "#cross"},
				"south": {"uv": [4, 9, 8, 5], "texture": "#cross"},
				"west": {"uv": [0, 0, 0, 0], "texture": "#cross"},
				"up": {"uv": [0, 0, 0, 0], "texture": "#cross"},
				"down": {"uv": [4, 6, 8, 2], "texture": "#cross"}
			}
		},
		{
			"from": [4.996, 3.1696, 13.3008],
			"to": [7.5304, 6.1528, 15.8352],
			"rotation": {"angle": -22.5, "axis": "y", "origin": [1.1944, 4.5192, 10.7664]},
			"faces": {
				"north": {"uv": [4, 4, 9, 9], "texture": "#cross"},
				"east": {"uv": [4, 4, 9, 9], "texture": "#cross"},
				"south": {"uv": [4, 4, 9, 9], "texture": "#cross"},
				"west": {"uv": [4, 4, 9, 9], "texture": "#cross"},
				"up": {"uv": [9, 7, 4, 2], "texture": "#cross"},
				"down": {"uv": [11, 16, 6, 11], "texture": "#cross"}
			}
		},
		{
			"from": [7.4696, 3.1696, 10.5508],
			"to": [10.004, 6.1528, 13.0852],
			"rotation": {"angle": 22.5, "axis": "y", "origin": [13.8056, 4.5192, 8.0164]},
			"faces": {
				"north": {"uv": [9, 4, 4, 9], "texture": "#cross"},
				"east": {"uv": [9, 4, 4, 9], "texture": "#cross"},
				"south": {"uv": [9, 4, 4, 9], "texture": "#cross"},
				"west": {"uv": [9, 4, 4, 9], "texture": "#cross"},
				"up": {"uv": [4, 7, 9, 2], "texture": "#cross"},
				"down": {"uv": [4, 7, 9, 2], "texture": "#cross"}
			}
		},
		{
			"from": [8.58, 2.9, 11.36],
			"to": [10.82, 5.14, 15.08],
			"rotation": {"angle": 45, "axis": "y", "origin": [13.06, -0.46, 14.52]},
			"faces": {
				"north": {"uv": [11, 12, 6, 16], "rotation": 270, "texture": "#cross"},
				"east": {"uv": [4, 13, 9, 4], "rotation": 90, "texture": "#cross"},
				"south": {"uv": [9, 2, 4, 7], "rotation": 270, "texture": "#cross"},
				"west": {"uv": [6, 13, 11, 4], "rotation": 270, "texture": "#cross"},
				"up": {"uv": [5, 13, 10, 4], "texture": "#cross"},
				"down": {"uv": [5, 13, 10, 4], "rotation": 180, "texture": "#cross"}
			}
		},
		{
			"from": [4.93, 3, 14.67],
			"to": [7.17, 5.24, 18.39],
			"rotation": {"angle": 45, "axis": "y", "origin": [2.69, -0.36, 15.23]},
			"faces": {
				"north": {"uv": [9, 2, 4, 7], "rotation": 270, "texture": "#cross"},
				"east": {"uv": [6, 13, 11, 4], "rotation": 270, "texture": "#cross"},
				"south": {"uv": [11, 12, 6, 16], "rotation": 270, "texture": "#cross"},
				"west": {"uv": [4, 13, 9, 4], "rotation": 90, "texture": "#cross"},
				"up": {"uv": [10, 4, 5, 13], "texture": "#cross"},
				"down": {"uv": [10, 4, 5, 13], "rotation": 180, "texture": "#cross"}
			}
		},
		{
			"name": "33",
			"from": [10.00841, 7.6275, 13.68757],
			"to": [13.08342, 13.0275, 16.14758],
			"rotation": {"angle": 45, "axis": "z", "origin": [16.15842, 8.2425, 11.22758]},
			"faces": {
				"north": {"uv": [10, 13, 5, 4], "texture": "#cross"},
				"east": {"uv": [9, 13, 5, 4], "texture": "#cross"},
				"south": {"uv": [10, 13, 5, 4], "texture": "#cross"},
				"west": {"uv": [9, 13, 5, 4], "texture": "#cross"},
				"up": {"uv": [11, 16, 6, 12], "rotation": 180, "texture": "#cross"},
				"down": {"uv": [11, 15, 6, 10], "rotation": 180, "texture": "#cross"}
			}
		},
		{
			"name": "32",
			"from": [12.24798, 3.46232, 13.74908],
			"to": [14.41893, 5.63327, 16.08608],
			"rotation": {"angle": 0, "axis": "y", "origin": [18.811, 0.71327, 11.22758]},
			"faces": {
				"north": {"uv": [8, 9, 4, 5], "texture": "#cross"},
				"east": {"uv": [8, 6, 4, 2], "rotation": 270, "texture": "#cross"},
				"south": {"uv": [8, 9, 4, 5], "rotation": 270, "texture": "#cross"},
				"west": {"uv": [0, 0, 0, 0], "texture": "#cross"},
				"up": {"uv": [0, 0, 0, 0], "rotation": 270, "texture": "#cross"},
				"down": {"uv": [8, 6, 4, 2], "rotation": 180, "texture": "#cross"}
			}
		},
		{
			"name": "34",
			"from": [6.64899, 5.2275, 12.5],
			"to": [9.109, 10.6275, 15.57501],
			"rotation": {"angle": 45, "axis": "x", "origin": [4.189, 5.8425, 9.425]},
			"faces": {
				"north": {"uv": [9, 13, 5, 4], "texture": "#cross"},
				"east": {"uv": [10, 13, 5, 4], "texture": "#cross"},
				"south": {"uv": [9, 13, 5, 4], "texture": "#cross"},
				"west": {"uv": [10, 13, 5, 4], "texture": "#cross"},
				"up": {"uv": [6, 12, 11, 16], "rotation": 270, "texture": "#cross"},
				"down": {"uv": [6, 10, 11, 15], "rotation": 90, "texture": "#cross"}
			}
		},
		{
			"name": "33",
			"from": [6.7105, 1.06232, 11.16449],
			"to": [9.0475, 3.23327, 13.33544],
			"rotation": {"angle": 0, "axis": "y", "origin": [4.189, -1.68673, 6.77242]},
			"faces": {
				"north": {"uv": [8, 6, 4, 2], "rotation": 270, "texture": "#cross"},
				"east": {"uv": [8, 9, 4, 5], "rotation": 270, "texture": "#cross"},
				"south": {"uv": [0, 0, 0, 0], "texture": "#cross"},
				"west": {"uv": [8, 9, 4, 5], "texture": "#cross"},
				"up": {"uv": [0, 0, 0, 0], "texture": "#cross"},
				"down": {"uv": [4, 2, 8, 6], "rotation": 90, "texture": "#cross"}
			}
		},
		{
			"name": "34",
			"from": [1.61658, 11.2225, 13.68757],
			"to": [4.69159, 16.6225, 16.14758],
			"rotation": {"angle": 45, "axis": "z", "origin": [-1.45842, 16.0075, 11.22758]},
			"faces": {
				"north": {"uv": [5, 4, 10, 13], "texture": "#cross"},
				"east": {"uv": [5, 4, 9, 13], "texture": "#cross"},
				"south": {"uv": [5, 4, 10, 13], "texture": "#cross"},
				"west": {"uv": [5, 4, 9, 13], "texture": "#cross"},
				"up": {"uv": [6, 10, 11, 15], "rotation": 180, "texture": "#cross"},
				"down": {"uv": [6, 12, 11, 16], "rotation": 180, "texture": "#cross"}
			}
		},
		{
			"name": "33",
			"from": [0.28107, 18.61673, 13.74908],
			"to": [2.45202, 20.78768, 16.08608],
			"rotation": {"angle": 0, "axis": "y", "origin": [-4.111, 23.53673, 11.22758]},
			"faces": {
				"north": {"uv": [4, 5, 8, 9], "texture": "#cross"},
				"east": {"uv": [0, 0, 0, 0], "texture": "#cross"},
				"south": {"uv": [4, 5, 8, 9], "rotation": 270, "texture": "#cross"},
				"west": {"uv": [4, 2, 8, 6], "rotation": 270, "texture": "#cross"},
				"up": {"uv": [4, 2, 8, 6], "rotation": 180, "texture": "#cross"},
				"down": {"uv": [0, 0, 0, 0], "rotation": 270, "texture": "#cross"}
			}
		},
		{
			"name": "35",
			"from": [9.50841, 12.2225, 13.68757],
			"to": [12.58342, 17.6225, 16.14758],
			"rotation": {"angle": -45, "axis": "z", "origin": [15.65842, 17.0075, 11.22758]},
			"faces": {
				"north": {"uv": [10, 4, 5, 13], "texture": "#cross"},
				"east": {"uv": [9, 4, 5, 13], "texture": "#cross"},
				"south": {"uv": [10, 4, 5, 13], "texture": "#cross"},
				"west": {"uv": [9, 4, 5, 13], "texture": "#cross"},
				"up": {"uv": [11, 10, 6, 15], "rotation": 180, "texture": "#cross"},
				"down": {"uv": [11, 12, 6, 16], "rotation": 180, "texture": "#cross"}
			}
		},
		{
			"name": "34",
			"from": [11.74798, 19.61673, 13.74908],
			"to": [13.91893, 21.78768, 16.08608],
			"rotation": {"angle": 0, "axis": "y", "origin": [18.311, 24.53673, 11.22758]},
			"faces": {
				"north": {"uv": [8, 5, 4, 9], "texture": "#cross"},
				"east": {"uv": [4, 6, 8, 2], "rotation": 270, "texture": "#cross"},
				"south": {"uv": [4, 9, 8, 5], "rotation": 270, "texture": "#cross"},
				"west": {"uv": [0, 0, 0, 0], "texture": "#cross"},
				"up": {"uv": [8, 2, 4, 6], "rotation": 180, "texture": "#cross"},
				"down": {"uv": [0, 0, 0, 0], "rotation": 270, "texture": "#cross"}
			}
		},
		{
			"name": "34",
			"from": [1.61658, 7.6275, 13.68757],
			"to": [4.69159, 13.0275, 16.14758],
			"rotation": {"angle": -45, "axis": "z", "origin": [-1.45842, 8.2425, 11.22758]},
			"faces": {
				"north": {"uv": [5, 13, 10, 4], "texture": "#cross"},
				"east": {"uv": [5, 13, 9, 4], "texture": "#cross"},
				"south": {"uv": [5, 13, 10, 4], "texture": "#cross"},
				"west": {"uv": [5, 13, 9, 4], "texture": "#cross"},
				"up": {"uv": [6, 16, 11, 12], "rotation": 180, "texture": "#cross"},
				"down": {"uv": [6, 15, 11, 10], "rotation": 180, "texture": "#cross"}
			}
		},
		{
			"name": "33",
			"from": [0.28107, 3.46232, 13.74908],
			"to": [2.45202, 5.63327, 16.08608],
			"rotation": {"angle": 0, "axis": "y", "origin": [-4.111, 0.71327, 11.22758]},
			"faces": {
				"north": {"uv": [4, 9, 8, 5], "texture": "#cross"},
				"east": {"uv": [0, 0, 0, 0], "texture": "#cross"},
				"south": {"uv": [8, 5, 4, 9], "rotation": 270, "texture": "#cross"},
				"west": {"uv": [8, 2, 4, 6], "rotation": 270, "texture": "#cross"},
				"up": {"uv": [0, 0, 0, 0], "rotation": 270, "texture": "#cross"},
				"down": {"uv": [4, 6, 8, 2], "rotation": 180, "texture": "#cross"}
			}
		},
		{
			"from": [7, 13, 9.75],
			"to": [9, 14, 14.75],
			"rotation": {"angle": 0, "axis": "y", "origin": [15, 18, 21.75]},
			"faces": {
				"north": {"uv": [0, 0, 2, 1], "texture": "#cross"},
				"east": {"uv": [3, 10, 8, 11], "texture": "#cross"},
				"south": {"uv": [4, 2, 6, 3], "texture": "#cross"},
				"west": {"uv": [5, 10, 10, 11], "texture": "#cross"},
				"up": {"uv": [6, 6, 8, 11], "texture": "#cross"},
				"down": {"uv": [7, 8, 9, 13], "texture": "#cross"}
			}
		},
		{
			"from": [7, 8, 9.75],
			"to": [9, 9, 14.75],
			"rotation": {"angle": 0, "axis": "y", "origin": [15, 13, 21.75]},
			"faces": {
				"north": {"uv": [4, 6, 6, 7], "texture": "#cross"},
				"east": {"uv": [4, 11, 9, 12], "texture": "#cross"},
				"south": {"uv": [5, 6, 7, 7], "texture": "#cross"},
				"west": {"uv": [3, 14, 8, 15], "texture": "#cross"},
				"up": {"uv": [5, 7, 7, 12], "texture": "#cross"},
				"down": {"uv": [6, 8, 8, 13], "texture": "#cross"}
			}
		},
		{
			"from": [7, 8, 8.75],
			"to": [9, 14, 9.75],
			"rotation": {"angle": 0, "axis": "y", "origin": [15, 18, 21.75]},
			"faces": {
				"north": {"uv": [6, 6, 8, 12], "texture": "#cross"},
				"east": {"uv": [7, 7, 8, 13], "texture": "#cross"},
				"south": {"uv": [7, 8, 9, 14], "texture": "#cross"},
				"west": {"uv": [7, 8, 8, 14], "texture": "#cross"},
				"up": {"uv": [4, 5, 6, 6], "texture": "#cross"},
				"down": {"uv": [11, 14, 13, 15], "texture": "#cross"}
			}
		}
	],
	"display": {
		"thirdperson_righthand": {
			"rotation": [0, 90, 0],
			"translation": [-3.75, -5, 4]
		},
		"thirdperson_lefthand": {
			"rotation": [0, 90, 0],
			"translation": [-3.75, -5, 4]
		},
		"firstperson_righthand": {
			"rotation": [0, -180, 5],
			"translation": [-1, -15, 7.25],
			"scale": [1.25, 1.25, 1.25]
		},
		"firstperson_lefthand": {
			"rotation": [0, -180, 5],
			"translation": [-1, -15, 7.25],
			"scale": [1.25, 1.25, 1.25]
		},
		"ground": {
			"scale": [0.25, 0.25, 0.25]
		},
		"gui": {
			"rotation": [15, -25, -5],
			"translation": [2, -0.75, 0],
			"scale": [0.65, 0.65, 0.65]
		},
		"fixed": {
			"rotation": [0, -180, 0],
			"translation": [0, -12, 9.25],
			"scale": [2, 2, 2]
		}
	}
}