{
  "parent": "minecraft:item/generated",
  "textures": {
    "layer0": "minecraft:item/totem_of_undying"
  },
  "overrides" :[
    {"predicate":{"custom_model_data":10001},"model":"item/bstt_001"},
    {"predicate":{"custom_model_data":10002},"model":"item/bstt_002"},
    {"predicate":{"custom_model_data":10003},"model":"item/bstt_003"},
    {"predicate":{"custom_model_data":10004},"model":"item/bstt_004"},
    {"predicate":{"custom_model_data":10005},"model":"item/bstt_005"},
    {"predicate":{"custom_model_data":10006},"model":"item/bstt_006"},
    {"predicate":{"custom_model_data":10007},"model":"item/bstt_007"},
    {"predicate":{"custom_model_data":10008},"model":"item/bstt_008"},
    {"predicate":{"custom_model_data":10009},"model":"item/bstt_009"},
    {"predicate":{"custom_model_data":10010},"model":"item/bstt_010"},
    {"predicate":{"custom_model_data":10011},"model":"item/bstt_011"},
    {"predicate":{"custom_model_data":10012},"model":"item/bstt_012"},
    {"predicate":{"custom_model_data":10013},"model":"item/bstt_013"},
    {"predicate":{"custom_model_data":10014},"model":"item/bstt_014"},
    {"predicate":{"custom_model_data":10015},"model":"item/bstt_015"},
    {"predicate":{"custom_model_data":10016},"model":"item/bstt_016"},
    {"predicate":{"custom_model_data":10017},"model":"item/bstt_017"},
    {"predicate":{"custom_model_data":10018},"model":"item/bstt_018"},
    {"predicate":{"custom_model_data":10019},"model":"item/bstt_019"},
    {"predicate":{"custom_model_data":10020},"model":"item/bstt_020"},
    {"predicate":{"custom_model_data":10021},"model":"item/bstt_021"},
    {"predicate":{"custom_model_data":10022},"model":"item/bstt_022"},
    {"predicate":{"custom_model_data":10023},"model":"item/bstt_023"},
    {"predicate":{"custom_model_data":10024},"model":"item/bstt_024"},
    {"predicate":{"custom_model_data":10025},"model":"item/bstt_025"},
    {"predicate":{"custom_model_data":10026},"model":"item/bstt_026"},
    {"predicate":{"custom_model_data":10027},"model":"item/bstt_027"},
    {"predicate":{"custom_model_data":10028},"model":"item/bstt_028"},
    {"predicate":{"custom_model_data":10029},"model":"item/bstt_029"},
    {"predicate":{"custom_model_data":10030},"model":"item/bstt_030"},
    {"predicate":{"custom_model_data":10031},"model":"item/bstt_031"},
    {"predicate":{"custom_model_data":10032},"model":"item/bstt_032"},
    {"predicate":{"custom_model_data":10033},"model":"item/bstt_033"},
    {"predicate":{"custom_model_data":10034},"model":"item/bstt_034"},
    {"predicate":{"custom_model_data":10035},"model":"item/bstt_035"},
    {"predicate":{"custom_model_data":10036},"model":"item/bstt_036"},
    {"predicate":{"custom_model_data":10037},"model":"item/bstt_037"},
    {"predicate":{"custom_model_data":10038},"model":"item/bstt_038"},
    {"predicate":{"custom_model_data":10039},"model":"item/bstt_039"},
    {"predicate":{"custom_model_data":10040},"model":"item/bstt_040"},
    {"predicate":{"custom_model_data":10041},"model":"item/bstt_041"},
    {"predicate":{"custom_model_data":10042},"model":"item/bstt_042"},
    {"predicate":{"custom_model_data":10043},"model":"item/bstt_043"},
    {"predicate":{"custom_model_data":10044},"model":"item/bstt_044"},
    {"predicate":{"custom_model_data":10045},"model":"item/bstt_045"},
    {"predicate":{"custom_model_data":10046},"model":"item/bstt_046"},
    {"predicate":{"custom_model_data":10047},"model":"item/bstt_047"},
    {"predicate":{"custom_model_data":10048},"model":"item/bstt_048"},
    {"predicate":{"custom_model_data":10049},"model":"item/bstt_049"},
    {"predicate":{"custom_model_data":10050},"model":"item/bstt_050"},
    {"predicate":{"custom_model_data":10051},"model":"item/bstt_051"},
    {"predicate":{"custom_model_data":10052},"model":"item/bstt_052"},
    {"predicate":{"custom_model_data":10053},"model":"item/bstt_053"},
    {"predicate":{"custom_model_data":10054},"model":"item/bstt_054"},
    {"predicate":{"custom_model_data":10055},"model":"item/bstt_055"},
    {"predicate":{"custom_model_data":10056},"model":"item/bstt_056"},
    {"predicate":{"custom_model_data":10057},"model":"item/bstt_057"},
    {"predicate":{"custom_model_data":10058},"model":"item/bstt_058"},
    {"predicate":{"custom_model_data":10059},"model":"item/bstt_059"},
    {"predicate":{"custom_model_data":10060},"model":"item/bstt_060"},
    {"predicate":{"custom_model_data":10061},"model":"item/bstt_061"},
    {"predicate":{"custom_model_data":10062},"model":"item/bstt_062"},
    {"predicate":{"custom_model_data":10063},"model":"item/bstt_063"},
    {"predicate":{"custom_model_data":10064},"model":"item/bstt_064"},
    {"predicate":{"custom_model_data":10065},"model":"item/bstt_065"},
    {"predicate":{"custom_model_data":10066},"model":"item/bstt_066"},
    {"predicate":{"custom_model_data":10067},"model":"item/bstt_067"},
    {"predicate":{"custom_model_data":10068},"model":"item/bstt_068"},
    {"predicate":{"custom_model_data":10069},"model":"item/bstt_069"},
    {"predicate":{"custom_model_data":10070},"model":"item/bstt_070"},
    {"predicate":{"custom_model_data":10071},"model":"item/bstt_071"},
    {"predicate":{"custom_model_data":10072},"model":"item/bstt_072"},
    {"predicate":{"custom_model_data":10073},"model":"item/bstt_073"},
    {"predicate":{"custom_model_data":10074},"model":"item/bstt_074"},
    {"predicate":{"custom_model_data":10075},"model":"item/bstt_075"},
    {"predicate":{"custom_model_data":10076},"model":"item/bstt_076"},
    {"predicate":{"custom_model_data":10077},"model":"item/bstt_077"},
    {"predicate":{"custom_model_data":10078},"model":"item/bstt_078"},
    {"predicate":{"custom_model_data":10079},"model":"item/bstt_079"},
    {"predicate":{"custom_model_data":10080},"model":"item/bstt_080"},
    {"predicate":{"custom_model_data":10081},"model":"item/bstt_081"},
    {"predicate":{"custom_model_data":10082},"model":"item/bstt_082"},
    {"predicate":{"custom_model_data":10083},"model":"item/bstt_083"},
    {"predicate":{"custom_model_data":10084},"model":"item/bstt_084"},
    {"predicate":{"custom_model_data":10085},"model":"item/bstt_085"},
    {"predicate":{"custom_model_data":10086},"model":"item/bstt_086"},
    {"predicate":{"custom_model_data":10087},"model":"item/bstt_087"},
    {"predicate":{"custom_model_data":10088},"model":"item/bstt_088"},
    {"predicate":{"custom_model_data":10089},"model":"item/bstt_089"},
    {"predicate":{"custom_model_data":10090},"model":"item/bstt_090"},
    {"predicate":{"custom_model_data":10091},"model":"item/bstt_091"},
    {"predicate":{"custom_model_data":10092},"model":"item/bstt_092"},
    {"predicate":{"custom_model_data":10093},"model":"item/bstt_093"},
    {"predicate":{"custom_model_data":10094},"model":"item/bstt_094"},
    {"predicate":{"custom_model_data":10095},"model":"item/bstt_095"},
    {"predicate":{"custom_model_data":10096},"model":"item/bstt_096"},
    {"predicate":{"custom_model_data":10097},"model":"item/bstt_097"},
    {"predicate":{"custom_model_data":10098},"model":"item/bstt_098"},
    {"predicate":{"custom_model_data":10099},"model":"item/bstt_099"},
    {"predicate":{"custom_model_data":10100},"model":"item/bstt_100"}
  ]
}