{
    "pools": [
        {
            "rolls": 1,
            "entries": [
                {
                    "type": "item",
                    "name": "minecraft:stick",
                    "functions": [
                        {
                            "function": "copy_nbt",
                            "source": "this",
                            "ops": [
                                {
                                    "op": "replace",
                                    "source": "SelectedItem.id",
                                    "target": "Items[0].id"
                                }
                            ]
                        }
                    ]
                }
            ]
        }
    ]
}